timestamp,load_kw,solar_kw,grid_price
2025-01-01 00:00:00,1.5457611312376272,0.0,4.921448910652307
2025-01-01 01:00:00,1.344592887624909,0.0,4.712610733242899
2025-01-01 02:00:00,1.6172943467686638,0.0,5.083436365918814
2025-01-01 03:00:00,1.6685581657928918,0.0,5.131694358640107
2025-01-01 04:00:00,1.3233018324015937,0.0,5.180215855788218
2025-01-01 05:00:00,1.660064712864741,0.0,4.241891395148721
2025-01-01 06:00:00,2.3101147140322804,0.0,8.947326855147548
2025-01-01 07:00:00,2.7307795759357165,0.763150854414819,8.33974240041309
2025-01-01 08:00:00,2.9974834495715745,1.3827259901945572,7.9406408888781
2025-01-01 09:00:00,2.650296457659592,1.89664380100244,7.784456710951744
2025-01-01 10:00:00,2.4231568568042134,2.2501837339775617,6.296191708223882
2025-01-01 11:00:00,1.9741003979252052,2.5422102945032363,6.148618384510362
2025-01-01 12:00:00,1.636662313984367,2.6945719195574767,6.027644246410353
2025-01-01 13:00:00,1.7423487366001418,2.7673011940415084,6.137500390092243
2025-01-01 14:00:00,1.7302943787907643,2.3007458594633508,5.966184118732616
2025-01-01 15:00:00,1.794229922643662,1.9758002707052478,6.120558679715191
2025-01-01 16:00:00,2.4750647898154434,1.1851268232736811,6.217908855286051
2025-01-01 17:00:00,2.9591221098133365,0.7767373826840517,12.102995062224608
2025-01-01 18:00:00,3.8688660060347773,2.6261639732078927e-16,12.087276569496575
2025-01-01 19:00:00,3.9925111192154694,0.0,12.417858039963354
2025-01-01 20:00:00,3.709368937652028,0.0,11.520867864174463
2025-01-01 21:00:00,3.000811539417004,0.0,11.76063531643247
2025-01-01 22:00:00,2.603079803729746,0.0,5.007968205794307
2025-01-01 23:00:00,1.8993538662048453,0.0,4.781039725121228
2025-01-02 00:00:00,1.4358043959499964,0.0,4.881190238526818
2025-01-02 01:00:00,1.4477704709877488,0.0,5.386322534867014
2025-01-02 02:00:00,1.5845730452306974,0.0,4.955308707812683
2025-01-02 03:00:00,1.5822900679888214,0.0,4.451236691685808
2025-01-02 04:00:00,1.6778670024390676,0.0,4.872997481199716
2025-01-02 05:00:00,1.9200147893452713,0.0,5.017433952240162
2025-01-02 06:00:00,2.6121857936877566,0.0,8.011906859736898
2025-01-02 07:00:00,2.7172537123295615,0.6060229287873905,8.166811232403925
2025-01-02 08:00:00,2.923167213836487,1.2809982661688561,8.142316572426642
2025-01-02 09:00:00,2.6561871375584474,1.5168190499392344,7.958352170442204
2025-01-02 10:00:00,2.3836440739611136,1.8413352921723973,5.64208807252637
2025-01-02 11:00:00,2.026777451518997,2.664524604756184,5.867658224508731
2025-01-02 12:00:00,1.6096655907019533,2.2255130668917054,5.81316703301346
2025-01-02 13:00:00,1.4472390840105578,2.5262954363938337,5.914468859194123
2025-01-02 14:00:00,1.5364957950992715,2.3815216214620634,6.207350560577366
2025-01-02 15:00:00,2.0207127102498528,1.5184349269822488,6.121230824869126
2025-01-02 16:00:00,2.531240297883585,1.262741800002684,6.247201714122506
2025-01-02 17:00:00,3.1844276401834657,0.7089525192421641,11.884775038919162
2025-01-02 18:00:00,3.637272004745382,3.583072411656913e-16,12.45250823048542
2025-01-02 19:00:00,4.0348242043234155,0.0,12.201851553779017
2025-01-02 20:00:00,3.7546011635549266,0.0,12.033670404552588
2025-01-02 21:00:00,3.135754260586947,0.0,12.181003975313391
2025-01-02 22:00:00,2.5504129196208702,0.0,4.797271875610691
2025-01-02 23:00:00,1.956072620831368,0.0,4.367373735211873
2025-01-03 00:00:00,1.6018906037352467,0.0,4.817991089279067
2025-01-03 01:00:00,1.5107273639843168,0.0,5.224237087172651
2025-01-03 02:00:00,1.5480945772011927,0.0,5.024064811906689
2025-01-03 03:00:00,1.6221666922099909,0.0,4.958949658196638
2025-01-03 04:00:00,1.3973837377213194,0.0,4.745647978766682
2025-01-03 05:00:00,1.8074409564404936,0.0,4.413252252225039
2025-01-03 06:00:00,2.2203827554132682,0.0,8.427453686244437
2025-01-03 07:00:00,2.682384287550753,0.6722227578294193,7.937631577456518
2025-01-03 08:00:00,2.958732285513215,1.406313267312056,7.8711386054308425
2025-01-03 09:00:00,3.0024942434807884,2.0312817637942286,7.798506119872438
2025-01-03 10:00:00,2.161372493220803,1.8550819375382823,6.376356743287989
2025-01-03 11:00:00,2.002673360799585,2.118164016246811,6.264405243713815
2025-01-03 12:00:00,1.374327243607814,2.4267976834498315,5.709828160736714
2025-01-03 13:00:00,1.5230298010570706,2.854357615885181,6.349362889513061
2025-01-03 14:00:00,1.6845809372187082,2.15032228853982,5.956478874323619
2025-01-03 15:00:00,2.0110571417800394,2.0701872169734634,5.816837343603832
2025-01-03 16:00:00,2.526436159171997,1.2706494066983196,5.911916283960735
2025-01-03 17:00:00,3.2219565852176753,0.6168995991183435,11.76501082484553
2025-01-03 18:00:00,3.6847897000014207,3.6000016793095264e-16,11.603736869175362
2025-01-03 19:00:00,3.9306472369637224,0.0,12.232839289652576
2025-01-03 20:00:00,3.86579467437239,0.0,11.933788542290559
2025-01-03 21:00:00,3.074255322345353,0.0,12.18516286009358
2025-01-03 22:00:00,2.228345654427953,0.0,5.086163999338864
2025-01-03 23:00:00,1.7525402064146436,0.0,5.164562333405972
2025-01-04 00:00:00,1.3621357263742209,0.0,4.386203958377874
2025-01-04 01:00:00,1.5751646151690477,0.0,4.739971925192895
2025-01-04 02:00:00,1.52609052780828,0.0,5.170809426620554
2025-01-04 03:00:00,1.631046261444375,0.0,4.61755079175921
2025-01-04 04:00:00,1.5518692137491892,0.0,5.111919525143669
2025-01-04 05:00:00,1.879172592555596,0.0,4.582788625994428
2025-01-04 06:00:00,2.384777212652288,0.0,8.004933195048409
2025-01-04 07:00:00,2.7318139838292184,0.6423136531634766,8.482997118180817
2025-01-04 08:00:00,3.0685199088308295,1.1025873363482286,8.232380034599487
2025-01-04 09:00:00,2.678964155635631,1.8759246525315907,7.4447777157677795
2025-01-04 10:00:00,2.2367890835900286,2.564396645236249,6.254511421294856
2025-01-04 11:00:00,1.8001709235111136,2.743319994669525,6.546671468018875
2025-01-04 12:00:00,1.4473817625118286,2.8851731893321872,6.839104803048522
2025-01-04 13:00:00,1.6463084276727742,2.867767171769798,6.142522721240606
2025-01-04 14:00:00,1.5897576264225488,2.3412248568936658,5.590674022834394
2025-01-04 15:00:00,1.9249979098853007,2.1422778116907315,6.130403393407329
2025-01-04 16:00:00,2.491864171038955,1.0771387625654967,6.4788100795024395
2025-01-04 17:00:00,3.169934176342178,0.7464129676126957,11.94387354607491
2025-01-04 18:00:00,3.8369062271846044,3.5564967913276066e-16,12.312932676864767
2025-01-04 19:00:00,3.985227183186994,0.0,11.748119100336694
2025-01-04 20:00:00,3.673603545377194,0.0,12.111705975938055
2025-01-04 21:00:00,3.090993239441635,0.0,11.253126145448961
2025-01-04 22:00:00,2.166598437834937,0.0,4.714899385448985
2025-01-04 23:00:00,1.7054664176517025,0.0,4.998163805815444
2025-01-05 00:00:00,1.3016486274213022,0.0,4.890992980827069
2025-01-05 01:00:00,1.351003479420761,0.0,4.609814751717276
2025-01-05 02:00:00,1.5646928014062107,0.0,4.850103140574514
2025-01-05 03:00:00,1.3916516000302006,0.0,5.098896514540399
2025-01-05 04:00:00,1.5592327275937607,0.0,4.974131723866934
2025-01-05 05:00:00,2.0502758835619987,0.0,5.0182812709612605
2025-01-05 06:00:00,2.2374990578979737,0.0,8.219590640925722
2025-01-05 07:00:00,2.888843300057317,0.7102742677624315,7.897051189780026
2025-01-05 08:00:00,2.8599609711957363,1.401519469283896,8.407753364915575
2025-01-05 09:00:00,2.7474374131154846,1.5857347930101247,7.703218680169576
2025-01-05 10:00:00,2.1487438523382023,2.488454357967655,6.578400765917856
2025-01-05 11:00:00,1.8065766462257786,2.660707124274073,6.333911589148279
2025-01-05 12:00:00,1.7528039299687939,2.1550194419881517,5.893200665846334
2025-01-05 13:00:00,1.3141644920760847,2.3502527056103966,5.9132043887306756
2025-01-05 14:00:00,1.725331523984836,2.2106958011850373,6.06202067748352
2025-01-05 15:00:00,1.9587841324259894,1.7366330955372515,6.179601278961593
2025-01-05 16:00:00,2.3306296788485494,1.1171267783117358,6.328364482570037
2025-01-05 17:00:00,2.886045821779418,0.5994866848912483,11.597822625595475
2025-01-05 18:00:00,3.747917886995767,2.6325017620986424e-16,12.131232786618375
2025-01-05 19:00:00,3.9205760995038372,0.0,11.365045724261185
2025-01-05 20:00:00,3.771999723887023,0.0,11.946809854249356
2025-01-05 21:00:00,3.1062287929061116,0.0,12.436173751136238
2025-01-05 22:00:00,2.659965436626779,0.0,4.57471729033445
2025-01-05 23:00:00,1.8866299443942118,0.0,4.520228664190501
2025-01-06 00:00:00,1.3465289453811828,0.0,5.066238529864393
2025-01-06 01:00:00,1.5274818488044306,0.0,5.416228749251781
2025-01-06 02:00:00,1.53772616999346,0.0,5.097618635325596
2025-01-06 03:00:00,1.7313515946202753,0.0,4.4286146309355345
2025-01-06 04:00:00,1.741223797586856,0.0,4.495061476086118
2025-01-06 05:00:00,1.9089222977665152,0.0,5.029323929878826
2025-01-06 06:00:00,2.510434087240122,0.0,7.64622727421127
2025-01-06 07:00:00,2.5999015066388265,0.6430491162757519,8.041005888171696
2025-01-06 08:00:00,2.9040408932847557,1.319459649978674,8.058798533980081
2025-01-06 09:00:00,2.6392666555848003,2.132971352081672,7.853072746802686
2025-01-06 10:00:00,2.232775690101424,2.0936466822433646,6.544426288184644
2025-01-06 11:00:00,1.6509286854774168,2.5168563654496836,6.177140161480287
2025-01-06 12:00:00,1.7220303513723452,2.569275678575784,6.363477263638253
2025-01-06 13:00:00,1.539929150990121,2.6901261756264585,6.276174527481487
2025-01-06 14:00:00,1.4395470332775586,2.4226932902982985,5.95497793141504
2025-01-06 15:00:00,1.7707869298950165,1.97733335121594,5.9416658245981955
2025-01-06 16:00:00,2.4667792493205978,1.1573245525694398,5.910713988951369
2025-01-06 17:00:00,3.2286734851218437,0.657585646500552,12.204330675750073
2025-01-06 18:00:00,4.036608094592454,3.5163812635631076e-16,11.804890446788441
2025-01-06 19:00:00,4.437079375764507,0.0,12.517509882610371
2025-01-06 20:00:00,3.7992597071752168,0.0,11.776239208898282
2025-01-06 21:00:00,2.9545202530728156,0.0,12.064342521689108
2025-01-06 22:00:00,2.0998916608189453,0.0,4.931275756386215
2025-01-06 23:00:00,1.9626900078667409,0.0,4.864762005684042
2025-01-07 00:00:00,1.3781124049779137,0.0,5.651704055739084
2025-01-07 01:00:00,1.4382869145340305,0.0,4.868283697576261
2025-01-07 02:00:00,1.4129121475387239,0.0,4.908583645702272
2025-01-07 03:00:00,1.506354825371752,0.0,4.800759920463233
2025-01-07 04:00:00,1.7758541453178158,0.0,5.012312184706677
2025-01-07 05:00:00,1.8789489240108905,0.0,4.969608089797192
2025-01-07 06:00:00,2.2671434280013845,0.0,7.664224060788708
2025-01-07 07:00:00,2.622867901863382,0.7796599624139714,7.872689040695703
2025-01-07 08:00:00,2.7488011814915643,1.4660087287460546,8.18290596283519
2025-01-07 09:00:00,2.7053068604346295,1.734707558869719,8.308096054826587
2025-01-07 10:00:00,2.283179777952041,2.5294889777938825,6.007200183889644
2025-01-07 11:00:00,2.1226210946478457,2.908367739193509,6.017698437195963
2025-01-07 12:00:00,1.6462988875711175,2.369514339235575,5.891701478470417
2025-01-07 13:00:00,1.7206734822083956,2.60066650713487,5.849267489412635
2025-01-07 14:00:00,1.5852736376720846,2.0715515579617576,5.724128091035309
2025-01-07 15:00:00,1.745382227113594,1.9292762338176999,5.533005163728315
2025-01-07 16:00:00,2.2749846578682127,1.1099569621046195,5.789265997768039
2025-01-07 17:00:00,2.9941705902573235,0.7261970064773011,12.271215860202155
2025-01-07 18:00:00,4.056368920703961,3.083982131850179e-16,11.872674917190848
2025-01-07 19:00:00,3.8767920039797494,0.0,11.896194394891788
2025-01-07 20:00:00,3.862871672744269,0.0,11.890354440085606
2025-01-07 21:00:00,2.967511894364541,0.0,12.37341229974982
2025-01-07 22:00:00,2.559434554859778,0.0,4.721485228840598
2025-01-07 23:00:00,1.9802759334310451,0.0,5.0831160015169985
2025-01-08 00:00:00,1.476557884625749,0.0,4.9794601599289505
2025-01-08 01:00:00,1.4944761246406681,0.0,5.020378047528431
2025-01-08 02:00:00,1.4065085130832866,0.0,5.0733051221349355
2025-01-08 03:00:00,1.5943842885565218,0.0,5.017149482080421
2025-01-08 04:00:00,1.5477095886485523,0.0,5.237906565995276
2025-01-08 05:00:00,1.6715507743290015,0.0,4.991222801611121
2025-01-08 06:00:00,2.099248017409245,0.0,8.52331291802771
2025-01-08 07:00:00,2.804104152445572,0.7236819914618257,8.013343981690054
2025-01-08 08:00:00,3.236867311658783,1.1782837751112283,7.488959935219919
2025-01-08 09:00:00,2.802251788831645,1.8044071975167564,8.191493107443119
2025-01-08 10:00:00,2.273451411658307,2.143466956352584,6.117629041577935
2025-01-08 11:00:00,1.9003055285512445,2.165103918062594,6.009763509528577
2025-01-08 12:00:00,1.8226579706062083,2.4547465580585848,5.922128605313657
2025-01-08 13:00:00,1.6061699307595154,2.375124103662648,5.365614280062064
2025-01-08 14:00:00,1.598528892827897,2.2659545456458194,5.415946781320297
2025-01-08 15:00:00,2.089067098585131,2.1418750462192735,6.494255766149244
2025-01-08 16:00:00,2.4840656379723107,1.284384747209852,5.824349219070184
2025-01-08 17:00:00,3.3333178987370853,0.770243018087866,12.289686128265663
2025-01-08 18:00:00,3.764583626421972,3.1363419362501146e-16,11.519090018027862
2025-01-08 19:00:00,3.8163296511053324,0.0,11.68594251138952
2025-01-08 20:00:00,3.5318744122969674,0.0,12.203592284064515
2025-01-08 21:00:00,3.3505901609122826,0.0,11.96924968929041
2025-01-08 22:00:00,2.6782484610461363,0.0,5.161300151596814
2025-01-08 23:00:00,1.8956054065227754,0.0,4.995910230221058
2025-01-09 00:00:00,1.4425754711040644,0.0,4.937698410798017
2025-01-09 01:00:00,1.7198071473973136,0.0,4.795986851547533
2025-01-09 02:00:00,1.338669815091172,0.0,4.641799203221
2025-01-09 03:00:00,1.3932644054908359,0.0,5.42081038691975
2025-01-09 04:00:00,1.7124561299030259,0.0,5.4701927318389645
2025-01-09 05:00:00,1.7962008704651504,0.0,4.688389113576745
2025-01-09 06:00:00,2.2901703735491767,0.0,7.668776269397916
2025-01-09 07:00:00,2.753699530008577,0.6264390586063578,7.895668057273372
2025-01-09 08:00:00,3.050639805517058,1.149627814775871,8.102130504458946
2025-01-09 09:00:00,2.9893753259926865,1.9542356939094931,7.945454537612999
2025-01-09 10:00:00,2.304834896610051,1.8748056973205727,6.149856019574316
2025-01-09 11:00:00,1.9540224266023918,2.2111496980132763,5.98522531571659
2025-01-09 12:00:00,1.3192318941955312,2.9707339809412576,5.96561065756523
2025-01-09 13:00:00,1.5659547952654191,2.953693423933921,6.723923621030961
2025-01-09 14:00:00,1.5336834369090266,2.2427718594077204,5.842439024521408
2025-01-09 15:00:00,1.7403018330126034,1.836265714701084,6.491984067847364
2025-01-09 16:00:00,2.288029317163756,1.4260571102787563,6.434058920304259
2025-01-09 17:00:00,3.0528359838325647,0.5630153722088307,12.151228051975394
2025-01-09 18:00:00,3.874483842192088,3.103407971588185e-16,11.422160449065142
2025-01-09 19:00:00,3.801041098202473,0.0,12.00931724710889
2025-01-09 20:00:00,3.74169301607298,0.0,11.845591572781336
2025-01-09 21:00:00,3.030325556077558,0.0,12.006027207432142
2025-01-09 22:00:00,2.3705476387743474,0.0,4.681109962283635
2025-01-09 23:00:00,2.0729469623108563,0.0,5.226877384715015
2025-01-10 00:00:00,1.5807708848250515,0.0,5.29549550813332
2025-01-10 01:00:00,1.7012002196773948,0.0,5.351007290620083
2025-01-10 02:00:00,1.48155081551021,0.0,4.88534638508464
2025-01-10 03:00:00,1.4230820665836044,0.0,4.682172469385968
2025-01-10 04:00:00,1.5823782881675943,0.0,5.105504424941236
2025-01-10 05:00:00,1.891766157584772,0.0,5.526822296644623
2025-01-10 06:00:00,2.3174246573252444,0.0,8.02081689038406
2025-01-10 07:00:00,2.615557753952249,0.6170476021083001,8.13568912583363
2025-01-10 08:00:00,3.013577090441399,1.2969913041729833,7.9295229662354005
2025-01-10 09:00:00,2.8124872963164647,1.6127241902224652,7.848958938231271
2025-01-10 10:00:00,2.6688682662048775,2.3091631745551098,6.19748278158135
2025-01-10 11:00:00,2.1389582993031135,2.291116033624863,5.96817996979834
2025-01-10 12:00:00,1.4987712067663617,2.4163890111104114,6.121056873458799
2025-01-10 13:00:00,1.5301550513225606,2.5165694354358665,6.152252057183108
2025-01-10 14:00:00,1.440651677177407,1.988232833902096,6.1042550517416725
2025-01-10 15:00:00,1.8345177399816248,2.1436351847857806,6.167356595816322
2025-01-10 16:00:00,2.4670929227416196,1.2787175730090052,5.744098280171973
2025-01-10 17:00:00,3.2838325430709214,0.6393755892719053,11.72579119309595
2025-01-10 18:00:00,3.6277358851771453,2.6613661779106057e-16,11.987213518017823
2025-01-10 19:00:00,3.901878039853238,0.0,11.994431603921626
2025-01-10 20:00:00,3.415004937723019,0.0,11.843303151984111
2025-01-10 21:00:00,3.078551082995859,0.0,12.072300088924402
2025-01-10 22:00:00,2.260336441149707,0.0,5.272465229250212
2025-01-10 23:00:00,1.8431173744102545,0.0,5.356253562246046
2025-01-11 00:00:00,1.3685244525493243,0.0,5.423678561794147
2025-01-11 01:00:00,1.4864511204230997,0.0,4.605559501082844
2025-01-11 02:00:00,1.2410674086942004,0.0,4.651100427887473
2025-01-11 03:00:00,1.3074166715255613,0.0,4.9131063819675065
2025-01-11 04:00:00,1.935344177503914,0.0,5.0240859623022125
2025-01-11 05:00:00,1.6622782517029842,0.0,4.928474598842904
2025-01-11 06:00:00,2.1264208167889915,0.0,7.834208200945235
2025-01-11 07:00:00,3.053752994035451,0.793497307555797,7.908674527940788
2025-01-11 08:00:00,3.435763698583279,1.4367724171203233,8.14499414672975
2025-01-11 09:00:00,2.6025180524718277,1.6264952848839909,7.601113265962391
2025-01-11 10:00:00,2.2360098170565847,2.643033569930879,6.703007151776131
2025-01-11 11:00:00,1.9086649402519393,2.36929894617948,6.00629806301529
2025-01-11 12:00:00,1.8860623560110235,2.45823052460649,6.315254218268618
2025-01-11 13:00:00,1.4252339937907013,2.6893935312227506,5.825998531510647
2025-01-11 14:00:00,1.6233763005616408,1.901732287575587,6.172304877757431
2025-01-11 15:00:00,2.0397244284854095,2.0589985990795308,6.030027321848573
2025-01-11 16:00:00,2.4849670833730615,1.534983557410569,6.257042518166488
2025-01-11 17:00:00,3.0465310892531714,0.7415506499478273,11.940405924652874
2025-01-11 18:00:00,3.7170250161612803,3.516232038790076e-16,12.465469070126904
2025-01-11 19:00:00,3.7937656346079103,0.0,11.552383245753887
2025-01-11 20:00:00,3.7013722305876176,0.0,12.284812149059407
2025-01-11 21:00:00,3.062992847576252,0.0,12.035615926659915
2025-01-11 22:00:00,2.45452408637258,0.0,4.694501990488117
2025-01-11 23:00:00,1.8392342056923132,0.0,5.585619761014133
2025-01-12 00:00:00,1.5707843476562333,0.0,5.554609317970273
2025-01-12 01:00:00,1.6524978762339575,0.0,4.377838776552964
2025-01-12 02:00:00,1.5280410665479651,0.0,5.053035316203747
2025-01-12 03:00:00,1.5802369195940904,0.0,5.211698766419221
2025-01-12 04:00:00,1.6239304128363494,0.0,5.132511442495344
2025-01-12 05:00:00,1.855404297857801,0.0,5.45465888248353
2025-01-12 06:00:00,2.1827049485257604,0.0,8.392289812254385
2025-01-12 07:00:00,2.8256901040382503,0.6758532151609051,8.079556206895155
2025-01-12 08:00:00,2.9854106334351944,1.09103577958739,8.683131083723492
2025-01-12 09:00:00,3.0922282931352183,1.6892831778225907,8.281053956812274
2025-01-12 10:00:00,2.5272503959460755,2.1657479818161436,5.894575651446623
2025-01-12 11:00:00,1.915308590494338,2.611693437546801,5.834295721551494
2025-01-12 12:00:00,1.5122991278959694,2.590244136750683,6.373002450892082
2025-01-12 13:00:00,1.4064008347574242,2.4070763898002805,5.762113732040867
2025-01-12 14:00:00,1.8388394204162872,2.365796326489026,5.877078516162457
2025-01-12 15:00:00,1.9625361758482185,2.0652605905466683,5.928128432563546
2025-01-12 16:00:00,2.49177368271181,1.1892815214507788,6.106696017982845
2025-01-12 17:00:00,2.8412666018915576,0.6398103856465855,11.941962491111525
2025-01-12 18:00:00,3.8762142330724134,3.436927333081329e-16,11.604908731055959
2025-01-12 19:00:00,4.068163056595562,0.0,12.348623921397229
2025-01-12 20:00:00,3.5705336895216453,0.0,11.878680405364465
2025-01-12 21:00:00,3.032222249960103,0.0,12.605980580639848
2025-01-12 22:00:00,2.4592561835821196,0.0,5.091197002177952
2025-01-12 23:00:00,1.930403308268602,0.0,5.380162245320648
2025-01-13 00:00:00,1.4562278914039293,0.0,5.1892584542542375
2025-01-13 01:00:00,1.485067263351089,0.0,5.394516881436988
2025-01-13 02:00:00,1.4669300606666622,0.0,5.17110169887933
2025-01-13 03:00:00,1.5503578351495801,0.0,5.070550650197542
2025-01-13 04:00:00,1.836680906648643,0.0,5.327970227556955
2025-01-13 05:00:00,1.470392872754394,0.0,5.745791634377616
2025-01-13 06:00:00,2.255411113880735,0.0,7.919060918418538
2025-01-13 07:00:00,2.804692827993121,0.7302640909120457,8.238478096317504
2025-01-13 08:00:00,3.044402721650283,1.2974880089623742,7.998426523246955
2025-01-13 09:00:00,2.7224658595974356,2.0857415879716235,8.151817706147911
2025-01-13 10:00:00,2.027738893203002,2.5982450172366396,6.0126475672729605
2025-01-13 11:00:00,1.9066309301679794,2.8666973001420173,5.352677134286879
2025-01-13 12:00:00,1.8858602414748122,2.2197156964798404,5.939943984678547
2025-01-13 13:00:00,1.3431833448175163,2.7632993177263634,6.29986652184256
2025-01-13 14:00:00,1.7897421795076855,2.609529617115206,5.770438013019429
2025-01-13 15:00:00,1.8738450086077136,1.9341710543884392,6.276283932921463
2025-01-13 16:00:00,2.4105535203287416,1.3581891967751374,6.055082749317103
2025-01-13 17:00:00,2.945019723332094,0.5698612170706071,11.942552840743737
2025-01-13 18:00:00,3.6869300349853047,3.6158834583694846e-16,12.27174461558501
2025-01-13 19:00:00,4.195006695068251,0.0,12.20430946306928
2025-01-13 20:00:00,3.8244965784819733,0.0,12.12616412135941
2025-01-13 21:00:00,3.362797711889087,0.0,12.304770060834125
2025-01-13 22:00:00,2.5963103862752956,0.0,5.060929495876574
2025-01-13 23:00:00,1.988396290354602,0.0,4.506600190103293
2025-01-14 00:00:00,1.7616437481996314,0.0,4.886563738060304
2025-01-14 01:00:00,1.566439477371728,0.0,4.45867927316604
2025-01-14 02:00:00,1.628924893917254,0.0,5.1972094478625905
2025-01-14 03:00:00,1.4829878153040035,0.0,5.26885995178789
2025-01-14 04:00:00,1.62593898307855,0.0,5.282510672639913
2025-01-14 05:00:00,1.7507780653990472,0.0,5.146728409768941
2025-01-14 06:00:00,2.4393762437464157,0.0,8.29037753881679
2025-01-14 07:00:00,2.601470421320024,0.5794664764552797,7.527018998519762
2025-01-14 08:00:00,3.117356174559867,1.2705557379017296,7.967729923461714
2025-01-14 09:00:00,2.749655388169855,2.0992769508739784,7.575525203357535
2025-01-14 10:00:00,2.4669342245948873,2.440267140549379,5.8925011161582335
2025-01-14 11:00:00,1.9700619559205519,2.165219780451361,6.484875520779827
2025-01-14 12:00:00,1.8998546329972048,2.3134675590340965,6.327971154706408
2025-01-14 13:00:00,1.6828787592257335,2.4429343606649154,6.198685621942326
2025-01-14 14:00:00,1.4243619391049713,1.9564863573642983,5.945513931419807
2025-01-14 15:00:00,1.9130808161414177,2.1437945181937663,5.701921564666326
2025-01-14 16:00:00,2.243951093313846,1.385174708128381,6.056108305135329
2025-01-14 17:00:00,3.025212523582745,0.5831390308903488,12.333202749546691
2025-01-14 18:00:00,3.9637827258301948,3.546975856709407e-16,12.12296144677777
2025-01-14 19:00:00,4.095630077498062,0.0,11.524292763244631
2025-01-14 20:00:00,3.632258727897005,0.0,12.03138326913475
2025-01-14 21:00:00,2.950893366111535,0.0,11.426001542380096
2025-01-14 22:00:00,2.4246159168600805,0.0,5.241255149931802
2025-01-14 23:00:00,1.7400492661079965,0.0,4.792097675579986
2025-01-15 00:00:00,1.3993825276649754,0.0,4.63306358004412
2025-01-15 01:00:00,1.5473919242936698,0.0,5.245379198819661
2025-01-15 02:00:00,1.6780234728136996,0.0,5.167813351155196
2025-01-15 03:00:00,1.6187876791678757,0.0,5.0697196887242635
2025-01-15 04:00:00,1.2722636844099542,0.0,5.657512384145315
2025-01-15 05:00:00,1.9010466482486277,0.0,5.190499950876787
2025-01-15 06:00:00,2.301743689542074,0.0,7.80651292102179
2025-01-15 07:00:00,2.840299507593158,0.6992470700763873,8.155761160245483
2025-01-15 08:00:00,3.2424350754448987,1.1649894883397984,7.914176796981067
2025-01-15 09:00:00,2.4687673052749175,2.153641416909073,8.3800276465691
2025-01-15 10:00:00,2.2025816467961232,2.593910508566348,6.0842931620491285
2025-01-15 11:00:00,1.9460675560298661,2.399002044335876,6.113976986040135
2025-01-15 12:00:00,1.3895185494320932,2.89264088489631,5.567289476941411
2025-01-15 13:00:00,1.7946549127629632,2.1821112584387103,6.018405485850885
2025-01-15 14:00:00,1.715421469358056,2.475859262399001,5.983120243720422
2025-01-15 15:00:00,2.0501113899526584,1.7203742955000767,5.692735963436835
2025-01-15 16:00:00,2.334110622974799,1.148210128479977,5.9335495540833465
2025-01-15 17:00:00,3.225019053432618,0.7249654295255298,12.130725733075224
2025-01-15 18:00:00,3.897369194237042,3.1929368021803483e-16,11.998695120196796
2025-01-15 19:00:00,4.034931708883983,0.0,11.57637009252479
2025-01-15 20:00:00,3.7722584260886216,0.0,11.918034950040918
2025-01-15 21:00:00,3.143502456969854,0.0,11.859592563288038
2025-01-15 22:00:00,2.2901968132177344,0.0,5.058054056909355
2025-01-15 23:00:00,1.9004039864791127,0.0,5.025659768568326
2025-01-16 00:00:00,1.4771751894066087,0.0,4.876516081366446
2025-01-16 01:00:00,1.5580995832140074,0.0,4.864800966972995
2025-01-16 02:00:00,1.6547003044342392,0.0,5.02016677639535
2025-01-16 03:00:00,1.3686930460374485,0.0,5.288893026495969
2025-01-16 04:00:00,1.5972057561517325,0.0,5.083592156812456
2025-01-16 05:00:00,2.0776099710429348,0.0,5.426920797587214
2025-01-16 06:00:00,2.179400419235303,0.0,8.339957293652567
2025-01-16 07:00:00,2.654878462193706,0.6953980335702012,8.449004748862746
2025-01-16 08:00:00,3.030349551971897,1.357532994677894,8.410588295540917
2025-01-16 09:00:00,2.904910825368427,1.7441254217031783,8.468884855022218
2025-01-16 10:00:00,2.292961068908888,1.9275994857067658,5.65405715685863
2025-01-16 11:00:00,2.056775696176411,2.105286855780995,6.194227883373141
2025-01-16 12:00:00,1.7552768067351636,2.9552210744770107,6.365496165859169
2025-01-16 13:00:00,1.699535565588446,2.281816556787944,6.419708196556986
2025-01-16 14:00:00,1.7432854526515713,2.393058582239082,5.768784356095814
2025-01-16 15:00:00,2.2722717571280606,1.918844103860702,6.197214157479431
2025-01-16 16:00:00,2.388977918873162,1.2741165873013525,6.022560919485126
2025-01-16 17:00:00,2.8024261561277095,0.7642323050143485,12.554118069902284
2025-01-16 18:00:00,3.9777366150662576,3.4618396711557044e-16,11.583812512681664
2025-01-16 19:00:00,3.9313450912198835,0.0,11.76921312557314
2025-01-16 20:00:00,3.7532803588352723,0.0,11.456809852511297
2025-01-16 21:00:00,3.299383573806674,0.0,12.043384886109925
2025-01-16 22:00:00,2.1793596717698027,0.0,5.679152080780895
2025-01-16 23:00:00,1.7347862063992447,0.0,4.986697514440013
2025-01-17 00:00:00,1.2598618787066345,0.0,5.030309996757277
2025-01-17 01:00:00,1.3814700600571697,0.0,5.1650716311869616
2025-01-17 02:00:00,1.570672158300244,0.0,4.9651128544978125
2025-01-17 03:00:00,1.6061016347561254,0.0,5.109807805743224
2025-01-17 04:00:00,1.6573982375989524,0.0,5.117663500798344
2025-01-17 05:00:00,1.6434767563102337,0.0,4.746333004371942
2025-01-17 06:00:00,1.944423138062291,0.0,7.9717859865350995
2025-01-17 07:00:00,2.786369002595811,0.6726642246026209,8.222579877947075
2025-01-17 08:00:00,2.9292372181514676,1.385324439688328,8.278572834968928
2025-01-17 09:00:00,2.8471609125531208,1.881239065186833,8.389550496858282
2025-01-17 10:00:00,2.3965402045079798,2.5066416610650415,6.100630820034838
2025-01-17 11:00:00,1.8781678224196654,2.3439114786877666,6.106735713373332
2025-01-17 12:00:00,1.7407776721565626,2.8375148814560167,6.225055459564388
2025-01-17 13:00:00,1.607644261672197,2.8441600218997083,5.821568935928608
2025-01-17 14:00:00,1.7396776832931775,2.5082745434030165,5.809266284403251
2025-01-17 15:00:00,1.8174228026456654,2.0518290840745252,5.96256064270368
2025-01-17 16:00:00,2.39281046012835,1.5058555726249916,5.617494690133769
2025-01-17 17:00:00,3.13247091443623,0.5848899258563581,12.122070231509973
2025-01-17 18:00:00,3.8601777321512993,3.4692692238287823e-16,12.31472461085048
2025-01-17 19:00:00,3.940938830029722,0.0,11.786986906548494
2025-01-17 20:00:00,3.815273380543634,0.0,12.13054475696558
2025-01-17 21:00:00,3.0630751522902884,0.0,11.811260684717402
2025-01-17 22:00:00,2.402067277829422,0.0,4.695027349401522
2025-01-17 23:00:00,2.0469611448187766,0.0,5.6166683131279
2025-01-18 00:00:00,1.2010945136163391,0.0,4.6993300591948275
2025-01-18 01:00:00,1.306119654349769,0.0,4.616204204573647
2025-01-18 02:00:00,1.282398857781272,0.0,5.064414619116594
2025-01-18 03:00:00,1.177431040356964,0.0,5.08055644353823
2025-01-18 04:00:00,1.5142174446763927,0.0,5.2001696423569825
2025-01-18 05:00:00,1.9678067238532497,0.0,5.600368416052972
2025-01-18 06:00:00,2.2482060435998013,0.0,7.766861055441611
2025-01-18 07:00:00,2.807884477078532,0.6908398776840415,7.82646894860783
2025-01-18 08:00:00,3.1633862477038366,1.5089515414995234,8.482641649192058
2025-01-18 09:00:00,2.9774059666357826,2.088302109851919,8.281737129651736
2025-01-18 10:00:00,2.280876470365868,2.0884644997630555,6.24002440132852
2025-01-18 11:00:00,2.0604694910462724,2.124061649629381,5.8230393913478045
2025-01-18 12:00:00,1.6405767081153009,2.776863275681053,6.337766466123676
2025-01-18 13:00:00,1.4476528219808176,2.8771998868810114,6.2409548460543105
2025-01-18 14:00:00,1.5710079246231472,2.342620275367028,6.05686118043581
2025-01-18 15:00:00,1.7010433151913953,1.6863066089152268,5.824521656929952
2025-01-18 16:00:00,2.2865320941430207,1.440848941431355,6.032008666316534
2025-01-18 17:00:00,3.049251996726522,0.7284176739462382,12.49454606654498
2025-01-18 18:00:00,3.8576362137454767,3.3266828055667045e-16,11.671809674218895
2025-01-18 19:00:00,4.258115480538305,0.0,11.760060279580959
2025-01-18 20:00:00,3.529771064877261,0.0,11.8116592694788
2025-01-18 21:00:00,3.161875091316583,0.0,11.876753653197076
2025-01-18 22:00:00,2.263617012055011,0.0,4.995278994043692
2025-01-18 23:00:00,1.9937378517846458,0.0,5.2875713084605716
2025-01-19 00:00:00,1.4803905716713035,0.0,5.138424234325239
2025-01-19 01:00:00,1.2259546296838537,0.0,5.018252315151028
2025-01-19 02:00:00,1.6439712161329678,0.0,5.083098042524104
2025-01-19 03:00:00,1.4367233514129,0.0,5.187197288108954
2025-01-19 04:00:00,1.535872074943636,0.0,4.495488216131122
2025-01-19 05:00:00,1.6949287772006354,0.0,5.32147525752638
2025-01-19 06:00:00,2.192796162054054,0.0,7.752076117134079
2025-01-19 07:00:00,2.8423995308914916,0.7246586877124013,7.866946888646754
2025-01-19 08:00:00,2.971616972056757,1.2572064956277054,8.102130596511076
2025-01-19 09:00:00,2.8275523471380013,1.7873113226581725,7.977378251598825
2025-01-19 10:00:00,2.3455354386641156,2.0998008246044337,6.146079132328002
2025-01-19 11:00:00,2.055530855940088,2.9912337088129424,6.042548375536922
2025-01-19 12:00:00,1.5753397867205277,3.0011660455614892,5.9132003138815135
2025-01-19 13:00:00,1.3517338830280772,2.6273508216357886,6.458627450812885
2025-01-19 14:00:00,1.8202513399387548,2.2258925754493153,6.21241965960304
2025-01-19 15:00:00,1.8734005662615596,2.040159858238005,6.090635197540686
2025-01-19 16:00:00,2.586941038889675,1.3443600075276858,6.20775595225781
2025-01-19 17:00:00,3.160461066915057,0.804888236124514,11.78840115218775
2025-01-19 18:00:00,3.7174278313081848,2.7488210800558367e-16,12.652431522545005
2025-01-19 19:00:00,4.052316389970351,0.0,11.673708839675058
2025-01-19 20:00:00,4.0297501762027625,0.0,12.03395059748802
2025-01-19 21:00:00,3.414498050435658,0.0,11.914072116414678
2025-01-19 22:00:00,2.4301057731985582,0.0,4.902675687371885
2025-01-19 23:00:00,1.946561877512727,0.0,4.863722973105572
2025-01-20 00:00:00,1.6614895928944204,0.0,4.76848699970045
2025-01-20 01:00:00,1.3737413486458812,0.0,5.356502661442436
2025-01-20 02:00:00,1.5546872232904334,0.0,4.638589161625135
2025-01-20 03:00:00,1.5235940311411313,0.0,5.295069169605146
2025-01-20 04:00:00,1.6630433424183024,0.0,5.194561320416295
2025-01-20 05:00:00,1.7303863180016779,0.0,4.885732660496196
2025-01-20 06:00:00,2.0525035295608425,0.0,8.159782185138155
2025-01-20 07:00:00,2.4672684493885604,0.6799665090893976,7.952630294691027
2025-01-20 08:00:00,2.8323960062487767,1.4631526105279435,7.669698098447195
2025-01-20 09:00:00,2.709451754054729,1.9250443982991494,7.672869903598728
2025-01-20 10:00:00,2.247268422577475,2.132314899682608,6.196632454940907
2025-01-20 11:00:00,2.1480162819752904,2.810634643182139,6.181071097105507
2025-01-20 12:00:00,1.7926567148362793,2.6867749024902845,6.072603424295766
2025-01-20 13:00:00,1.428948888103693,2.2855542923819963,5.882545038197848
2025-01-20 14:00:00,1.712324245320601,2.3638060788499984,5.942870539910693
2025-01-20 15:00:00,1.862062056623599,2.18675202728288,5.902334052850792
2025-01-20 16:00:00,2.3770975964970544,1.4318615806354853,5.47591675944694
2025-01-20 17:00:00,3.1307533473499936,0.6419873887357557,12.018375975076884
2025-01-20 18:00:00,3.8299741283849955,3.5132316647396257e-16,12.15673645836285
2025-01-20 19:00:00,3.949111233280805,0.0,12.020282639633463
2025-01-20 20:00:00,3.896676022093971,0.0,12.530744751605761
2025-01-20 21:00:00,2.9316602371562346,0.0,11.698631356551006
2025-01-20 22:00:00,2.4206494622829817,0.0,4.801668884931884
2025-01-20 23:00:00,2.3121843475045405,0.0,5.039905698705101
2025-01-21 00:00:00,1.5335155306682537,0.0,5.07313004305773
2025-01-21 01:00:00,1.715572679551909,0.0,4.429637412492118
2025-01-21 02:00:00,1.5184546941236763,0.0,5.180809399962681
2025-01-21 03:00:00,1.6145900226336793,0.0,5.07449505186668
2025-01-21 04:00:00,1.6074396315407655,0.0,4.364182116850072
2025-01-21 05:00:00,1.829830501719458,0.0,4.964987219334524
2025-01-21 06:00:00,2.1740162940483745,0.0,7.7574375434183995
2025-01-21 07:00:00,2.842761168630887,0.6145067371017383,7.864003020705863
2025-01-21 08:00:00,2.8722730448193525,1.379840404776698,7.5985697645966415
2025-01-21 09:00:00,2.8780908322426435,2.209728892428304,8.12485660360207
2025-01-21 10:00:00,2.4540402112416757,2.627665940002029,6.528532914171068
2025-01-21 11:00:00,1.9124113186964475,2.1530413749606945,6.079507072251085
2025-01-21 12:00:00,1.5838203993168307,2.4638147161232746,5.352184769470906
2025-01-21 13:00:00,1.6413573924512412,2.273543048976897,6.0856788111998394
2025-01-21 14:00:00,1.6138670191209956,2.708232161073309,5.94160836234029
2025-01-21 15:00:00,2.06345586089592,1.716708636342156,5.669696239573769
2025-01-21 16:00:00,2.1450412595708,1.1976900211792698,6.106087149417308
2025-01-21 17:00:00,3.0526133947198892,0.7225941116248598,12.263929418438206
2025-01-21 18:00:00,3.438476661570087,3.3442102191051756e-16,11.799451955432058
2025-01-21 19:00:00,3.7757408813293267,0.0,11.506880156756432
2025-01-21 20:00:00,3.9416776266559035,0.0,11.39649832813714
2025-01-21 21:00:00,3.237228718373348,0.0,11.800294471924403
2025-01-21 22:00:00,2.3117765679359232,0.0,4.953348959222057
2025-01-21 23:00:00,1.697157770109031,0.0,4.845198330908756
2025-01-22 00:00:00,1.055374243598215,0.0,4.795015372201285
2025-01-22 01:00:00,1.419066177371088,0.0,5.1703698581384465
2025-01-22 02:00:00,1.8677889192348054,0.0,5.138847813843777
2025-01-22 03:00:00,1.592706099053757,0.0,5.059878020828058
2025-01-22 04:00:00,1.5320212677922458,0.0,5.244946335303232
2025-01-22 05:00:00,1.9251536703191348,0.0,4.803107794161405
2025-01-22 06:00:00,2.056794900608021,0.0,7.671632229482429
2025-01-22 07:00:00,2.7336174603826087,0.6601588854491461,7.8432998977317885
2025-01-22 08:00:00,3.0149252441495786,1.579245056494791,7.822609168495469
2025-01-22 09:00:00,2.765337949022472,1.9916803131304939,7.384613163185892
2025-01-22 10:00:00,2.4098680788283016,2.529740653995259,5.836329408135909
2025-01-22 11:00:00,1.909128391546271,2.367073561975331,6.331455166554668
2025-01-22 12:00:00,1.727006612066384,2.8210978579493484,6.240256029185359
2025-01-22 13:00:00,1.470006713220323,2.6040454621787843,6.157555157086824
2025-01-22 14:00:00,1.7948402887145396,2.7003186427102337,6.039485412971094
2025-01-22 15:00:00,2.1674643342197464,2.170132790528693,6.434669557842609
2025-01-22 16:00:00,2.2742297442553565,1.293769574232886,5.681949631539612
2025-01-22 17:00:00,2.9698001515805026,0.8046746165752817,11.71055186341114
2025-01-22 18:00:00,3.9374661112867213,3.73542411347446e-16,12.33728858210656
2025-01-22 19:00:00,3.9712984078591487,0.0,12.008281469051612
2025-01-22 20:00:00,3.947671500993801,0.0,11.798646507886746
2025-01-22 21:00:00,3.0365706142937676,0.0,12.165577388026941
2025-01-22 22:00:00,2.6379554393692484,0.0,4.868459911493605
2025-01-22 23:00:00,1.9422561610359834,0.0,4.74874235135818
2025-01-23 00:00:00,1.5387878927728669,0.0,4.740394456139873
2025-01-23 01:00:00,1.7352982068114688,0.0,5.096464808307805
2025-01-23 02:00:00,1.4504610957810695,0.0,5.061744648989198
2025-01-23 03:00:00,1.3863051439454661,0.0,5.455024029996785
2025-01-23 04:00:00,1.548672479495416,0.0,4.912973226019549
2025-01-23 05:00:00,1.9232417314905597,0.0,4.907855165360626
2025-01-23 06:00:00,2.0560747927301106,0.0,8.431890059158075
2025-01-23 07:00:00,2.873836600184922,0.7280185946834753,8.295694037983278
2025-01-23 08:00:00,2.9191879255545565,1.3802178491112882,8.043469491128821
2025-01-23 09:00:00,2.9504249459056635,1.6936308303366874,7.531696183225607
2025-01-23 10:00:00,1.9321081148397186,2.516286398636781,5.75644356531503
2025-01-23 11:00:00,1.7394467413452377,2.2098538821856955,5.683771560783679
2025-01-23 12:00:00,1.3737874866650692,2.7802041504880046,6.01093553306981
2025-01-23 13:00:00,1.449328135600344,2.543195745710686,5.847497665637537
2025-01-23 14:00:00,1.6973178626192988,2.127058169935068,6.4808714678526895
2025-01-23 15:00:00,1.8962397982586845,2.111225648159001,5.528568835867797
2025-01-23 16:00:00,2.3817455368608664,1.192696310553176,5.651598084926186
2025-01-23 17:00:00,3.079076769230677,0.8036638214815545,12.073388635463955
2025-01-23 18:00:00,3.767606696931678,3.7463063136546515e-16,12.156430814929251
2025-01-23 19:00:00,3.8487195995719414,0.0,11.223859130731247
2025-01-23 20:00:00,3.8431257383186748,0.0,11.479376952250426
2025-01-23 21:00:00,3.2023508666354177,0.0,11.920918892057816
2025-01-23 22:00:00,2.4774542935770567,0.0,5.406813089445491
2025-01-23 23:00:00,2.0060133049278552,0.0,5.566328265565091
2025-01-24 00:00:00,1.5445162693957615,0.0,4.875650752951092
2025-01-24 01:00:00,1.8058514989706433,0.0,4.948805906773875
2025-01-24 02:00:00,1.4916625417398186,0.0,4.7489402728146075
2025-01-24 03:00:00,1.4814109755840232,0.0,5.189961919965837
2025-01-24 04:00:00,1.5029279736460626,0.0,5.458558875348179
2025-01-24 05:00:00,1.7005522383074132,0.0,5.376806221214014
2025-01-24 06:00:00,2.1042678854170265,0.0,7.991299816203375
2025-01-24 07:00:00,2.644896367802616,0.64060322613632,7.7484404884594325
2025-01-24 08:00:00,2.9894015659494073,1.370651318472753,8.002459101292946
2025-01-24 09:00:00,2.828397316070286,2.0041714376919515,8.414236011330074
2025-01-24 10:00:00,2.2989184693576137,2.7215529612109455,5.879844870496014
2025-01-24 11:00:00,1.742601315996406,2.6039853682734835,5.455371291195674
2025-01-24 12:00:00,1.7617853939531791,3.0996793197611106,5.89199722400476
2025-01-24 13:00:00,1.6841744564000791,2.4759993276237395,5.916292273953498
2025-01-24 14:00:00,1.6362207313396548,2.6349530345014727,5.453610551619151
2025-01-24 15:00:00,1.8251863703764408,1.7322985971728289,6.069611199599496
2025-01-24 16:00:00,2.5020163603275387,1.4497943582889068,6.15180139897662
2025-01-24 17:00:00,3.131150538060602,0.5977330090405493,12.557967784445493
2025-01-24 18:00:00,3.519879371926429,3.8762785820931123e-16,11.600286912947066
2025-01-24 19:00:00,3.9898029674657467,0.0,12.21915642938663
2025-01-24 20:00:00,3.7764036639949743,0.0,12.290050845352763
2025-01-24 21:00:00,2.967996753104432,0.0,12.155886279280592
2025-01-24 22:00:00,2.448175111854258,0.0,4.697959510146763
2025-01-24 23:00:00,1.7043099157264971,0.0,4.680521995777246
2025-01-25 00:00:00,1.700481484276288,0.0,5.029159025685145
2025-01-25 01:00:00,1.687783001319898,0.0,5.027053297953888
2025-01-25 02:00:00,1.4668490672522505,0.0,4.832169852611388
2025-01-25 03:00:00,1.5819916090100707,0.0,5.387491104059976
2025-01-25 04:00:00,1.254468815829688,0.0,4.879774525252381
2025-01-25 05:00:00,1.6819394898542888,0.0,4.431889776764289
2025-01-25 06:00:00,2.246871815534368,0.0,7.932783045648549
2025-01-25 07:00:00,2.6173960115732253,0.6031857686148523,8.144082004473711
2025-01-25 08:00:00,3.1071630955918166,1.185836790025671,8.102588345618313
2025-01-25 09:00:00,3.077847526407828,1.5920992431574998,8.100266776141984
2025-01-25 10:00:00,2.114754952660394,2.233907605981118,6.448196704307003
2025-01-25 11:00:00,1.7318120969980841,2.7468108704368137,5.665562828489363
2025-01-25 12:00:00,1.6620749645966741,2.7307996707804705,5.872887495494798
2025-01-25 13:00:00,1.81492997782988,2.7791088351255397,6.463516211403121
2025-01-25 14:00:00,1.476811830571972,2.492078201011314,5.409795033910715
2025-01-25 15:00:00,1.960479210422189,1.673017621912858,5.983891665839169
2025-01-25 16:00:00,2.692946999825035,1.1433840400376352,6.36867633457111
2025-01-25 17:00:00,2.855190627710796,0.7324842092275258,12.364204875280217
2025-01-25 18:00:00,3.5449380798118115,3.498517964923565e-16,12.198034911853906
2025-01-25 19:00:00,3.936459014894282,0.0,12.205631790528509
2025-01-25 20:00:00,3.6590100302555055,0.0,11.68769306308346
2025-01-25 21:00:00,3.2248411642406416,0.0,12.411953125178755
2025-01-25 22:00:00,2.4559475609017674,0.0,4.6399814866142615
2025-01-25 23:00:00,1.6562889795688465,0.0,4.657876094187987
2025-01-26 00:00:00,1.577365129709584,0.0,5.116362239349123
2025-01-26 01:00:00,1.4139596704576356,0.0,4.8520956512848405
2025-01-26 02:00:00,1.695893749938881,0.0,5.062009009711928
2025-01-26 03:00:00,1.4333353278686718,0.0,5.129230123784068
2025-01-26 04:00:00,1.5204648182343339,0.0,5.533432921812665
2025-01-26 05:00:00,1.9365613805147686,0.0,5.130117375669923
2025-01-26 06:00:00,2.405377625907728,0.0,7.814439708752462
2025-01-26 07:00:00,2.8454308693776844,0.7489847800401729,8.20294638745584
2025-01-26 08:00:00,2.7471640255894965,1.1770778316397807,7.750473739975367
2025-01-26 09:00:00,2.8589582127848665,1.6331742558165545,8.273946657312813
2025-01-26 10:00:00,2.1361009528236297,2.5316987742423076,6.0193883758707765
2025-01-26 11:00:00,1.8927230243491024,2.221640946846438,6.120163144847084
2025-01-26 12:00:00,1.4131975440403255,2.4545051416196406,5.465803806865596
2025-01-26 13:00:00,1.6402108776863964,2.927195973079149,5.324776321445554
2025-01-26 14:00:00,1.5391781418068515,2.611947683728159,5.54957273027597
2025-01-26 15:00:00,1.7307285945370694,2.162798664208936,6.5237312567095405
2025-01-26 16:00:00,2.5268251926754286,1.2759849885359231,5.6555535531458725
2025-01-26 17:00:00,3.139201178189199,0.710654393735493,12.21969294059668
2025-01-26 18:00:00,3.6450019406297516,3.6508495823562547e-16,11.807427660326788
2025-01-26 19:00:00,4.217676833216567,0.0,11.927990970234228
2025-01-26 20:00:00,3.6710004289483558,0.0,11.986583923479222
2025-01-26 21:00:00,3.1077671221732355,0.0,12.49313352834345
2025-01-26 22:00:00,2.460035620080432,0.0,5.175351659237427
2025-01-26 23:00:00,1.8295833983958736,0.0,5.115509942096105
2025-01-27 00:00:00,1.570724013284452,0.0,5.389009529633359
2025-01-27 01:00:00,1.4205726514862747,0.0,4.8100409408715255
2025-01-27 02:00:00,1.4429809190652638,0.0,5.32050289308543
2025-01-27 03:00:00,1.7318698543047109,0.0,5.270390778547619
2025-01-27 04:00:00,1.4598692028228044,0.0,5.26696980897306
2025-01-27 05:00:00,1.4934745892546653,0.0,4.953494989126548
2025-01-27 06:00:00,2.5325792028089715,0.0,7.868805531266771
2025-01-27 07:00:00,3.1606151576783046,0.6300443522123307,7.739052906449175
2025-01-27 08:00:00,2.939213233379818,1.4554805464730882,7.757845290510039
2025-01-27 09:00:00,2.4877273407026013,1.8552752836971558,7.7248960546824526
2025-01-27 10:00:00,2.244674564145398,2.0977539873738174,6.110054328547823
2025-01-27 11:00:00,1.8144981651347627,3.0474332036497094,5.931499106018978
2025-01-27 12:00:00,1.598269133196846,2.734241456204044,6.129420059304006
2025-01-27 13:00:00,1.4062543492666597,2.660823828001569,6.146364605895841
2025-01-27 14:00:00,1.747102148824429,2.763591659871277,5.6820731837135
2025-01-27 15:00:00,2.0017998983690606,1.8378293570260318,5.6730694403672315
2025-01-27 16:00:00,2.1955913292301728,1.5770997136696265,5.931401885048007
2025-01-27 17:00:00,3.2078340096919193,0.7545491422423922,11.767463782915865
2025-01-27 18:00:00,4.04500120813057,3.4973824894629197e-16,11.735876358142114
2025-01-27 19:00:00,4.025794055728967,0.0,12.508706102722462
2025-01-27 20:00:00,3.6864995178735414,0.0,11.539993568436776
2025-01-27 21:00:00,3.081650488916467,0.0,12.606919328183404
2025-01-27 22:00:00,2.5119871179739257,0.0,5.086662915007727
2025-01-27 23:00:00,1.6629325476890828,0.0,5.295871484905378
2025-01-28 00:00:00,1.524712174721058,0.0,5.260499845199069
2025-01-28 01:00:00,1.4420209111415616,0.0,5.185087753179811
2025-01-28 02:00:00,1.7819004193411019,0.0,5.498549539742956
2025-01-28 03:00:00,1.5013475482634662,0.0,4.6752749934569655
2025-01-28 04:00:00,1.8661402523675972,0.0,4.953086486666478
2025-01-28 05:00:00,1.6898305342267876,0.0,4.744145926249776
2025-01-28 06:00:00,2.3790275285776064,0.0,7.4911761406902855
2025-01-28 07:00:00,2.826126004355938,0.7585000279158385,7.801627664432533
2025-01-28 08:00:00,2.8696465360175005,1.2354346625430128,8.561764333467146
2025-01-28 09:00:00,2.80486246399117,1.8401609394152412,7.947959990774685
2025-01-28 10:00:00,2.4731249860995295,2.7459072135207534,6.595054714000068
2025-01-28 11:00:00,1.8088628519678729,2.793905329138858,6.625748149032961
2025-01-28 12:00:00,1.3729633119747202,3.0159207670870503,6.898539109108825
2025-01-28 13:00:00,1.57062813158332,3.0807875131339006,6.571647905729492
2025-01-28 14:00:00,1.5248045132340806,2.145439744649886,6.707439559600142
2025-01-28 15:00:00,1.8717726512765653,1.813385008966452,6.097550262316717
2025-01-28 16:00:00,2.4075140067503003,1.4383070356553773,6.068498470106002
2025-01-28 17:00:00,2.8471066675353587,0.5894138038578742,12.088451808364605
2025-01-28 18:00:00,3.4947497099405846,3.4357953778605076e-16,12.000018661383109
2025-01-28 19:00:00,4.072310031192236,0.0,12.044898940550263
2025-01-28 20:00:00,3.6586904877583653,0.0,12.225654769546026
2025-01-28 21:00:00,2.71823931980451,0.0,11.860254643411038
2025-01-28 22:00:00,2.5374252084198616,0.0,4.586712728657387
2025-01-28 23:00:00,1.9633887518063016,0.0,5.109085639271758
2025-01-29 00:00:00,1.39297234566899,0.0,4.792158549702555
2025-01-29 01:00:00,1.303065971902247,0.0,4.823217950758599
2025-01-29 02:00:00,1.6300978518448457,0.0,4.957174030905748
2025-01-29 03:00:00,1.5798760517182742,0.0,4.888357034139838
2025-01-29 04:00:00,1.9733474531022803,0.0,5.333012747755007
2025-01-29 05:00:00,1.9184199287028294,0.0,4.949977538142997
2025-01-29 06:00:00,2.34909412474649,0.0,8.348134891363015
2025-01-29 07:00:00,2.753176775270969,0.7001022288002409,8.061804874682647
2025-01-29 08:00:00,3.1225200032773364,1.542468646372389,7.9734412994192985
2025-01-29 09:00:00,2.872015826982852,2.1479611997472423,8.047466145886037
2025-01-29 10:00:00,2.4790059118595686,2.095289812530077,5.6125110407937795
2025-01-29 11:00:00,1.7792331698152704,2.8147781475950406,6.101423156841209
2025-01-29 12:00:00,1.5614465884085902,3.0918353503724303,6.254756788894488
2025-01-29 13:00:00,1.50139707991814,2.9517807751827907,6.297255128053868
2025-01-29 14:00:00,1.7787882356298057,2.315684535046894,5.594347774386639
2025-01-29 15:00:00,2.1478799581206576,1.6320166116883175,5.544305939327107
2025-01-29 16:00:00,2.3509260982306737,1.5819381303183264,5.838954442475749
2025-01-29 17:00:00,3.0392384407687225,0.6846001330656228,12.415398707397863
2025-01-29 18:00:00,3.784210044419156,3.1978704081865244e-16,12.066292618074074
2025-01-29 19:00:00,3.9631357808614722,0.0,11.767591428075539
2025-01-29 20:00:00,3.879906340154801,0.0,11.564118159920886
2025-01-29 21:00:00,2.765184377484738,0.0,11.794803208663915
2025-01-29 22:00:00,2.2956928458911072,0.0,4.774534661446077
2025-01-29 23:00:00,1.8051708384209486,0.0,5.280685315593577
2025-01-30 00:00:00,1.1520001674165408,0.0,5.303763274816113
2025-01-30 01:00:00,1.3560447369056625,0.0,4.685029438342719
2025-01-30 02:00:00,1.367453250020806,0.0,5.22594981847448
2025-01-30 03:00:00,1.4973077601563853,0.0,5.195227069602629
2025-01-30 04:00:00,1.7829019944487088,0.0,4.64609575557112
2025-01-30 05:00:00,1.8186325412154833,0.0,4.97485439035163
2025-01-30 06:00:00,2.1363165955165146,0.0,8.102245996447225
2025-01-30 07:00:00,2.7696727836052246,0.7218120516611186,8.048970625615208
2025-01-30 08:00:00,3.15737966641342,1.330104886550786,7.486837676957433
2025-01-30 09:00:00,2.631859224378393,1.6796962662653658,8.039354736354985
2025-01-30 10:00:00,2.154660927986572,2.4626146410881415,6.190879467429503
2025-01-30 11:00:00,1.9412139515019966,2.849937735997925,6.473878250660257
2025-01-30 12:00:00,1.5935272919905645,2.662075947193227,5.799362639955856
2025-01-30 13:00:00,1.670385259161358,2.573277628675227,5.836364053041333
2025-01-30 14:00:00,1.658120958683663,2.4480251820061767,5.937339970238217
2025-01-30 15:00:00,2.028373339289583,1.6236629727320506,6.0873647763950665
2025-01-30 16:00:00,2.2644904550969724,1.6003592139185128,6.029105330286857
2025-01-30 17:00:00,3.101141802319446,0.6602788637253088,12.181292396390127
2025-01-30 18:00:00,3.7054949586842127,2.946749366041956e-16,11.662444037335458
2025-01-30 19:00:00,3.817616367247788,0.0,12.119056106788964
2025-01-30 20:00:00,3.502576600003514,0.0,11.777335385932304
2025-01-30 21:00:00,3.2058133263687942,0.0,11.956999829383326
2025-01-30 22:00:00,2.3670557455959447,0.0,5.5124040881768614
2025-01-30 23:00:00,1.7691912462680661,0.0,4.580527157370198
2025-01-31 00:00:00,1.4856267287359628,0.0,4.916159759468189
2025-01-31 01:00:00,1.6697933321633787,0.0,4.617606268306813
2025-01-31 02:00:00,1.1626159905919067,0.0,5.045920392365532
2025-01-31 03:00:00,1.3029776548487109,0.0,5.314469874617005
2025-01-31 04:00:00,1.477524144415379,0.0,5.050896535653281
2025-01-31 05:00:00,2.074568468902138,0.0,4.964985243999301
2025-01-31 06:00:00,2.333326700995082,0.0,8.398520698715616
2025-01-31 07:00:00,2.893313550856438,0.6966486176524751,8.099150730431644
2025-01-31 08:00:00,2.8289794853282832,1.2132944336778264,8.245869816893544
2025-01-31 09:00:00,2.61032266550505,1.7621766266421057,8.21457721605354
2025-01-31 10:00:00,2.358419218083196,2.0268163362456755,5.137127878752972
2025-01-31 11:00:00,1.86617275725118,2.308203107663511,5.976999358313716
2025-01-31 12:00:00,1.7090685321798036,3.2314552844001367,5.676577659335594
2025-01-31 13:00:00,1.5451119069156691,2.46327103746018,5.751204931752941
2025-01-31 14:00:00,1.7018895364211515,2.2315295158757316,6.442375832197588
2025-01-31 15:00:00,1.946841654811914,1.6978791143828584,5.887558336403222
2025-01-31 16:00:00,2.536417280565807,1.507045304646259,6.567770458741802
2025-01-31 17:00:00,3.224005742229357,0.8227852902985694,11.577693473918742
2025-01-31 18:00:00,3.4941176616799208,3.732532032562987e-16,11.67489876591679
2025-01-31 19:00:00,3.6629097225622793,0.0,12.22870519828559
2025-01-31 20:00:00,3.8873601018315433,0.0,11.897588544072448
2025-01-31 21:00:00,3.2811097350668854,0.0,12.092198200980315
2025-01-31 22:00:00,2.266605150001641,0.0,4.966307952089075
2025-01-31 23:00:00,1.6435579775333213,0.0,4.957227128610198
2025-02-01 00:00:00,1.5149087924255427,0.0,4.908729179380377
2025-02-01 01:00:00,1.6402162375135627,0.0,5.053848008122321
2025-02-01 02:00:00,1.7743658457628424,0.0,5.192491486258371
2025-02-01 03:00:00,1.6049180941494274,0.0,5.484326645291743
2025-02-01 04:00:00,1.560199606211815,0.0,4.939246239397154
2025-02-01 05:00:00,1.7214220456563594,0.0,4.881908511309238
2025-02-01 06:00:00,2.2926563473077857,0.0,7.84326153306226
2025-02-01 07:00:00,2.7333262592044654,0.8419431772772198,8.440935156509749
2025-02-01 08:00:00,2.8477434373378956,1.3786430707102122,8.207097469134146
2025-02-01 09:00:00,3.085566394425122,1.8729786000710138,7.4302899720685485
2025-02-01 10:00:00,2.5590224208856087,2.4928936752703335,5.4170637891610856
2025-02-01 11:00:00,2.0278389101441774,2.9685884704183745,5.7509826361505745
2025-02-01 12:00:00,1.4886301496788155,2.5205048546485314,6.069043633216312
2025-02-01 13:00:00,1.7015154541995288,2.4445059368628863,5.989958958234393
2025-02-01 14:00:00,1.7561119388776427,2.49403450578879,6.154433565553104
2025-02-01 15:00:00,1.9895056357067555,2.2667741763359466,5.947366967345016
2025-02-01 16:00:00,2.607201962259635,1.28874635164197,6.419225631413683
2025-02-01 17:00:00,3.198260171366878,0.6869554756991807,12.231633413632204
2025-02-01 18:00:00,3.8481005962843366,3.9899651329631797e-16,12.023272982134706
2025-02-01 19:00:00,4.095535948369239,0.0,12.343601829160232
2025-02-01 20:00:00,3.788217003384133,0.0,11.505328132705433
2025-02-01 21:00:00,2.8354093016204676,0.0,11.974477586200432
2025-02-01 22:00:00,2.4322417645402252,0.0,5.041253691838396
2025-02-01 23:00:00,1.8391044946877968,0.0,5.180610949985753
2025-02-02 00:00:00,1.3080774256284595,0.0,4.485450199151414
2025-02-02 01:00:00,1.7528629964561069,0.0,4.921877927937656
2025-02-02 02:00:00,1.7640759685305507,0.0,5.120138238905322
2025-02-02 03:00:00,1.7313565483785516,0.0,5.143148637919201
2025-02-02 04:00:00,1.6542391232280504,0.0,5.35583895243626
2025-02-02 05:00:00,2.057985407036987,0.0,5.228451599722024
2025-02-02 06:00:00,2.2927466306474615,0.0,7.9817461851883875
2025-02-02 07:00:00,2.8086355563219207,0.7952601691070943,8.202492124684627
2025-02-02 08:00:00,2.8359829176279203,1.4734431793124816,7.93959090933361
2025-02-02 09:00:00,2.837801742470455,2.243223042234632,8.044032185828856
2025-02-02 10:00:00,2.300305049838452,2.699530986857338,6.238440705044209
2025-02-02 11:00:00,1.6620337900856934,2.3418075534703813,5.986409762043587
2025-02-02 12:00:00,1.619078142577695,3.2337758904988405,6.108596903859551
2025-02-02 13:00:00,1.5613031209764157,3.061935351867294,6.288392630795104
2025-02-02 14:00:00,1.9298021524496534,2.2593656015878016,6.213649458221716
2025-02-02 15:00:00,2.057255791353159,1.6357420384104517,6.370041556764411
2025-02-02 16:00:00,2.4214689880667883,1.4435506156795384,6.698534489385873
2025-02-02 17:00:00,3.140272596407849,0.705119562897516,12.210878332007082
2025-02-02 18:00:00,3.743730317554316,3.7109288141044667e-16,11.861612234578574
2025-02-02 19:00:00,3.9695629081440753,0.0,12.15354691434594
2025-02-02 20:00:00,3.5747342125755743,0.0,12.140645524947125
2025-02-02 21:00:00,3.0802931894365555,0.0,12.184053208053115
2025-02-02 22:00:00,2.3077838644307644,0.0,5.448504874171212
2025-02-02 23:00:00,1.7349859576766937,0.0,4.494766547304798
2025-02-03 00:00:00,1.5767368414565928,0.0,5.45415139739892
2025-02-03 01:00:00,1.5592802025509684,0.0,5.555125060417434
2025-02-03 02:00:00,1.2367205406924835,0.0,5.170421198981065
2025-02-03 03:00:00,1.5090707627099407,0.0,5.1776405243669394
2025-02-03 04:00:00,1.7653123185846578,0.0,4.92750655782215
2025-02-03 05:00:00,2.014275199728537,0.0,5.001897196945012
2025-02-03 06:00:00,2.444814179989973,0.0,8.209385647744446
2025-02-03 07:00:00,2.7840529458224728,0.617478002057026,8.190065717831096
2025-02-03 08:00:00,2.873246824001845,1.3353602757452128,8.216212919001016
2025-02-03 09:00:00,2.61569822269192,2.146896972188281,8.188000571480986
2025-02-03 10:00:00,2.342937896287343,2.6099736611691258,6.2695169922427105
2025-02-03 11:00:00,1.9143236127656376,2.7423534492046016,6.235994600995694
2025-02-03 12:00:00,1.8198573760909444,3.069018878121997,5.69269540042196
2025-02-03 13:00:00,1.7382595031062493,2.3259806622815753,6.2496804130523635
2025-02-03 14:00:00,1.6403336789732816,2.0944444520081342,6.557575984924868
2025-02-03 15:00:00,1.7364929102470172,2.0862871201834774,5.992011974413379
2025-02-03 16:00:00,2.371886182651434,1.4929081571574851,6.449843984394743
2025-02-03 17:00:00,3.135539179159265,0.8037298199007978,11.724811410026522
2025-02-03 18:00:00,3.7067859740302755,3.037655301233435e-16,11.99107121411687
2025-02-03 19:00:00,3.9133158896517592,0.0,11.807652554457043
2025-02-03 20:00:00,3.775031014429302,0.0,12.413766375727139
2025-02-03 21:00:00,3.0273573098660034,0.0,12.492142966322655
2025-02-03 22:00:00,2.3254886903698355,0.0,4.970241163973731
2025-02-03 23:00:00,1.9692512136606815,0.0,5.3513184567985554
2025-02-04 00:00:00,1.4397546822550817,0.0,5.495187988371
2025-02-04 01:00:00,1.537206161907736,0.0,4.990124342611499
2025-02-04 02:00:00,1.5457072708255135,0.0,5.038925483539095
2025-02-04 03:00:00,1.3565591081704735,0.0,5.220084610888095
2025-02-04 04:00:00,1.5437709421198575,0.0,4.747238605543915
2025-02-04 05:00:00,2.071058179881558,0.0,5.033029278564368
2025-02-04 06:00:00,2.1166267266470444,0.0,8.642836131860582
2025-02-04 07:00:00,2.4607177974416743,0.6094904882143425,7.849995943924911
2025-02-04 08:00:00,2.7207268502108413,1.2500403384026115,8.256147872211955
2025-02-04 09:00:00,2.7826195387821295,2.059522344984125,8.157141333841103
2025-02-04 10:00:00,2.295884752279694,2.015981925699218,5.950870227389115
2025-02-04 11:00:00,1.8397899792970949,2.50590354737413,6.066496527872817
2025-02-04 12:00:00,1.8088861836894599,2.3679738457033697,6.525785977361829
2025-02-04 13:00:00,1.1723373905894963,2.6177236569834053,6.16607914397379
2025-02-04 14:00:00,1.719558058617581,2.0425018928606624,6.212945586978379
2025-02-04 15:00:00,2.1573395223466836,2.0590555302805535,6.4802586888755265
2025-02-04 16:00:00,2.2505850574693116,1.4960155320840791,5.91317686890055
2025-02-04 17:00:00,3.0459835231692023,0.7853921352841733,11.685925527048646
2025-02-04 18:00:00,3.624164673254393,3.1014371134707354e-16,12.530504217477084
2025-02-04 19:00:00,3.865848098951778,0.0,12.04095653478553
2025-02-04 20:00:00,3.688158991430361,0.0,12.268080255044705
2025-02-04 21:00:00,3.3170737636302707,0.0,11.771301244314191
2025-02-04 22:00:00,2.6953066042517695,0.0,5.11655789157385
2025-02-04 23:00:00,1.8721424047591435,0.0,4.670920164541442
2025-02-05 00:00:00,1.7858126013841331,0.0,5.019121951918428
2025-02-05 01:00:00,1.505926975108677,0.0,4.8056230444465164
2025-02-05 02:00:00,1.7677803214028573,0.0,4.736703699526235
2025-02-05 03:00:00,1.513478660886186,0.0,4.909063199190223
2025-02-05 04:00:00,1.6356157846065909,0.0,4.311982807109538
2025-02-05 05:00:00,1.910212809790514,0.0,4.65202926866674
2025-02-05 06:00:00,2.767766705462318,0.0,8.234724246878098
2025-02-05 07:00:00,2.905908801013972,0.601586950899611,8.104299916864319
2025-02-05 08:00:00,2.893913943704498,1.3580869156214053,7.6777439159112175
2025-02-05 09:00:00,2.9236027273370078,2.2612627753651897,8.16436207083952
2025-02-05 10:00:00,2.236972280012138,2.7139604705702167,5.736536078354434
2025-02-05 11:00:00,1.7839690801756816,3.115623642291037,6.216589161124025
2025-02-05 12:00:00,1.7630479133340013,2.8495808602611157,5.965308277961452
2025-02-05 13:00:00,1.5779253937206097,2.6708475413476838,5.902463054882302
2025-02-05 14:00:00,1.7019543646297284,2.3404892342438774,5.9726809128817635
2025-02-05 15:00:00,1.9252215753559416,1.672447016911392,6.767858536999713
2025-02-05 16:00:00,2.4702396411938836,1.6115109208558285,5.772359544143295
2025-02-05 17:00:00,3.166699384553109,0.727852116067445,12.067967599879914
2025-02-05 18:00:00,3.446553420932874,3.393921696861068e-16,12.23441061284771
2025-02-05 19:00:00,4.099985906154838,0.0,11.71127614527332
2025-02-05 20:00:00,3.589795379209272,0.0,11.521722648778221
2025-02-05 21:00:00,2.8866061007436836,0.0,11.819670557111348
2025-02-05 22:00:00,2.410936916349839,0.0,5.227838960332661
2025-02-05 23:00:00,1.9351304390123336,0.0,4.897398964481515
2025-02-06 00:00:00,1.3960276445886204,0.0,4.930668220591692
2025-02-06 01:00:00,1.6252452822111794,0.0,5.273230895387624
2025-02-06 02:00:00,1.3034003924420592,0.0,4.758097076151542
2025-02-06 03:00:00,1.466431896018326,0.0,4.973373406656165
2025-02-06 04:00:00,1.5282259904597193,0.0,4.5458476876049545
2025-02-06 05:00:00,1.8484035483431878,0.0,5.0962157182177386
2025-02-06 06:00:00,2.3327682962542733,0.0,8.068852122370522
2025-02-06 07:00:00,2.6270320223437222,0.6572783453938968,8.238660889450165
2025-02-06 08:00:00,3.108646024815652,1.2560217553682833,7.656423160498584
2025-02-06 09:00:00,2.787703402045834,2.0971666671853146,7.942433725768275
2025-02-06 10:00:00,2.007455222578003,2.1975121862552083,5.6164588918625435
2025-02-06 11:00:00,1.5636428915513083,2.781563552698828,5.926167994153261
2025-02-06 12:00:00,1.624909815410788,3.160753708228603,6.444536422632368
2025-02-06 13:00:00,1.5401174578869838,2.6242269300304075,5.903774173207805
2025-02-06 14:00:00,1.6446549604167624,2.3430132390182616,5.590224052726529
2025-02-06 15:00:00,1.918926423596615,1.6715618829449308,5.796036220507555
2025-02-06 16:00:00,2.4535861481295957,1.2906906220788568,5.516714449974836
2025-02-06 17:00:00,3.2451019414149314,0.7827857749648243,11.611268136357834
2025-02-06 18:00:00,3.5704327257010524,3.2911646571158104e-16,12.20129608424862
2025-02-06 19:00:00,3.8242042669282883,0.0,11.56611502879137
2025-02-06 20:00:00,3.5730997135007097,0.0,12.093698577106464
2025-02-06 21:00:00,3.1462884711529013,0.0,12.007722802764771
2025-02-06 22:00:00,2.6064407097256086,0.0,4.840541525272
2025-02-06 23:00:00,1.857832372779239,0.0,5.068204994017333
2025-02-07 00:00:00,1.1247985926505144,0.0,4.718701547195823
2025-02-07 01:00:00,1.2449915741694269,0.0,5.252253320248114
2025-02-07 02:00:00,1.3797711589782935,0.0,4.790497910428301
2025-02-07 03:00:00,1.4438141252099275,0.0,4.8840899334179335
2025-02-07 04:00:00,1.5546988166114604,0.0,4.848394698380868
2025-02-07 05:00:00,1.8611788073412263,0.0,5.20684206932233
2025-02-07 06:00:00,2.2441767039338205,0.0,8.16333317405267
2025-02-07 07:00:00,2.935616906368765,0.7146059392745269,7.21348965022286
2025-02-07 08:00:00,2.8986010273450127,1.1687138428543096,8.076272880883455
2025-02-07 09:00:00,2.6489053528742974,2.2091380490611328,7.476622150452326
2025-02-07 10:00:00,2.3630784913528586,2.167901309035742,5.897603486343251
2025-02-07 11:00:00,1.6270852971219452,3.1519782966672354,5.9675477934759895
2025-02-07 12:00:00,1.6852114651481849,2.3808999045380186,5.894382531140449
2025-02-07 13:00:00,1.588645533113877,3.0512458743401827,6.150245766629675
2025-02-07 14:00:00,1.6380516039652322,2.593299951371368,6.21602296982386
2025-02-07 15:00:00,2.161365208148537,1.829262962550367,5.7679602621542125
2025-02-07 16:00:00,2.326421055408861,1.269790476021854,5.757060899250804
2025-02-07 17:00:00,3.411999225516298,0.6975363902334499,11.989209133904245
2025-02-07 18:00:00,3.7032837434544716,3.8778553800488064e-16,11.536880375830153
2025-02-07 19:00:00,3.808447539117873,0.0,11.856906607443696
2025-02-07 20:00:00,3.747586229333041,0.0,12.404423350016208
2025-02-07 21:00:00,2.9415141910297797,0.0,11.548109830436786
2025-02-07 22:00:00,2.3069352257566167,0.0,4.897964792205977
2025-02-07 23:00:00,1.9820882835174893,0.0,4.822309756120965
2025-02-08 00:00:00,1.5833908825719814,0.0,5.601580364416328
2025-02-08 01:00:00,1.4072653485228446,0.0,4.838641637999104
2025-02-08 02:00:00,1.6528374391546552,0.0,4.8560567343924514
2025-02-08 03:00:00,1.70109962203738,0.0,4.690770521659481
2025-02-08 04:00:00,1.831402374184163,0.0,5.002796541070175
2025-02-08 05:00:00,1.934803649962947,0.0,5.0810501165071065
2025-02-08 06:00:00,2.4954529603700424,0.0,7.734254045714122
2025-02-08 07:00:00,2.496096200591145,0.8453137805694801,8.29661684021659
2025-02-08 08:00:00,2.9523176409029483,1.4619038351499898,8.081319075286553
2025-02-08 09:00:00,2.648202258347115,2.0170137885646895,8.255569780629555
2025-02-08 10:00:00,2.309131039743898,2.0408771397234973,5.901559341648024
2025-02-08 11:00:00,1.7717142247313524,3.1377896522802398,6.0729552992674
2025-02-08 12:00:00,1.6018340330577248,2.892792840721981,5.936071051537775
2025-02-08 13:00:00,1.8555887875855444,3.067372594631654,6.437304464847345
2025-02-08 14:00:00,1.6347100079899006,2.6024213415230126,6.034879241211319
2025-02-08 15:00:00,1.9851926396546797,2.2252395384786046,6.0026261844945
2025-02-08 16:00:00,2.384911772714433,1.5213203003883002,5.862527400293725
2025-02-08 17:00:00,3.1143114931312113,0.8468317591057437,11.84521091085835
2025-02-08 18:00:00,3.738000962904097,3.150604265361992e-16,12.071316622447148
2025-02-08 19:00:00,4.0672486157593815,0.0,12.245876237811814
2025-02-08 20:00:00,3.9118944225158936,0.0,11.794632570626973
2025-02-08 21:00:00,3.3500600707180945,0.0,12.037973783152838
2025-02-08 22:00:00,2.4661416152150166,0.0,5.055250847305734
2025-02-08 23:00:00,2.010965321420506,0.0,5.107509054912683
2025-02-09 00:00:00,1.3274238928966275,0.0,4.487751079441784
2025-02-09 01:00:00,1.4874089921986402,0.0,4.7225801900867035
2025-02-09 02:00:00,1.6457700871302334,0.0,4.59024664396343
2025-02-09 03:00:00,1.6573687540967827,0.0,5.009865327995524
2025-02-09 04:00:00,1.6476985706189269,0.0,4.729707989032907
2025-02-09 05:00:00,1.9883507328292815,0.0,4.851127664471976
2025-02-09 06:00:00,2.3645536599062607,0.0,7.641715842826747
2025-02-09 07:00:00,2.9582619035261524,0.6755848297257236,7.8790290388496595
2025-02-09 08:00:00,3.0434074967407843,1.342547303218146,7.662768919634369
2025-02-09 09:00:00,2.7248982994599737,1.8833797969452608,8.227372532609886
2025-02-09 10:00:00,2.3416233491147427,2.5329064373759693,6.143768390938673
2025-02-09 11:00:00,1.4178424512329466,2.6774864467913115,6.045068784442305
2025-02-09 12:00:00,1.684190569807942,2.464168286310728,5.90941742109583
2025-02-09 13:00:00,1.0260006317727193,3.1439303927314732,5.388693970109182
2025-02-09 14:00:00,1.4016484663421447,2.2185768662943706,5.862538012351546
2025-02-09 15:00:00,1.9908890822172953,2.046566354966818,5.771563036893788
2025-02-09 16:00:00,2.4913815727930877,1.4777878957098711,6.074182265179656
2025-02-09 17:00:00,2.9285901829166967,0.6202161245723973,12.185912150641311
2025-02-09 18:00:00,3.6302831545568455,3.002597069532112e-16,12.097389798747926
2025-02-09 19:00:00,4.205581154155527,0.0,12.378911492737977
2025-02-09 20:00:00,3.6644937724479156,0.0,11.829505729684474
2025-02-09 21:00:00,3.439389017938043,0.0,11.817067235603806
2025-02-09 22:00:00,2.4194106249521896,0.0,5.311363468670773
2025-02-09 23:00:00,1.9837387150473555,0.0,5.049864918361441
2025-02-10 00:00:00,1.7425847290492538,0.0,4.925900377837335
2025-02-10 01:00:00,1.520244570989996,0.0,5.5539563434684345
2025-02-10 02:00:00,1.354375070294075,0.0,5.173319164214805
2025-02-10 03:00:00,1.5110143405800662,0.0,4.942836747819775
2025-02-10 04:00:00,1.6106155002711557,0.0,4.79421655590581
2025-02-10 05:00:00,1.650680391063854,0.0,5.39795380147516
2025-02-10 06:00:00,2.252563842856064,0.0,8.062099106266901
2025-02-10 07:00:00,2.6668871506876384,0.6835390789021704,8.007355075861527
2025-02-10 08:00:00,3.138657286775333,1.5711480986925663,8.202882928236527
2025-02-10 09:00:00,2.783444827923417,2.1779864905993285,8.264026357056192
2025-02-10 10:00:00,2.2488277982026537,2.8403922389737626,6.164960995347269
2025-02-10 11:00:00,1.8415043180174766,2.5084865990195295,6.265192672689583
2025-02-10 12:00:00,1.6602260121111094,3.161458128818836,6.135412307670805
2025-02-10 13:00:00,1.6657846855084038,2.8449255207263966,6.166467175029068
2025-02-10 14:00:00,1.5102111431525502,2.318678111282651,5.78050864354697
2025-02-10 15:00:00,1.7668856471829568,1.6974069974393935,6.543106164485268
2025-02-10 16:00:00,2.585454054513448,1.5972386188770873,5.629897002302789
2025-02-10 17:00:00,3.0411039691069766,0.6752241093637195,12.092813284349242
2025-02-10 18:00:00,3.524572146949155,3.6797780549375e-16,11.598969882546418
2025-02-10 19:00:00,4.066571912270874,0.0,11.970561378349213
2025-02-10 20:00:00,3.80660376308872,0.0,11.828611908639575
2025-02-10 21:00:00,2.873343682489089,0.0,12.040726761403196
2025-02-10 22:00:00,2.4541208602481825,0.0,5.102527304407293
2025-02-10 23:00:00,2.032870752379422,0.0,4.713099889101622
2025-02-11 00:00:00,1.556211537030402,0.0,4.991175663514527
2025-02-11 01:00:00,1.5953877261251925,0.0,5.418102266736884
2025-02-11 02:00:00,1.2940863026840828,0.0,4.606320470749562
2025-02-11 03:00:00,1.5771294815836392,0.0,4.74378386925138
2025-02-11 04:00:00,1.5705641467791023,0.0,5.2582263943746
2025-02-11 05:00:00,1.782973115085392,0.0,5.023266443973926
2025-02-11 06:00:00,2.4215219949701465,0.0,8.04534647894737
2025-02-11 07:00:00,3.0001071413883884,0.733079766659725,8.306690704607698
2025-02-11 08:00:00,3.269159131387272,1.2598290615231138,7.7617793894605125
2025-02-11 09:00:00,2.9754742275215147,2.3812536894051832,7.844199430970721
2025-02-11 10:00:00,2.2747870333302616,2.0696524333945683,5.8072074400599485
2025-02-11 11:00:00,1.9103396320648145,2.303071415760034,5.8955390857993315
2025-02-11 12:00:00,1.7417811401178211,2.7540266517578935,6.401856625484304
2025-02-11 13:00:00,1.5914392479498563,2.9028702381059084,5.489675971342646
2025-02-11 14:00:00,1.6797826056396892,2.2143019147965615,5.641734356726978
2025-02-11 15:00:00,2.046686761857575,2.062325102520149,5.590295079812046
2025-02-11 16:00:00,2.410859775299179,1.5547277725067876,6.42050818520579
2025-02-11 17:00:00,2.9935614594816373,0.639223205098234,11.81568001959007
2025-02-11 18:00:00,3.6749275009633076,4.1340078702206135e-16,11.9019979061745
2025-02-11 19:00:00,4.095086562523469,0.0,11.515609746623719
2025-02-11 20:00:00,3.7375472858638106,0.0,11.921284189150224
2025-02-11 21:00:00,3.153982467607846,0.0,12.25995651625259
2025-02-11 22:00:00,2.52021048925897,0.0,5.075887114481889
2025-02-11 23:00:00,1.8663070690805241,0.0,4.9676407846104125
2025-02-12 00:00:00,1.6134907938189333,0.0,4.5305343423644775
2025-02-12 01:00:00,1.5574168940797424,0.0,4.901614373807608
2025-02-12 02:00:00,1.3195047043609733,0.0,5.044074429177765
2025-02-12 03:00:00,1.7438191770121465,0.0,4.702452542890009
2025-02-12 04:00:00,1.540845399136132,0.0,5.196467347393364
2025-02-12 05:00:00,1.607127337416311,0.0,5.265520563993521
2025-02-12 06:00:00,2.1341820971192424,0.0,7.841405387403771
2025-02-12 07:00:00,2.625059190685506,0.870498984742853,8.217749658131511
2025-02-12 08:00:00,3.0078296209958477,1.6168387118740146,7.96707812075479
2025-02-12 09:00:00,2.7371754709636935,2.2737069715828166,8.344141394473644
2025-02-12 10:00:00,2.2407223654287005,2.364700401839185,6.610245198017424
2025-02-12 11:00:00,1.9503869024332348,2.6329029720662853,5.671900355420026
2025-02-12 12:00:00,1.6777390135290902,2.6817255658126213,6.230845321064
2025-02-12 13:00:00,1.6206697361515798,2.64457882691668,6.391489369848818
2025-02-12 14:00:00,1.7216422460522613,2.3912475352275675,5.708795897894451
2025-02-12 15:00:00,2.0155439922764833,1.786658418571063,5.827463799534402
2025-02-12 16:00:00,2.1035591709364523,1.3736606232176516,5.8240868705312385
2025-02-12 17:00:00,3.048288762098017,0.7350668055636529,11.960165628439164
2025-02-12 18:00:00,3.4100669511652653,3.3061973214266207e-16,11.893090348133814
2025-02-12 19:00:00,4.0054089948830764,0.0,11.940514623583475
2025-02-12 20:00:00,3.7364033463501656,0.0,12.25139649848345
2025-02-12 21:00:00,3.259780812296047,0.0,11.431256483434153
2025-02-12 22:00:00,2.5978437618368098,0.0,4.707831973507587
2025-02-12 23:00:00,1.9529495457530206,0.0,5.20097842286296
2025-02-13 00:00:00,1.4249994076649275,0.0,5.165832844586262
2025-02-13 01:00:00,1.573364670442844,0.0,4.682437341789983
2025-02-13 02:00:00,1.425539021799048,0.0,5.167910585091101
2025-02-13 03:00:00,1.5272645606177075,0.0,5.398060087045932
2025-02-13 04:00:00,1.7638775582437844,0.0,4.985292045660347
2025-02-13 05:00:00,1.7717259369956753,0.0,4.697611693380834
2025-02-13 06:00:00,2.4117904494435627,0.0,8.262486276894274
2025-02-13 07:00:00,2.8798261700910994,0.7041244380742274,8.516913629291262
2025-02-13 08:00:00,2.8567848506275944,1.5686165051023617,7.734157908968131
2025-02-13 09:00:00,2.924337166028239,2.061738888479256,8.01177562218501
2025-02-13 10:00:00,2.396032112380515,2.1118025466179997,6.327046690466106
2025-02-13 11:00:00,1.8727204907167616,2.4720890876995836,6.034607614488956
2025-02-13 12:00:00,1.5124091906460368,3.352781315162229,5.475811100097575
2025-02-13 13:00:00,1.4443816527686013,2.414102024525557,6.13302531563574
2025-02-13 14:00:00,1.579518590917504,2.6369542861423154,5.706357409103131
2025-02-13 15:00:00,2.0045129615699415,2.267108579950252,5.618783220301796
2025-02-13 16:00:00,2.276408397092859,1.3328582798937303,5.481675602704262
2025-02-13 17:00:00,3.168581337230667,0.8119660113168021,12.357122187949704
2025-02-13 18:00:00,3.5508351315069273,3.1445396371395343e-16,11.749586604294771
2025-02-13 19:00:00,3.96938971819758,0.0,12.100000854074361
2025-02-13 20:00:00,3.7535454553699186,0.0,12.17368632917382
2025-02-13 21:00:00,3.4697204928364327,0.0,12.04854569694456
2025-02-13 22:00:00,2.2131012546005864,0.0,5.088971233992192
2025-02-13 23:00:00,2.1433354734886856,0.0,5.114314426219849
2025-02-14 00:00:00,1.5225299313725547,0.0,5.041429305993618
2025-02-14 01:00:00,1.5622662912633778,0.0,4.7719521457051925
2025-02-14 02:00:00,1.5224788544059258,0.0,4.745198851354523
2025-02-14 03:00:00,1.5941824810634948,0.0,4.968505536747222
2025-02-14 04:00:00,1.5929043450453666,0.0,4.962150785585295
2025-02-14 05:00:00,2.0734991661127076,0.0,5.128795919727972
2025-02-14 06:00:00,2.2224679819234794,0.0,8.330495020149549
2025-02-14 07:00:00,2.948051150614141,0.6514862512453004,8.103171608170847
2025-02-14 08:00:00,2.9033485551652642,1.7163741715239837,7.756734884264851
2025-02-14 09:00:00,2.7692152698354358,2.3853860289747386,7.345653255580816
2025-02-14 10:00:00,2.1304527777312563,2.881083833814545,5.769318838236203
2025-02-14 11:00:00,1.925685165662991,2.9405293827811563,5.596652891542043
2025-02-14 12:00:00,1.8435266028891646,2.941778338503057,5.78088833929176
2025-02-14 13:00:00,1.5616591285818087,2.8549580513668666,6.0726830966595635
2025-02-14 14:00:00,1.630635122647371,2.0946501586521036,6.025317152351603
2025-02-14 15:00:00,1.7559312476159588,2.0631658310819483,6.557453285081463
2025-02-14 16:00:00,2.385358274170222,1.5228924294669863,6.144924465624656
2025-02-14 17:00:00,2.8640353609794573,0.7976205697253258,12.57275018499441
2025-02-14 18:00:00,3.6001667628308622,3.3621562501527794e-16,12.214541821196978
2025-02-14 19:00:00,4.0340179127797775,0.0,12.32571202299151
2025-02-14 20:00:00,3.9349502718450267,0.0,11.892329318513713
2025-02-14 21:00:00,3.5243326002620208,0.0,11.677647215001212
2025-02-14 22:00:00,2.3317108401680064,0.0,4.865312032759736
2025-02-14 23:00:00,2.1378283120119814,0.0,4.996439140796601
2025-02-15 00:00:00,1.5366164413347096,0.0,4.811552334798494
2025-02-15 01:00:00,1.477903356549027,0.0,4.699657272658745
2025-02-15 02:00:00,1.5696158351566178,0.0,5.125051307726228
2025-02-15 03:00:00,1.5367609308862036,0.0,4.698380850140825
2025-02-15 04:00:00,1.632516469541502,0.0,4.539952415564441
2025-02-15 05:00:00,1.7941416644700885,0.0,4.663374165830721
2025-02-15 06:00:00,2.08122220458736,0.0,7.929693353521025
2025-02-15 07:00:00,2.546672184408942,0.7284920088912751,7.702724267670643
2025-02-15 08:00:00,3.0979903556894017,1.587291932379623,7.931573029004447
2025-02-15 09:00:00,2.736748033282772,2.41711975996685,8.180133291583763
2025-02-15 10:00:00,2.2018338256263643,2.8814669632030663,6.172332914059005
2025-02-15 11:00:00,1.858707451619336,2.8146681023805544,5.801752227273207
2025-02-15 12:00:00,1.7459975472875287,3.253967329501115,5.608817523888315
2025-02-15 13:00:00,1.6003171470088966,2.401326301822056,5.827312960455238
2025-02-15 14:00:00,1.5617597369568124,2.602561410455439,6.196693442935065
2025-02-15 15:00:00,2.1070677354234904,2.3824328524824048,6.266758868713371
2025-02-15 16:00:00,2.656629997650313,1.411632155922421,6.105866976310006
2025-02-15 17:00:00,3.1771379982361143,0.8816147927886828,12.360430815298626
2025-02-15 18:00:00,3.8831479875403,3.2349573324744123e-16,12.518760635885812
2025-02-15 19:00:00,4.186294005385479,0.0,11.855031621561142
2025-02-15 20:00:00,3.906613189644494,0.0,12.445968976195948
2025-02-15 21:00:00,3.1950658476444884,0.0,11.921835143762477
2025-02-15 22:00:00,2.509450659989874,0.0,5.305954609178019
2025-02-15 23:00:00,2.000482374517141,0.0,5.212571740601828
2025-02-16 00:00:00,1.335452918092406,0.0,4.406882474224213
2025-02-16 01:00:00,1.605698977089921,0.0,4.710131859521963
2025-02-16 02:00:00,1.301354571728712,0.0,4.633613625106893
2025-02-16 03:00:00,1.4082835400654516,0.0,4.465385890512234
2025-02-16 04:00:00,1.8114918708708825,0.0,5.263794495018697
2025-02-16 05:00:00,1.9814246632982184,0.0,5.620631556536019
2025-02-16 06:00:00,2.514048397010067,0.0,7.922698248590284
2025-02-16 07:00:00,2.73746480723416,0.6878288803976954,8.256246999609914
2025-02-16 08:00:00,2.8271662970057028,1.2803983055799821,8.445387595307224
2025-02-16 09:00:00,2.7421874672350777,2.4166081269750683,8.062499510054828
2025-02-16 10:00:00,2.3065518551608752,2.6885951478370202,5.992406080525488
2025-02-16 11:00:00,1.8692799150618644,3.1526595424639803,5.926293621677372
2025-02-16 12:00:00,1.7968097811636898,3.147268890071836,6.161267664661493
2025-02-16 13:00:00,1.51907199180442,3.1729566504604385,6.262408215009774
2025-02-16 14:00:00,1.712973148223396,2.244875625376041,6.138541471811754
2025-02-16 15:00:00,1.7748297196609568,2.0785602615817047,6.12823892274506
2025-02-16 16:00:00,2.4872997639096406,1.5581355657742408,5.984639129637613
2025-02-16 17:00:00,3.1034207824655318,0.6550132786261023,11.522113642478168
2025-02-16 18:00:00,3.6246264600960085,3.15853730272909e-16,12.269314916626978
2025-02-16 19:00:00,3.9646256015371795,0.0,11.614612464115545
2025-02-16 20:00:00,3.7094719302065338,0.0,12.185815692625747
2025-02-16 21:00:00,3.0624277016770307,0.0,12.226720994997887
2025-02-16 22:00:00,2.685399789268794,0.0,4.657870368652782
2025-02-16 23:00:00,1.9077663881689837,0.0,4.817659762818454
2025-02-17 00:00:00,1.4634691527478618,0.0,5.636442365416923
2025-02-17 01:00:00,1.1859728599194619,0.0,4.9761553286391855
2025-02-17 02:00:00,1.3705955646007735,0.0,4.6339358973696445
2025-02-17 03:00:00,1.4880124446657568,0.0,5.240263771913912
2025-02-17 04:00:00,1.5130792092731729,0.0,4.768197438328046
2025-02-17 05:00:00,2.062647777900758,0.0,4.423842793263772
2025-02-17 06:00:00,2.2661979872477547,0.0,8.15593086441394
2025-02-17 07:00:00,2.9714826021849916,0.7066771471861285,7.725014655265062
2025-02-17 08:00:00,3.009259318304773,1.3872691751902197,8.096356502666731
2025-02-17 09:00:00,2.7838372222588657,2.4194290836418104,7.756192988569291
2025-02-17 10:00:00,2.2779276934179142,2.8849214490090067,6.212161258280905
2025-02-17 11:00:00,1.8580010453540818,2.7128497619237666,6.0550494973817806
2025-02-17 12:00:00,1.8845769598076636,2.822917778357846,5.223237423312305
2025-02-17 13:00:00,1.225320946542254,2.6505941391016474,6.1146037622113765
2025-02-17 14:00:00,1.3599361157871557,2.4021420894829615,5.913080601470883
2025-02-17 15:00:00,1.8416481674177305,2.355559363621501,6.425015292657242
2025-02-17 16:00:00,2.421931354493704,1.2222837334674437,6.118562354704755
2025-02-17 17:00:00,3.206470163652288,0.7475732394007688,12.226847353125905
2025-02-17 18:00:00,3.8080615405428078,4.1845784196574567e-16,11.786837759693723
2025-02-17 19:00:00,3.942363118931322,0.0,11.762979674754611
2025-02-17 20:00:00,3.8899548461700815,0.0,11.99230520068183
2025-02-17 21:00:00,3.257480281550505,0.0,11.891815161961846
2025-02-17 22:00:00,2.4473072776193763,0.0,5.401402715663025
2025-02-17 23:00:00,2.0669319243881916,0.0,4.954004282383002
2025-02-18 00:00:00,1.5409503587892819,0.0,4.632553475004881
2025-02-18 01:00:00,1.4163680495435507,0.0,4.751725725893402
2025-02-18 02:00:00,1.6093991932476959,0.0,5.289515325384201
2025-02-18 03:00:00,1.5440654267210114,0.0,4.949822796721122
2025-02-18 04:00:00,1.6161580877128423,0.0,4.933786469615072
2025-02-18 05:00:00,2.076334674722525,0.0,5.3180562707653385
2025-02-18 06:00:00,1.9233078342761747,0.0,7.725571043340338
2025-02-18 07:00:00,2.5655633392633184,0.7364022938242265,7.329447110471801
2025-02-18 08:00:00,2.8219430592410624,1.6825731883890236,7.744140006093008
2025-02-18 09:00:00,2.723763949660308,1.8070463772457022,8.072626726563902
2025-02-18 10:00:00,2.253055935109885,2.555170552005252,5.925146543898573
2025-02-18 11:00:00,1.631332760444906,3.2153309989813557,5.53187111397467
2025-02-18 12:00:00,1.4789840045035607,3.0272922770471578,6.304817859405465
2025-02-18 13:00:00,1.4441363037764015,2.57346204004271,6.049049083825334
2025-02-18 14:00:00,2.028781591264341,2.7836672556189264,6.116704408414048
2025-02-18 15:00:00,2.1933850842382197,2.2327363973131735,6.125883077935011
2025-02-18 16:00:00,2.3579897595503714,1.4116416965399448,5.610442726245031
2025-02-18 17:00:00,3.0484170063916665,0.6450857209490507,12.090863674928848
2025-02-18 18:00:00,3.5647178612604424,3.0030394538664134e-16,12.272236134960602
2025-02-18 19:00:00,3.7137804438796174,0.0,12.342093069111197
2025-02-18 20:00:00,3.7195662642225384,0.0,12.216378997503886
2025-02-18 21:00:00,2.953273173590991,0.0,12.153938897577607
2025-02-18 22:00:00,2.40697102317934,0.0,4.478773620568876
2025-02-18 23:00:00,1.682502411158644,0.0,4.995519604166759
2025-02-19 00:00:00,1.3857574005279238,0.0,4.713027695169066
2025-02-19 01:00:00,1.5228845678564078,0.0,5.384650364583908
2025-02-19 02:00:00,1.5596581070652857,0.0,5.339113847713115
2025-02-19 03:00:00,1.590094252145512,0.0,4.714841356783942
2025-02-19 04:00:00,1.4178837630761136,0.0,4.986206544888195
2025-02-19 05:00:00,1.983594498414423,0.0,5.074552833052132
2025-02-19 06:00:00,2.1709068990669103,0.0,8.27023737724671
2025-02-19 07:00:00,2.87314465197835,0.7278354373627809,7.497314525039764
2025-02-19 08:00:00,2.9984078217044887,1.411964241470171,7.33711330584871
2025-02-19 09:00:00,2.571794921933937,1.9884732465102741,8.011444553252247
2025-02-19 10:00:00,2.2438175048876112,2.5697900857757188,5.240574953287371
2025-02-19 11:00:00,1.9122361689204281,3.173973618507779,6.047571722943619
2025-02-19 12:00:00,1.7187025164213745,2.7887274554312187,6.1776623320748225
2025-02-19 13:00:00,1.552114370938274,3.1271410881706636,6.370823972498332
2025-02-19 14:00:00,1.8899348110431153,2.258957429331439,5.813229524623202
2025-02-19 15:00:00,2.0742504077241315,2.1525499085985587,6.048354493840547
2025-02-19 16:00:00,2.381254054743106,1.424449978408621,6.195452951898098
2025-02-19 17:00:00,3.215472771758228,0.782030892600793,11.647283997475693
2025-02-19 18:00:00,4.027167483616914,3.1445201458656263e-16,12.27460433932548
2025-02-19 19:00:00,4.294072695980861,0.0,12.082302697568295
2025-02-19 20:00:00,3.5528983100604425,0.0,11.818366100788257
2025-02-19 21:00:00,2.9639710044040224,0.0,12.042414171667678
2025-02-19 22:00:00,2.6424364209387194,0.0,4.958199654446078
2025-02-19 23:00:00,1.76379113088952,0.0,5.23402218507436
2025-02-20 00:00:00,1.3016723992807107,0.0,4.89186197295592
2025-02-20 01:00:00,1.4276613839561263,0.0,5.068127148013658
2025-02-20 02:00:00,1.567760673818883,0.0,4.8137205145540065
2025-02-20 03:00:00,1.5121139523425453,0.0,4.71864714839248
2025-02-20 04:00:00,1.5183725676388304,0.0,5.0514598375729545
2025-02-20 05:00:00,1.7542597696354125,0.0,4.7309696998944295
2025-02-20 06:00:00,2.1840880938952814,0.0,8.240174087434648
2025-02-20 07:00:00,2.6462895204884127,0.8381969274408116,8.177669759653137
2025-02-20 08:00:00,3.342248554788627,1.3740652879917792,7.770465663096834
2025-02-20 09:00:00,2.8228797074734624,2.2366389325859433,8.064134129561955
2025-02-20 10:00:00,2.4242610187355003,2.9333543402489286,5.769090029899795
2025-02-20 11:00:00,1.7840699873930244,3.0029353910792866,5.518706158259497
2025-02-20 12:00:00,1.5988642077722772,2.6895611217524125,5.820832449765889
2025-02-20 13:00:00,1.4662294583493836,2.4310650915548537,5.984904951218187
2025-02-20 14:00:00,1.2624117272150772,2.175469335176025,6.15642261747406
2025-02-20 15:00:00,1.7164224005489679,1.8092779353952921,6.044843979141102
2025-02-20 16:00:00,2.1481593702060096,1.5386971350706211,6.272302384508468
2025-02-20 17:00:00,2.7654869332449454,0.7331661910604779,11.705650148575028
2025-02-20 18:00:00,3.5577946146939707,3.333120732453406e-16,11.886990483626352
2025-02-20 19:00:00,4.1987433577706526,0.0,12.493310010529898
2025-02-20 20:00:00,3.730432867028164,0.0,11.420675984114753
2025-02-20 21:00:00,3.2965355354257713,0.0,11.864413708222202
2025-02-20 22:00:00,2.481345989463773,0.0,4.678551815671206
2025-02-20 23:00:00,2.0399171123724393,0.0,4.941380478723777
2025-02-21 00:00:00,1.3649190199787762,0.0,4.869665753769165
2025-02-21 01:00:00,1.5791831466898838,0.0,5.180646631427025
2025-02-21 02:00:00,1.614033802508847,0.0,5.076656197822851
2025-02-21 03:00:00,1.4409763644991558,0.0,4.608314728426916
2025-02-21 04:00:00,1.6998881662920942,0.0,4.8235513780462735
2025-02-21 05:00:00,1.9403198026803137,0.0,4.999964885262294
2025-02-21 06:00:00,2.208505760387675,0.0,8.221814265211703
2025-02-21 07:00:00,2.6098006999466046,0.851976595338012,8.729886885403978
2025-02-21 08:00:00,2.822384373412477,1.4612160844489128,8.210838736686625
2025-02-21 09:00:00,2.791228878083848,2.117076623528963,7.696250023835154
2025-02-21 10:00:00,2.3402986408931863,2.788543460993498,5.971846423380241
2025-02-21 11:00:00,1.738552733042176,2.9736785465831583,6.054292858510142
2025-02-21 12:00:00,1.6307455105490993,3.018223920622051,5.844182738896944
2025-02-21 13:00:00,1.6588431109757096,2.6018167443228717,6.141077341780363
2025-02-21 14:00:00,1.7528965846527524,2.381007703459593,5.318586873479854
2025-02-21 15:00:00,2.155905810094521,2.0193958873395026,6.1659448863984
2025-02-21 16:00:00,2.611299297032775,1.2426824695313692,5.857083773270858
2025-02-21 17:00:00,2.952760785024205,0.7553142768323656,11.967088430491343
2025-02-21 18:00:00,3.98963639226939,3.035228287793922e-16,12.43971688170795
2025-02-21 19:00:00,3.9203535301800505,0.0,11.621544847317324
2025-02-21 20:00:00,3.8938292140519812,0.0,12.081815783581149
2025-02-21 21:00:00,3.1131489649852586,0.0,12.238176473701934
2025-02-21 22:00:00,2.3578761961600962,0.0,5.051100937485891
2025-02-21 23:00:00,1.6513787595489258,0.0,4.515742308343947
2025-02-22 00:00:00,1.4743188927420103,0.0,5.405118988190398
2025-02-22 01:00:00,1.2666830182651418,0.0,4.936593784878093
2025-02-22 02:00:00,1.649821552774111,0.0,4.841737744976592
2025-02-22 03:00:00,1.754992356905097,0.0,4.906855135342124
2025-02-22 04:00:00,1.4964204623051658,0.0,4.885356082698325
2025-02-22 05:00:00,1.9006872502719794,0.0,4.642946098175067
2025-02-22 06:00:00,2.182129925255991,0.0,8.049485175823195
2025-02-22 07:00:00,2.6839432552667355,0.8432547808977168,7.8208300976258
2025-02-22 08:00:00,3.1161778287770234,1.636305258880897,8.201266481644948
2025-02-22 09:00:00,2.7724723075191173,1.8138065116250457,8.155278648084554
2025-02-22 10:00:00,2.552194366864441,2.211532070814135,6.487700823529143
2025-02-22 11:00:00,1.7850967358054248,2.7731962549228935,5.936510056988196
2025-02-22 12:00:00,1.776658159221358,3.0484102198202843,5.759025074686555
2025-02-22 13:00:00,1.5878745674986041,3.1864288167237427,5.559077299454185
2025-02-22 14:00:00,1.7795346789145925,2.4620072384599414,6.658003015822444
2025-02-22 15:00:00,1.8560501434766556,1.965322185306911,6.19863239895484
2025-02-22 16:00:00,2.412318346570331,1.659448506149155,5.792274023646063
2025-02-22 17:00:00,3.0856296680428463,0.7122481819487299,12.507946526780142
2025-02-22 18:00:00,3.6116898936118185,4.1158805933496156e-16,12.40684871516581
2025-02-22 19:00:00,4.099312236050671,0.0,11.594616749263459
2025-02-22 20:00:00,3.834635643020572,0.0,11.773957537474809
2025-02-22 21:00:00,3.19198417531343,0.0,11.960302546451889
2025-02-22 22:00:00,2.6502434510162884,0.0,4.678974471199411
2025-02-22 23:00:00,2.1399350087006113,0.0,4.971026161126744
2025-02-23 00:00:00,1.4438118657970922,0.0,5.213588583931936
2025-02-23 01:00:00,1.55654835132611,0.0,4.588021742503312
2025-02-23 02:00:00,1.4111865640089631,0.0,5.087900164392181
2025-02-23 03:00:00,1.5309767557513931,0.0,5.350549392629811
2025-02-23 04:00:00,1.5259946933318396,0.0,5.120066071781157
2025-02-23 05:00:00,2.0984021852644963,0.0,4.977315093565973
2025-02-23 06:00:00,2.345493376108632,0.0,7.799569472127123
2025-02-23 07:00:00,2.7455115955715907,0.9040563995537177,8.249252561629806
2025-02-23 08:00:00,3.1790464089756743,1.6713567012234953,7.6469239663855895
2025-02-23 09:00:00,2.4526607353263175,2.508909848042526,8.072837543328538
2025-02-23 10:00:00,1.9891317713449959,3.006044449494875,6.007654719915995
2025-02-23 11:00:00,1.9768074058938292,2.7384283030203176,6.337683307862912
2025-02-23 12:00:00,1.6358279765677899,3.23716705369057,5.825175371679333
2025-02-23 13:00:00,1.610829500594051,2.7288575798320434,5.850679256432064
2025-02-23 14:00:00,1.4612085619551751,2.9857019713695374,5.627440538810573
2025-02-23 15:00:00,1.9196387354485929,2.076511965590385,6.131185282380122
2025-02-23 16:00:00,2.7202785837632697,1.4496598246978987,5.8728552470903255
2025-02-23 17:00:00,3.2265844429070656,0.8994644026966551,11.741377806819045
2025-02-23 18:00:00,3.7625544426101083,4.1546255306815955e-16,11.769955119996816
2025-02-23 19:00:00,3.9341419193476668,0.0,12.161131648938873
2025-02-23 20:00:00,3.677912364403408,0.0,11.66911185008308
2025-02-23 21:00:00,2.7835712876975927,0.0,11.695750210506095
2025-02-23 22:00:00,2.458344666066816,0.0,5.268908427655215
2025-02-23 23:00:00,2.0493557547874435,0.0,4.950163827251158
2025-02-24 00:00:00,1.2637106701988703,0.0,5.286633525795292
2025-02-24 01:00:00,1.4013779697149609,0.0,4.892193255407251
2025-02-24 02:00:00,1.3311069725626818,0.0,4.99966223018101
2025-02-24 03:00:00,1.3826707791128952,0.0,5.046889781580865
2025-02-24 04:00:00,1.6239793547229544,0.0,5.416185880144047
2025-02-24 05:00:00,1.5427313156458176,0.0,5.391761847863081
2025-02-24 06:00:00,2.3830792193107473,0.0,8.3459711114577
2025-02-24 07:00:00,2.8912942252773064,0.7476322868607965,7.811354339019382
2025-02-24 08:00:00,2.962338234991681,1.354958930768981,7.703951129185035
2025-02-24 09:00:00,2.4061467702979478,1.8755055602443107,8.228237438918272
2025-02-24 10:00:00,2.1417843666744307,2.864668867023788,6.4130279106902455
2025-02-24 11:00:00,2.0423668977262674,2.909568742928731,6.348845619635621
2025-02-24 12:00:00,1.2100585672408988,2.5577506734453492,6.003914777200026
2025-02-24 13:00:00,1.521134043725909,3.4439471220154054,6.218342563462245
2025-02-24 14:00:00,1.4831678606828687,2.7968370780221927,6.223616295925539
2025-02-24 15:00:00,2.0438093373138733,2.4150010739432033,6.044682837413822
2025-02-24 16:00:00,2.3184850793815492,1.4894740153142987,6.0577120874211
2025-02-24 17:00:00,3.1635476030480283,0.9149020201257623,12.029458601040842
2025-02-24 18:00:00,3.8219175237140504,3.3340057979867545e-16,11.763571040016329
2025-02-24 19:00:00,4.27543388182291,0.0,11.794184268733215
2025-02-24 20:00:00,3.7066570006325117,0.0,11.789552891547109
2025-02-24 21:00:00,3.1593576265209866,0.0,11.520228966965249
2025-02-24 22:00:00,2.196940281059526,0.0,5.042857978204523
2025-02-24 23:00:00,2.1010953230092273,0.0,4.987827988148732
2025-02-25 00:00:00,1.385977242063758,0.0,5.22858924070511
2025-02-25 01:00:00,1.4164773789478213,0.0,5.378215184893734
2025-02-25 02:00:00,1.5013894981703135,0.0,5.397288309453959
2025-02-25 03:00:00,1.2930408065332324,0.0,5.425539637492926
2025-02-25 04:00:00,1.65027261503901,0.0,4.772875691813297
2025-02-25 05:00:00,2.0005115798328403,0.0,4.5704122166038506
2025-02-25 06:00:00,2.3348787270817812,0.0,8.27922307341963
2025-02-25 07:00:00,2.539881330160445,0.7704279401417319,8.41464003146027
2025-02-25 08:00:00,2.981432229047769,1.5742217676087413,8.466797734163128
2025-02-25 09:00:00,2.8895573822425527,2.5348921554868338,8.145498862907713
2025-02-25 10:00:00,2.009548845679903,2.4105362695939556,5.400988815718912
2025-02-25 11:00:00,1.6962167055382058,3.030610189668536,6.109682839030078
2025-02-25 12:00:00,1.7582392499624127,3.1785229234532757,6.166632260372823
2025-02-25 13:00:00,1.61377687068453,3.0057187815868254,6.375622506377577
2025-02-25 14:00:00,1.7219637147719704,2.9940493128785373,6.4288886081949705
2025-02-25 15:00:00,2.2020480132196445,2.24301092354518,6.2728900210156
2025-02-25 16:00:00,2.490035088978999,1.5336264556385348,5.823816330511243
2025-02-25 17:00:00,3.2016377015026634,0.6863259193068607,11.691264805634203
2025-02-25 18:00:00,4.143710289921435,4.0145274483922087e-16,12.160188345544892
2025-02-25 19:00:00,3.9679293221498337,0.0,11.76227546687233
2025-02-25 20:00:00,3.6174158776410428,0.0,12.44254113205271
2025-02-25 21:00:00,3.167120430814665,0.0,11.488632318794423
2025-02-25 22:00:00,2.4855472573369757,0.0,5.1700659837184
2025-02-25 23:00:00,1.8435259797232344,0.0,5.095860492422747
2025-02-26 00:00:00,1.3451940163412355,0.0,4.937969999740651
2025-02-26 01:00:00,1.847067166874495,0.0,4.722465117708578
2025-02-26 02:00:00,1.5537531879558986,0.0,4.381467109267081
2025-02-26 03:00:00,1.4176306511238985,0.0,4.840571394178195
2025-02-26 04:00:00,1.753346656041609,0.0,4.845835045629804
2025-02-26 05:00:00,1.8390198661598887,0.0,5.333520997654537
2025-02-26 06:00:00,2.253006436609513,0.0,7.765143308515962
2025-02-26 07:00:00,2.862556895574428,0.8024338013600524,8.135831184069138
2025-02-26 08:00:00,2.8062212829624644,1.3864388351533194,7.612328058967462
2025-02-26 09:00:00,2.831147127383205,2.234021929742197,8.144074458225077
2025-02-26 10:00:00,2.578190381734552,2.3958423801956585,5.3286898943446
2025-02-26 11:00:00,1.9273582569404597,2.4469970734853086,6.628588853379209
2025-02-26 12:00:00,1.570325893782665,2.7858178959434636,5.957679741960645
2025-02-26 13:00:00,1.4971967634907006,2.646116769426834,5.161649782680297
2025-02-26 14:00:00,1.598616981451191,2.53938204185001,5.784675157332037
2025-02-26 15:00:00,1.8850293903689805,2.470307314637941,5.73730133007424
2025-02-26 16:00:00,2.363081192289328,1.4752925413510252,5.803254560440109
2025-02-26 17:00:00,3.2404012160988716,0.8920129509476741,11.890607581260348
2025-02-26 18:00:00,3.4771170953573387,3.8361906148969616e-16,11.801214854002323
2025-02-26 19:00:00,4.129300013425228,0.0,11.755076376879536
2025-02-26 20:00:00,3.680145313412433,0.0,11.652395114400347
2025-02-26 21:00:00,3.159493138931901,0.0,12.246536827179925
2025-02-26 22:00:00,2.250650416398512,0.0,5.360340684570874
2025-02-26 23:00:00,2.121827948542581,0.0,4.923627853029114
2025-02-27 00:00:00,1.6868988133002434,0.0,4.994709004990318
2025-02-27 01:00:00,1.6445290824234942,0.0,4.6621007419422265
2025-02-27 02:00:00,1.2775134510286643,0.0,5.021306209500928
2025-02-27 03:00:00,1.6518416189941176,0.0,5.0689891286461455
2025-02-27 04:00:00,1.6766853738450256,0.0,4.9341804170858525
2025-02-27 05:00:00,1.6146009518242037,0.0,5.118822493330835
2025-02-27 06:00:00,2.2872940459915654,0.0,8.092612634615307
2025-02-27 07:00:00,2.8328961381422433,0.893918483469763,7.683758183272826
2025-02-27 08:00:00,3.0834149142706906,1.5672151007165245,8.357914254118686
2025-02-27 09:00:00,2.8048422518379574,2.2317299998615687,7.937706122051128
2025-02-27 10:00:00,2.334931873101896,2.5396931418132422,6.502671480575096
2025-02-27 11:00:00,2.0784733164488274,3.3261346089638275,6.1261261768257675
2025-02-27 12:00:00,1.8106627958367865,2.828725415943443,6.5912799391115495
2025-02-27 13:00:00,1.1432043124875253,2.972428444864719,6.352580750791934
2025-02-27 14:00:00,1.6125521942273051,2.729079129703971,6.0681568884422585
2025-02-27 15:00:00,1.898426137944555,2.3687084749152714,5.783067940014113
2025-02-27 16:00:00,2.156937386294023,1.5274213383033708,5.789529757569151
2025-02-27 17:00:00,3.117081958672533,0.8494640644536353,12.159910285494757
2025-02-27 18:00:00,3.9244121267002625,3.759320560826315e-16,12.042937825137276
2025-02-27 19:00:00,3.837014826924819,0.0,11.823292129202674
2025-02-27 20:00:00,3.787558432987298,0.0,12.249917984283012
2025-02-27 21:00:00,2.9655774494831295,0.0,12.01163139910681
2025-02-27 22:00:00,2.31891179937669,0.0,5.2517029445902175
2025-02-27 23:00:00,2.1441423336406706,0.0,4.707358979989532
2025-02-28 00:00:00,1.418669896257689,0.0,5.299841500402451
2025-02-28 01:00:00,1.569922376912577,0.0,5.150298670804184
2025-02-28 02:00:00,1.224043949988547,0.0,5.359270899338571
2025-02-28 03:00:00,1.8068210925434418,0.0,5.293229150214901
2025-02-28 04:00:00,1.7063549776456441,0.0,4.974513979787626
2025-02-28 05:00:00,1.8280166624965495,0.0,4.9503876378070055
2025-02-28 06:00:00,2.377270630057172,0.0,8.534909297777283
2025-02-28 07:00:00,2.5667430504450826,0.9401698618668667,7.912829459185413
2025-02-28 08:00:00,3.1773832344601165,1.404840614821977,8.224530109651353
2025-02-28 09:00:00,2.7296553304711644,1.8199623311564,7.885583902343077
2025-02-28 10:00:00,2.260636733317524,2.315974408270636,5.441435075958705
2025-02-28 11:00:00,1.7836832653660404,2.7238012991621465,5.631798270658214
2025-02-28 12:00:00,1.5396599989383468,3.3465085699806867,6.121776265458595
2025-02-28 13:00:00,1.677463147299198,3.2852066906239816,6.210339509881531
2025-02-28 14:00:00,1.6985540049685908,2.7461782269778414,6.122764022766048
2025-02-28 15:00:00,2.0208860132866038,2.0021171638201056,6.343784850418051
2025-02-28 16:00:00,2.418432968780233,1.5615793464493837,6.117378046570239
2025-02-28 17:00:00,3.1799344715992635,0.6648514493996273,11.767429588099775
2025-02-28 18:00:00,3.6742711492499307,4.039187425250524e-16,12.17829065444213
2025-02-28 19:00:00,4.334459782074839,0.0,12.050882388278989
2025-02-28 20:00:00,3.5019087297192426,0.0,11.827332598515138
2025-02-28 21:00:00,3.292091569612043,0.0,12.141755790440058
2025-02-28 22:00:00,2.6248847205367873,0.0,5.023811049805234
2025-02-28 23:00:00,1.7947094676203266,0.0,4.818499834733796
2025-03-01 00:00:00,1.8344446108578585,0.0,4.946640267931106
2025-03-01 01:00:00,1.649914046002781,0.0,5.424070140662642
2025-03-01 02:00:00,1.650397518421132,0.0,5.414266344820894
2025-03-01 03:00:00,1.5316767863880913,0.0,5.056443241781162
2025-03-01 04:00:00,1.583373186966868,0.0,5.017180147366186
2025-03-01 05:00:00,1.8239803148381475,0.0,4.570086203820848
2025-03-01 06:00:00,2.3495182430051154,0.0,8.515809534009884
2025-03-01 07:00:00,2.9883939060423383,0.8250154091558988,8.31090256621039
2025-03-01 08:00:00,3.027200755876431,1.637135519857732,8.225585471211298
2025-03-01 09:00:00,2.6415365033250353,2.155131609522421,7.317580784872808
2025-03-01 10:00:00,2.414911219932536,2.271805583989685,6.012276795196739
2025-03-01 11:00:00,1.9956042195700818,2.897188117234232,5.961861387504274
2025-03-01 12:00:00,1.7249566386173525,3.552879901528089,6.20484463149018
2025-03-01 13:00:00,1.6850873915336844,3.3306704071583875,5.8646907559362615
2025-03-01 14:00:00,1.6195287579292863,3.1027388711535058,5.930486935063945
2025-03-01 15:00:00,1.7837754170065607,1.9315729230669876,6.185823881686411
2025-03-01 16:00:00,2.2895231576069515,1.5598257899811758,5.767926489873396
2025-03-01 17:00:00,2.8576350126690078,0.8298256258690503,11.827787194977203
2025-03-01 18:00:00,3.7726407525705787,3.4221385429385184e-16,12.05799799192829
2025-03-01 19:00:00,3.9874826883794183,0.0,12.401545711004871
2025-03-01 20:00:00,3.6711001365043607,0.0,12.242540921167004
2025-03-01 21:00:00,2.6596081474258346,0.0,12.32262122067975
2025-03-01 22:00:00,2.232600982474516,0.0,5.018995041864587
2025-03-01 23:00:00,2.0906593862256404,0.0,5.448523407134893
2025-03-02 00:00:00,1.400359669264993,0.0,4.477645272649607
2025-03-02 01:00:00,1.5546792552095094,0.0,5.606671765520404
2025-03-02 02:00:00,1.2961238529014067,0.0,5.645527692554011
2025-03-02 03:00:00,1.7432792806880943,0.0,5.136984904861067
2025-03-02 04:00:00,1.5943529616914678,0.0,5.249678791230654
2025-03-02 05:00:00,1.898897698366619,0.0,4.988600040798416
2025-03-02 06:00:00,2.6398056223394404,0.0,7.937129491077999
2025-03-02 07:00:00,3.0056819798756647,0.6903568999232381,7.816738887390699
2025-03-02 08:00:00,2.954018780004159,1.2974011960308829,7.985296395120673
2025-03-02 09:00:00,2.6892700190650753,2.3868528556868687,8.166780042681712
2025-03-02 10:00:00,2.2424154088468593,2.3940314021524824,6.125965154149027
2025-03-02 11:00:00,1.9339163448823433,2.6875771000968234,6.595980921507372
2025-03-02 12:00:00,1.610974089212554,3.042832983071986,6.030082363740766
2025-03-02 13:00:00,1.513975933804416,2.7688587849292103,5.553351431596491
2025-03-02 14:00:00,1.8802451650593137,2.8194128012923025,6.4932931863670245
2025-03-02 15:00:00,1.905992308309472,2.1999016612587123,5.633713716522069
2025-03-02 16:00:00,2.7646905361586667,1.3490551247392102,5.832182722348373
2025-03-02 17:00:00,3.1165658845005124,0.8906393567272861,12.081522942405272
2025-03-02 18:00:00,4.004896219972395,3.729168542852481e-16,12.125152524678967
2025-03-02 19:00:00,4.053597919270001,0.0,11.566368504320835
2025-03-02 20:00:00,3.8815423781712344,0.0,11.776058329087913
2025-03-02 21:00:00,2.9942593133499362,0.0,11.55576526161824
2025-03-02 22:00:00,2.29163471954053,0.0,5.186513918996768
2025-03-02 23:00:00,1.9914891817674136,0.0,5.3550139654108655
2025-03-03 00:00:00,1.6483365556442597,0.0,4.633448586726046
2025-03-03 01:00:00,1.5066289788610527,0.0,5.29869798591436
2025-03-03 02:00:00,1.3117676671351406,0.0,5.279233623297399
2025-03-03 03:00:00,1.3234347033908107,0.0,4.802278763026549
2025-03-03 04:00:00,1.401886650371733,0.0,4.405226289239652
2025-03-03 05:00:00,1.5902483219531816,0.0,4.678623194241581
2025-03-03 06:00:00,2.3073614574742507,0.0,7.821422723927363
2025-03-03 07:00:00,2.946972553043458,0.7787715084965765,8.462501254042758
2025-03-03 08:00:00,2.9979912551584964,1.841630450886201,7.9645092274951335
2025-03-03 09:00:00,2.4391908331949512,2.314010748856499,7.697951607202909
2025-03-03 10:00:00,2.262633091524607,2.7630167345535965,6.044354566485582
2025-03-03 11:00:00,1.833011758115972,2.53687954261447,5.611395698740325
2025-03-03 12:00:00,1.9411575218840005,3.5264091786735396,6.154302015061905
2025-03-03 13:00:00,1.3546918686170035,2.5881552398728953,5.706700782218471
2025-03-03 14:00:00,1.6015663370630782,2.285116386436535,5.750242877942827
2025-03-03 15:00:00,2.179001694157832,2.044416701790682,6.112647614529568
2025-03-03 16:00:00,2.4872489234050508,1.5569890277850624,6.525070104840665
2025-03-03 17:00:00,3.18745146096515,0.9263144269224326,12.659336268070769
2025-03-03 18:00:00,3.754286126392268,4.2401878856366924e-16,11.688040348266137
2025-03-03 19:00:00,4.049491536661997,0.0,11.821018101985404
2025-03-03 20:00:00,3.8537397217255975,0.0,12.154659685511207
2025-03-03 21:00:00,2.9815280232436803,0.0,12.350636804492611
2025-03-03 22:00:00,2.5514073897648717,0.0,4.350774893123683
2025-03-03 23:00:00,1.7165828359823347,0.0,5.02620104567189
2025-03-04 00:00:00,1.5493087651991932,0.0,4.853857107030831
2025-03-04 01:00:00,1.5274016480539323,0.0,4.422793640290907
2025-03-04 02:00:00,1.412282704168879,0.0,4.598849666002289
2025-03-04 03:00:00,1.5240706670353628,0.0,4.829667662107716
2025-03-04 04:00:00,1.5225760877998364,0.0,5.0176445059947365
2025-03-04 05:00:00,1.694636439864827,0.0,5.302430858079243
2025-03-04 06:00:00,2.237896442315141,0.0,8.106304434524619
2025-03-04 07:00:00,2.6126176694815046,0.9208879157364828,8.284261831150296
2025-03-04 08:00:00,3.048423242811205,1.5127532692249612,8.00801730075418
2025-03-04 09:00:00,2.6057402226727744,1.9942707295472863,7.7885162159189
2025-03-04 10:00:00,2.398043714023447,2.7012203201417235,5.9448750138388275
2025-03-04 11:00:00,1.68020974742154,2.7840047718193692,6.208655204240763
2025-03-04 12:00:00,1.5418134720130336,2.8606389761627784,6.309768650798035
2025-03-04 13:00:00,1.47957204432266,3.1260872523314633,5.955637594666846
2025-03-04 14:00:00,1.8589399867841832,2.989925033833853,5.721265421285088
2025-03-04 15:00:00,1.9726672839186365,2.494493575139507,6.100697447846171
2025-03-04 16:00:00,2.3879921018214096,1.520424955016529,6.143394289152666
2025-03-04 17:00:00,3.177762416098145,0.6916797405377908,12.369815725815934
2025-03-04 18:00:00,3.421019608739233,3.8416518695199255e-16,11.796371138112118
2025-03-04 19:00:00,3.9935299674172713,0.0,11.799660823720293
2025-03-04 20:00:00,4.036725418854531,0.0,12.226848059261872
2025-03-04 21:00:00,3.122802947037996,0.0,11.877769928697267
2025-03-04 22:00:00,2.429885578304042,0.0,4.865094745196268
2025-03-04 23:00:00,2.004752545461495,0.0,5.376241961042073
2025-03-05 00:00:00,1.6343943557716143,0.0,4.588698318115648
2025-03-05 01:00:00,1.2009704996275044,0.0,5.616860941932654
2025-03-05 02:00:00,1.252377695129041,0.0,4.816209376067652
2025-03-05 03:00:00,1.5590171519971316,0.0,5.260018520840213
2025-03-05 04:00:00,1.5087256264150428,0.0,4.967360101422387
2025-03-05 05:00:00,2.052195428227076,0.0,5.081408685461641
2025-03-05 06:00:00,2.243662495074404,0.0,7.9211640500714715
2025-03-05 07:00:00,2.488036354430286,0.8596294967004936,8.256972995609893
2025-03-05 08:00:00,2.8098015356706183,1.4464183258209018,7.89580283779413
2025-03-05 09:00:00,2.3658016438510425,2.2011901158297476,7.8281160584464695
2025-03-05 10:00:00,2.2561283299823525,3.1802356688705644,6.544002547760997
2025-03-05 11:00:00,1.8291739885212055,2.9946645852351073,6.008814809104107
2025-03-05 12:00:00,1.5630883028829,3.616697757363434,5.7972913316941375
2025-03-05 13:00:00,1.7350944114093978,3.4592860054622467,5.55291402302643
2025-03-05 14:00:00,1.8399459529304614,2.593346009823432,6.559673409310794
2025-03-05 15:00:00,1.897565528572731,2.3957163096502905,5.834422387063425
2025-03-05 16:00:00,2.0995481220815404,1.6741695537112062,6.618551471550345
2025-03-05 17:00:00,3.195546737011525,0.8986617378243131,12.119656305423865
2025-03-05 18:00:00,3.8204024951149727,3.6970728248689573e-16,12.042865560090735
2025-03-05 19:00:00,4.04640874138695,0.0,12.050953143698399
2025-03-05 20:00:00,3.8843202545800346,0.0,12.664785281783008
2025-03-05 21:00:00,2.928226756608439,0.0,11.342334429173741
2025-03-05 22:00:00,2.7210119108564124,0.0,5.064302455852252
2025-03-05 23:00:00,1.7786191255438855,0.0,4.920438917740983
2025-03-06 00:00:00,1.6124370083545907,0.0,4.936071984475081
2025-03-06 01:00:00,1.2474883493989806,0.0,5.044793555642571
2025-03-06 02:00:00,1.3651869643071874,0.0,4.920123755151162
2025-03-06 03:00:00,1.7549287553430102,0.0,5.0564392001564915
2025-03-06 04:00:00,1.576822137249542,0.0,4.992926761353484
2025-03-06 05:00:00,1.9813800296640085,0.0,4.605932546544605
2025-03-06 06:00:00,2.3264819618650745,0.0,8.114409811343263
2025-03-06 07:00:00,2.7624722413872282,0.7968907549102247,8.214816335509875
2025-03-06 08:00:00,3.204581171937121,1.8269209830223747,7.837380314747575
2025-03-06 09:00:00,2.742754223097844,1.989816053272153,8.560368823467222
2025-03-06 10:00:00,2.0241364444402685,2.3299301934005365,6.400671523699228
2025-03-06 11:00:00,1.7369455938181073,3.2410231226587207,6.253185689751351
2025-03-06 12:00:00,1.7094364686554386,3.289151258071551,6.249546223208404
2025-03-06 13:00:00,1.632588921509313,3.56499853108707,6.0090290857829665
2025-03-06 14:00:00,1.4251092399176417,3.151963447009838,6.342411631420326
2025-03-06 15:00:00,1.8144724141649176,2.448822722355424,6.471226383618631
2025-03-06 16:00:00,2.332493969822732,1.3213869098636553,6.242407203843585
2025-03-06 17:00:00,3.0481340608205527,0.8181053997324594,11.828914997456291
2025-03-06 18:00:00,3.5307114225484537,4.442930709820081e-16,11.98809556851402
2025-03-06 19:00:00,3.905744339645486,0.0,12.172101009892828
2025-03-06 20:00:00,3.627806719394888,0.0,12.251323471213844
2025-03-06 21:00:00,3.218680960041883,0.0,11.976756835636936
2025-03-06 22:00:00,2.541066799577178,0.0,4.829957435867879
2025-03-06 23:00:00,1.9006617198018432,0.0,5.47526209621335
2025-03-07 00:00:00,1.4412475998938528,0.0,4.678304085644313
2025-03-07 01:00:00,1.5215791503668503,0.0,4.717600473310124
2025-03-07 02:00:00,1.382240401279359,0.0,4.601861657149576
2025-03-07 03:00:00,1.3554486460090938,0.0,4.716934754112703
2025-03-07 04:00:00,1.4749239293608118,0.0,5.374203463135701
2025-03-07 05:00:00,1.7601696642983702,0.0,5.384249826953961
2025-03-07 06:00:00,2.1164175835883468,0.0,7.977786339660449
2025-03-07 07:00:00,2.802524898646685,0.9079496331127542,8.148894318667034
2025-03-07 08:00:00,3.109460974264774,1.6090084115873167,7.996848626712826
2025-03-07 09:00:00,2.540188301675893,2.6252367011407935,7.642406952214113
2025-03-07 10:00:00,2.295016467257194,3.184436647837487,6.66543210230233
2025-03-07 11:00:00,1.8244412383209128,3.0592363941715264,6.412421989520993
2025-03-07 12:00:00,1.677984012180705,2.8137824148950497,6.1063258215989125
2025-03-07 13:00:00,1.5713217403393986,3.3856701163379728,5.743233023282319
2025-03-07 14:00:00,1.4421280854632128,2.517784671559022,5.932519686849066
2025-03-07 15:00:00,1.7337653972475728,2.5342474313348244,5.792272334574009
2025-03-07 16:00:00,2.4241657085408144,1.647730831998742,6.02927467227854
2025-03-07 17:00:00,3.2572716378995126,0.7965474178609295,12.092976952379804
2025-03-07 18:00:00,3.404970355182236,3.9932683087044673e-16,11.89766235185689
2025-03-07 19:00:00,4.051858992833645,0.0,11.563676174127899
2025-03-07 20:00:00,3.9155415929769637,0.0,12.639617695714765
2025-03-07 21:00:00,3.079997089646663,0.0,12.071258024049405
2025-03-07 22:00:00,2.502228977332608,0.0,5.136977600058328
2025-03-07 23:00:00,1.8170729263804952,0.0,4.873277184177504
2025-03-08 00:00:00,1.482148639382931,0.0,4.531396665401236
2025-03-08 01:00:00,1.2574534758147604,0.0,4.975009840730649
2025-03-08 02:00:00,1.1530751711348641,0.0,4.90303339730393
2025-03-08 03:00:00,1.6688883285180012,0.0,5.212860314215873
2025-03-08 04:00:00,1.468207871541003,0.0,5.271823272012851
2025-03-08 05:00:00,1.7870624621435742,0.0,5.229508843912811
2025-03-08 06:00:00,2.082972315566659,0.0,8.296481700775145
2025-03-08 07:00:00,2.5667205093246728,0.8366172364809634,8.541099742242979
2025-03-08 08:00:00,2.9739279681830255,1.781063121209199,8.116955521860667
2025-03-08 09:00:00,2.668816467675282,2.023966570064716,8.329764746242951
2025-03-08 10:00:00,2.347942810273994,2.9077243506172694,6.148158172150718
2025-03-08 11:00:00,1.9253123704578017,3.0259962793922655,5.429989380006624
2025-03-08 12:00:00,1.6748851562988756,2.8423418613125926,5.9536439151936875
2025-03-08 13:00:00,1.6090526741942035,3.464803804862669,5.739686547928865
2025-03-08 14:00:00,1.8968332081927404,2.609036491234351,6.069429999211308
2025-03-08 15:00:00,1.7629847267194148,2.6189506316535778,5.762696952205909
2025-03-08 16:00:00,2.411511942272631,1.644748992561964,6.181704267009101
2025-03-08 17:00:00,3.2728579730156246,0.8354193926313463,12.294308429441879
2025-03-08 18:00:00,3.9267794322393916,3.8263352801421555e-16,12.361071013806047
2025-03-08 19:00:00,3.7867354584617217,0.0,12.48577846845728
2025-03-08 20:00:00,3.6902449759354368,0.0,11.497192774778732
2025-03-08 21:00:00,3.306669135457684,0.0,11.640299989515954
2025-03-08 22:00:00,2.495910468708501,0.0,5.878344555869935
2025-03-08 23:00:00,1.9518227432371316,0.0,5.302857115957863
2025-03-09 00:00:00,1.467400865259264,0.0,5.067334391314104
2025-03-09 01:00:00,1.4430203647048214,0.0,5.009611253093569
2025-03-09 02:00:00,1.5479595268612438,0.0,4.982941955871524
2025-03-09 03:00:00,1.4896173395865373,0.0,4.419876032739374
2025-03-09 04:00:00,1.6095703175430027,0.0,4.7683012686129524
2025-03-09 05:00:00,1.8671814448113444,0.0,4.966445721648602
2025-03-09 06:00:00,2.1892279242831627,0.0,7.785242037361884
2025-03-09 07:00:00,2.85803537086947,0.8890499106840691,7.824459202835175
2025-03-09 08:00:00,3.4371403204595308,1.6747257785463028,8.767619426594186
2025-03-09 09:00:00,2.5117050508967176,2.6608991216897024,7.92450408753008
2025-03-09 10:00:00,2.3398490392032865,2.4374844392721386,6.08343600248002
2025-03-09 11:00:00,1.7434030943180272,3.1965968801568287,6.072760885501117
2025-03-09 12:00:00,1.7133680959780722,2.728423793548871,6.176837849586925
2025-03-09 13:00:00,1.580246176554116,3.454360014507525,5.85681517023897
2025-03-09 14:00:00,1.774446193559327,2.9081808400087525,6.374094374411604
2025-03-09 15:00:00,2.0994497785524646,2.2232304837782326,6.133068658082021
2025-03-09 16:00:00,2.448615339868296,1.7848734964239725,5.6138506878826
2025-03-09 17:00:00,3.272762343199813,0.8216037321782385,11.967748800231112
2025-03-09 18:00:00,3.385453776770385,3.5707690218265284e-16,11.948355503798464
2025-03-09 19:00:00,4.238567850550811,0.0,11.934550363400813
2025-03-09 20:00:00,3.793357614967668,0.0,12.152789040666924
2025-03-09 21:00:00,3.264627474439372,0.0,12.190417556753767
2025-03-09 22:00:00,2.236717241202413,0.0,5.154995924844195
2025-03-09 23:00:00,1.7979178062743653,0.0,5.101674607423269
2025-03-10 00:00:00,1.5219443133961787,0.0,5.0256913122968525
2025-03-10 01:00:00,1.4980348201603637,0.0,4.354637898766308
2025-03-10 02:00:00,1.5471869555991935,0.0,5.233367788681452
2025-03-10 03:00:00,1.6901507324737046,0.0,5.146506228531943
2025-03-10 04:00:00,1.351174063404242,0.0,4.704571616998628
2025-03-10 05:00:00,2.0014644996516853,0.0,5.0841746835189925
2025-03-10 06:00:00,2.292180940050877,0.0,8.194381544324067
2025-03-10 07:00:00,2.747648685618572,0.9178567606433328,8.351374119567518
2025-03-10 08:00:00,2.779336338039484,1.4510071069912671,8.153090432952165
2025-03-10 09:00:00,2.853710347052159,2.043963523648963,8.09648054204491
2025-03-10 10:00:00,1.9291309829201337,3.1820268935284197,6.284031695250222
2025-03-10 11:00:00,1.9546907092966699,2.734078842056478,5.9080379939417655
2025-03-10 12:00:00,1.402941834029236,3.336221193272388,6.1236009658785155
2025-03-10 13:00:00,1.581281242447558,2.995127541446903,5.813666041738853
2025-03-10 14:00:00,1.6422926518537693,2.6098546341578457,6.333089012286391
2025-03-10 15:00:00,2.0985545141702304,2.434462098599066,5.517086665722998
2025-03-10 16:00:00,2.392953896850985,1.8827696180211997,6.245021152245097
2025-03-10 17:00:00,2.9988337157658367,0.920746257158734,12.005312688554403
2025-03-10 18:00:00,3.661108056443006,3.9484863450932654e-16,12.289616199217887
2025-03-10 19:00:00,4.1909324211766075,0.0,11.765836688882612
2025-03-10 20:00:00,3.8175428375609513,0.0,12.026995073644889
2025-03-10 21:00:00,3.045106473849121,0.0,12.018189026919384
2025-03-10 22:00:00,2.3842316399339647,0.0,5.1301650680151365
2025-03-10 23:00:00,1.6874567249273484,0.0,4.6857314148056055
2025-03-11 00:00:00,1.5583246994021938,0.0,5.190864526425306
2025-03-11 01:00:00,1.2366181474066633,0.0,4.446231761578293
2025-03-11 02:00:00,1.6174961372730134,0.0,4.799647382864791
2025-03-11 03:00:00,1.5467666972078997,0.0,4.5311809978582405
2025-03-11 04:00:00,1.9739998806357577,0.0,5.248465819905688
2025-03-11 05:00:00,1.6903713058354428,0.0,5.120039233252711
2025-03-11 06:00:00,2.275539339901093,0.0,8.136811594069622
2025-03-11 07:00:00,3.0479591199257134,0.8822627316791753,8.441956818874568
2025-03-11 08:00:00,3.17871206924093,1.7053704368150158,7.905217499251459
2025-03-11 09:00:00,2.673821239058644,1.9537239114416758,8.182875704423799
2025-03-11 10:00:00,2.3248422748308064,3.2849126347826503,6.019806704152942
2025-03-11 11:00:00,1.857731511073126,3.579292231574808,5.974129633599418
2025-03-11 12:00:00,1.6690510894593082,3.3092843167300274,6.391987749623668
2025-03-11 13:00:00,1.4684604901572125,2.932031757486689,6.6245638090206125
2025-03-11 14:00:00,1.6467699170478471,3.015404717450567,5.8705600011409755
2025-03-11 15:00:00,1.6834159357846405,2.5719727013810045,6.250115877455965
2025-03-11 16:00:00,2.440020689983281,1.7915216642308847,6.095735073794043
2025-03-11 17:00:00,3.1704576009509613,0.9841188337480105,12.099333726735132
2025-03-11 18:00:00,3.7029855489421037,4.1779983926545077e-16,12.074153318710046
2025-03-11 19:00:00,3.7577423722756893,0.0,11.900076602561652
2025-03-11 20:00:00,3.8853780716115365,0.0,10.92450583172349
2025-03-11 21:00:00,3.1576297267765154,0.0,12.460442797379546
2025-03-11 22:00:00,2.3107963382734953,0.0,4.79158022369828
2025-03-11 23:00:00,1.880443221489456,0.0,4.9275328565148175
2025-03-12 00:00:00,1.2749531588571867,0.0,4.933912129994574
2025-03-12 01:00:00,1.3467789843942977,0.0,4.764858982023987
2025-03-12 02:00:00,1.4240549654441241,0.0,5.072072042598687
2025-03-12 03:00:00,1.7117365801762325,0.0,4.986706269373374
2025-03-12 04:00:00,1.5200316020665479,0.0,4.785039206351138
2025-03-12 05:00:00,1.9514236877934026,0.0,5.0447906049954065
2025-03-12 06:00:00,2.210191223127951,0.0,7.9900859921124905
2025-03-12 07:00:00,2.8154080989150354,0.9234734763779583,8.27835157138643
2025-03-12 08:00:00,2.9787942978756474,1.609038744566137,7.59788516369548
2025-03-12 09:00:00,2.9092115368095404,2.2934936552132528,7.758383203732465
2025-03-12 10:00:00,2.2110254598420056,2.4632446986101484,6.217589283251222
2025-03-12 11:00:00,1.6215523701104968,3.3823709312852226,5.808077116965533
2025-03-12 12:00:00,1.4194653546456397,3.8368279767245794,5.728979321236475
2025-03-12 13:00:00,1.4934809314635233,3.4671694779677282,5.822912717697417
2025-03-12 14:00:00,1.4728089818512495,2.55424679862012,5.969706384993185
2025-03-12 15:00:00,1.9846555944280804,2.411859992914895,5.970846319179888
2025-03-12 16:00:00,2.349886947474357,1.5161388335259782,5.9370124691693
2025-03-12 17:00:00,3.459145482441651,0.705747445179823,11.691430455465404
2025-03-12 18:00:00,3.4764412715681168,3.550798214122405e-16,12.23194767817606
2025-03-12 19:00:00,4.030544982669878,0.0,12.397865928677303
2025-03-12 20:00:00,3.5679053386579667,0.0,11.42687139408398
2025-03-12 21:00:00,3.0289407700201934,0.0,11.533937814772942
2025-03-12 22:00:00,2.440911523929723,0.0,5.300857092432496
2025-03-12 23:00:00,1.5737275822840227,0.0,5.470938902187721
2025-03-13 00:00:00,1.5355774867926666,0.0,4.361246308488579
2025-03-13 01:00:00,1.7860266229021085,0.0,5.24463095038365
2025-03-13 02:00:00,1.4367109226424062,0.0,5.491363965934633
2025-03-13 03:00:00,1.5664446368550362,0.0,4.741276320250156
2025-03-13 04:00:00,1.7696953646684792,0.0,5.473900348067963
2025-03-13 05:00:00,1.8307986138900392,0.0,4.946601715735998
2025-03-13 06:00:00,2.203794625277465,0.0,8.094391127171935
2025-03-13 07:00:00,2.436855504228991,0.9490740958470336,7.784230005635873
2025-03-13 08:00:00,3.0961522311064638,1.8237168058047135,8.300308557806417
2025-03-13 09:00:00,2.7612777853362944,2.6070239611095585,8.25033563528464
2025-03-13 10:00:00,2.139344582866565,3.0420107331929205,6.517412806718947
2025-03-13 11:00:00,1.8764211141525171,3.2056389164711327,6.4321822107330675
2025-03-13 12:00:00,1.5392056558292575,3.663264968125179,5.99725498673483
2025-03-13 13:00:00,1.493998635887608,3.589263316241699,6.9325135845545685
2025-03-13 14:00:00,1.7511116508692637,2.823847536105054,6.40523779454211
2025-03-13 15:00:00,1.722366430377571,2.719607642287928,6.162154810513697
2025-03-13 16:00:00,2.5768494651141323,1.858829211044929,5.700853680703917
2025-03-13 17:00:00,2.8933015754699256,0.8529240480156595,11.54099018123171
2025-03-13 18:00:00,3.637693249585397,3.4096572818754353e-16,11.566491642877002
2025-03-13 19:00:00,4.288441934973394,0.0,11.719900353922636
2025-03-13 20:00:00,3.9062015064301807,0.0,12.413190796767068
2025-03-13 21:00:00,3.117591569951911,0.0,12.146126674001257
2025-03-13 22:00:00,2.278619070603459,0.0,4.815988044989463
2025-03-13 23:00:00,1.8431424425101817,0.0,4.9592392967309875
2025-03-14 00:00:00,1.511044866462317,0.0,4.922676079121635
2025-03-14 01:00:00,1.506218988411923,0.0,5.240015201157099
2025-03-14 02:00:00,1.4910960279538006,0.0,4.736360671269251
2025-03-14 03:00:00,1.5228485812215822,0.0,5.104905915834872
2025-03-14 04:00:00,1.5838008442439022,0.0,5.09002573278401
2025-03-14 05:00:00,1.6390948285480869,0.0,4.7453395969541265
2025-03-14 06:00:00,2.2134620422330626,0.0,8.476401808763105
2025-03-14 07:00:00,2.915409572885281,0.8720103816401213,7.911328638043061
2025-03-14 08:00:00,2.7947534785645503,1.9286512827148277,7.702174962633129
2025-03-14 09:00:00,2.749819720064737,2.37331948311642,8.255863993856059
2025-03-14 10:00:00,2.168284071259163,3.002719887430056,6.016348673146393
2025-03-14 11:00:00,1.8741341720205797,3.385096647984745,6.1225284937977165
2025-03-14 12:00:00,1.5684627321901619,3.6823745894860522,5.644596059942538
2025-03-14 13:00:00,1.7948716053011373,3.1123528100079687,6.243724875492592
2025-03-14 14:00:00,1.7361554505814956,2.853488616798569,6.651728509357366
2025-03-14 15:00:00,1.726353317209566,2.065228963618277,5.621149881064661
2025-03-14 16:00:00,2.5204363739451234,1.715651696796146,6.106262641796858
2025-03-14 17:00:00,2.986756721498377,0.7920117014587583,11.764407091394997
2025-03-14 18:00:00,3.6505490051320564,4.0495369912118447e-16,12.806881817879239
2025-03-14 19:00:00,4.047072858879476,0.0,12.371889743445076
2025-03-14 20:00:00,3.663336179224297,0.0,12.084632202908992
2025-03-14 21:00:00,3.2368793435260383,0.0,11.631639757239174
2025-03-14 22:00:00,2.3035220937016323,0.0,4.704183177567122
2025-03-14 23:00:00,1.8296913056264612,0.0,5.223882351704536
2025-03-15 00:00:00,1.4015979352422463,0.0,4.591252340684752
2025-03-15 01:00:00,1.4157446913077274,0.0,4.60066584657738
2025-03-15 02:00:00,1.669605400729867,0.0,5.0026493795503635
2025-03-15 03:00:00,1.6217929023757551,0.0,5.040025000863072
2025-03-15 04:00:00,1.8724487038014799,0.0,5.114009422158288
2025-03-15 05:00:00,2.195538269478977,0.0,4.868142410654866
2025-03-15 06:00:00,2.1363310987673367,0.0,8.276043963839326
2025-03-15 07:00:00,2.7887788338863473,0.9772911530693875,7.741455586107072
2025-03-15 08:00:00,2.8235735757007028,1.6674662566625074,8.187993306066932
2025-03-15 09:00:00,2.661612157633389,1.958034014588028,8.064236203600437
2025-03-15 10:00:00,2.196734784036439,3.0805925036603417,6.18019472568856
2025-03-15 11:00:00,1.698858376490122,3.746727328310438,6.3545994155776615
2025-03-15 12:00:00,1.4689746184154227,3.029510649615538,5.8634002964685354
2025-03-15 13:00:00,1.5516198987768988,3.15824156515678,5.801676740454171
2025-03-15 14:00:00,1.4776602146949964,2.728139103730005,5.493481873154525
2025-03-15 15:00:00,2.0494428359467927,2.251648924285036,5.394299371223149
2025-03-15 16:00:00,2.2820891415904416,1.785597767632544,5.947207752579157
2025-03-15 17:00:00,3.524389845452145,0.8205106833104029,11.967743135739116
2025-03-15 18:00:00,3.6693907931940273,4.687974339627309e-16,11.674175062816852
2025-03-15 19:00:00,4.010802652150965,0.0,11.738670090039468
2025-03-15 20:00:00,3.542797114513912,0.0,12.457036157188778
2025-03-15 21:00:00,3.358864734796741,0.0,12.262751934090844
2025-03-15 22:00:00,2.587623705049079,0.0,4.621517937583513
2025-03-15 23:00:00,1.9670706691255824,0.0,4.867295584664329
2025-03-16 00:00:00,1.2980331869575277,0.0,5.121800807496921
2025-03-16 01:00:00,1.5321905352196763,0.0,4.812064692691838
2025-03-16 02:00:00,1.336512010495107,0.0,4.75739140537837
2025-03-16 03:00:00,1.746826747855214,0.0,4.89852626486524
2025-03-16 04:00:00,1.7373363204776453,0.0,5.327198265599742
2025-03-16 05:00:00,1.8697074946672492,0.0,5.354420390755622
2025-03-16 06:00:00,1.9254823040700892,0.0,7.779365954662319
2025-03-16 07:00:00,2.6307035679883994,0.7634798493806098,8.138165328390293
2025-03-16 08:00:00,3.1031677929371986,1.7484616223921678,7.998076474136675
2025-03-16 09:00:00,2.9601856005541025,2.3242373277998527,7.697529352254185
2025-03-16 10:00:00,2.457622632298609,3.2266057280670086,5.910877646024987
2025-03-16 11:00:00,1.6186296572746448,3.196553102988727,5.620729743600708
2025-03-16 12:00:00,1.6719905553721202,3.8316102399368845,6.348916571145929
2025-03-16 13:00:00,1.7255898380273762,3.6677797403181907,6.465741612796591
2025-03-16 14:00:00,1.4114176426156206,2.5611759713265307,5.876828075527773
2025-03-16 15:00:00,1.9219381147701622,2.507067187251718,5.805276206236706
2025-03-16 16:00:00,2.460828531949337,1.4959196439100224,6.3163783312945725
2025-03-16 17:00:00,3.057839812210676,0.9593276084937354,12.364844682294006
2025-03-16 18:00:00,3.4592741825285063,4.2694830527185934e-16,11.665676579432246
2025-03-16 19:00:00,3.951145289352348,0.0,11.955586599374206
2025-03-16 20:00:00,3.6880024776455635,0.0,11.982318483638629
2025-03-16 21:00:00,3.080740110395432,0.0,11.768767117903524
2025-03-16 22:00:00,2.335177889114881,0.0,5.115794508226235
2025-03-16 23:00:00,1.8560814655289455,0.0,4.790016399474815
2025-03-17 00:00:00,1.4940976269224158,0.0,4.837921776393087
2025-03-17 01:00:00,1.56695869430644,0.0,4.969597181049488
2025-03-17 02:00:00,1.459062652969195,0.0,4.553281315332392
2025-03-17 03:00:00,1.4660261190790096,0.0,4.383064019007008
2025-03-17 04:00:00,1.629810216437838,0.0,5.275481709991498
2025-03-17 05:00:00,1.5672542500098117,0.0,4.777903073266446
2025-03-17 06:00:00,2.3624939226411565,0.0,8.640459224907511
2025-03-17 07:00:00,2.77813150021881,0.8576898296744037,8.591551377525098
2025-03-17 08:00:00,3.005957652186852,1.8147252572692072,7.848056413484283
2025-03-17 09:00:00,2.9223631929347986,2.3501162880550868,8.701715898674788
2025-03-17 10:00:00,1.998324831067552,2.858074197010428,6.281272358816273
2025-03-17 11:00:00,1.5613565271320184,3.3665528113794716,5.806405859117077
2025-03-17 12:00:00,1.6678282861487126,3.0577222435064035,5.225448078056318
2025-03-17 13:00:00,1.5721950272856595,2.942639636510689,6.206446541280098
2025-03-17 14:00:00,1.6856945189317472,3.393643471192729,6.009388762464344
2025-03-17 15:00:00,1.853804730800281,2.6705245835361238,6.1294084757231095
2025-03-17 16:00:00,2.5194052233390583,1.8109581893998201,5.931349147048665
2025-03-17 17:00:00,3.242850326386354,0.7540902483593427,11.65684292082034
2025-03-17 18:00:00,3.8096958049314154,3.413683474146161e-16,11.871892000673649
2025-03-17 19:00:00,3.96087573710272,0.0,12.211991185783512
2025-03-17 20:00:00,3.4209448840416568,0.0,11.893687389787736
2025-03-17 21:00:00,3.2183364022831644,0.0,11.891874642797218
2025-03-17 22:00:00,2.6029579028612804,0.0,4.544183873582706
2025-03-17 23:00:00,2.0192170503127627,0.0,5.027360144533483
2025-03-18 00:00:00,1.3681072051693366,0.0,4.666420417553741
2025-03-18 01:00:00,1.601659662611147,0.0,5.2755578599094335
2025-03-18 02:00:00,1.633806123591912,0.0,4.779769729930946
2025-03-18 03:00:00,1.7612958955040727,0.0,4.911288772851273
2025-03-18 04:00:00,1.4845406220654755,0.0,5.649195069723311
2025-03-18 05:00:00,1.821423451212468,0.0,4.908027733189824
2025-03-18 06:00:00,2.403029461228706,0.0,7.867827555160077
2025-03-18 07:00:00,2.7868274755029776,0.7918450635362386,8.17568659576968
2025-03-18 08:00:00,2.8324044828895265,1.7340343565598566,7.464421459332304
2025-03-18 09:00:00,2.8404454895496345,2.0057362976021693,8.375242796533557
2025-03-18 10:00:00,2.3780464056470643,2.957865819156136,6.298182013036678
2025-03-18 11:00:00,1.8706260420605134,3.3384372646382534,6.157335523462417
2025-03-18 12:00:00,1.6596954484271762,3.108520961818324,4.986870751957107
2025-03-18 13:00:00,1.5344566703020774,3.0050672417235362,5.922176490457267
2025-03-18 14:00:00,1.8819098178103664,2.628572305891158,5.6181401321984
2025-03-18 15:00:00,1.7880199645192463,2.738050453867707,6.337232035187862
2025-03-18 16:00:00,2.331654057788502,1.6122447910599653,6.315768326176803
2025-03-18 17:00:00,3.1046023269668153,0.8947699699882531,12.116402966949233
2025-03-18 18:00:00,3.86894156499382,3.822227451081329e-16,11.639066640857996
2025-03-18 19:00:00,3.775394030349227,0.0,12.44828826315748
2025-03-18 20:00:00,3.5405537797190014,0.0,11.921321658294154
2025-03-18 21:00:00,2.7972916949173876,0.0,12.541611320070169
2025-03-18 22:00:00,2.4246028867166323,0.0,5.079616120058795
2025-03-18 23:00:00,1.754787415934184,0.0,5.152042405674995
2025-03-19 00:00:00,1.442371052771775,0.0,4.861908684631241
2025-03-19 01:00:00,1.5997972320447393,0.0,5.422086673334543
2025-03-19 02:00:00,1.4084952592802682,0.0,5.182530165288083
2025-03-19 03:00:00,1.5621657617457145,0.0,5.432867507754387
2025-03-19 04:00:00,1.571056424536911,0.0,5.053262359564112
2025-03-19 05:00:00,1.9562087861585542,0.0,4.98588840222326
2025-03-19 06:00:00,2.362207863659389,0.0,8.178539048869643
2025-03-19 07:00:00,2.6744259103610624,0.9182933765715129,8.432762152727362
2025-03-19 08:00:00,2.97470586018715,1.7987477260560587,8.305020292171752
2025-03-19 09:00:00,2.9348145564537034,2.4056726121105436,8.041467142146281
2025-03-19 10:00:00,2.3502536911129037,3.0337130695584156,5.44283444771163
2025-03-19 11:00:00,1.6478872989481932,3.17937785057508,6.243115811811397
2025-03-19 12:00:00,1.725100418525892,3.680517449915093,5.568388560763802
2025-03-19 13:00:00,1.410570962189501,2.7296951222401065,6.0105017268457015
2025-03-19 14:00:00,1.8720449379471082,2.7263721666301044,5.965270143788827
2025-03-19 15:00:00,2.0767386180523015,2.5386216491893983,5.574669455080316
2025-03-19 16:00:00,2.4632349935908286,1.5840374632757745,6.11175092696215
2025-03-19 17:00:00,3.1265394264531152,0.7426388592751789,12.646295322062183
2025-03-19 18:00:00,3.7057436224345732,3.9021633834899013e-16,11.906218340646024
2025-03-19 19:00:00,4.101778598573412,0.0,12.229763898723938
2025-03-19 20:00:00,3.681481566764508,0.0,12.706706951622632
2025-03-19 21:00:00,3.1382864516735793,0.0,12.258783965702662
2025-03-19 22:00:00,2.5504887579065594,0.0,4.806547007702681
2025-03-19 23:00:00,1.838262306986327,0.0,5.071104438836825
2025-03-20 00:00:00,1.4076246582758583,0.0,5.144234054932794
2025-03-20 01:00:00,1.3214356814523143,0.0,5.430143939982188
2025-03-20 02:00:00,1.3450557554787692,0.0,5.364215102191426
2025-03-20 03:00:00,1.2532141616179844,0.0,4.169034914454629
2025-03-20 04:00:00,1.7254314290519988,0.0,4.743138634341147
2025-03-20 05:00:00,2.1267288202065044,0.0,4.97899198321592
2025-03-20 06:00:00,2.5047379950777335,0.0,7.695413881238691
2025-03-20 07:00:00,2.5343032914932766,0.8781874292274947,6.889972532272807
2025-03-20 08:00:00,3.108731823930648,1.6643959221334212,7.782314453674797
2025-03-20 09:00:00,2.9915689992841625,2.326658891412049,7.998916817753702
2025-03-20 10:00:00,2.2227256634639896,3.042151598486334,5.842414595156568
2025-03-20 11:00:00,1.8726487222083705,3.529206208380212,5.700917023477098
2025-03-20 12:00:00,1.325573751729484,3.858495760182259,6.012439387435449
2025-03-20 13:00:00,1.6132729807514332,3.007965406980798,6.102926452575639
2025-03-20 14:00:00,1.5006340180377498,3.067137086609837,5.859420865810359
2025-03-20 15:00:00,1.953069044762875,2.551253645491468,6.411523146742102
2025-03-20 16:00:00,2.1855717338747365,1.7971112806925797,6.017314324763843
2025-03-20 17:00:00,3.1843832336093256,0.8740333567546774,11.738545899109535
2025-03-20 18:00:00,3.8907753621526897,3.9864193953930326e-16,11.66263880329505
2025-03-20 19:00:00,3.8825230266061324,0.0,11.936109059022401
2025-03-20 20:00:00,3.566559904972252,0.0,12.334026196061236
2025-03-20 21:00:00,2.779547514695098,0.0,11.75289338725706
2025-03-20 22:00:00,2.379736572817365,0.0,5.17876384519901
2025-03-20 23:00:00,1.8352941983729247,0.0,5.0283670730042935
2025-03-21 00:00:00,1.2674006574222543,0.0,5.597969890851403
2025-03-21 01:00:00,1.568543317007809,0.0,5.117075439098171
2025-03-21 02:00:00,1.4372311101179978,0.0,4.790532128172242
2025-03-21 03:00:00,1.3661130645374249,0.0,5.220910858629406
2025-03-21 04:00:00,1.5327712498536021,0.0,5.231006597268791
2025-03-21 05:00:00,2.016087319733531,0.0,4.880896696311256
2025-03-21 06:00:00,2.381379195120471,0.0,7.650801288700997
2025-03-21 07:00:00,2.7587120555624804,0.8058908333393691,8.160810557367972
2025-03-21 08:00:00,3.092869375966946,1.9973758769623282,8.0190545530295
2025-03-21 09:00:00,2.6041162533376183,2.457844480829171,7.545034972478734
2025-03-21 10:00:00,2.296102675683844,2.666629966756625,6.076356299697184
2025-03-21 11:00:00,1.8795299571838335,3.2795168938247357,5.808902130593638
2025-03-21 12:00:00,1.5562822330753756,3.202457526195578,5.545319387441256
2025-03-21 13:00:00,1.6385813059485494,3.6080868585933485,5.89436509698351
2025-03-21 14:00:00,1.5431029592562897,2.534838224876904,6.384875620262059
2025-03-21 15:00:00,1.9995968982425654,2.707089906573146,6.362418450026417
2025-03-21 16:00:00,2.5025309879327624,1.8604021365584804,6.28402563060221
2025-03-21 17:00:00,2.6653805178331265,0.9922181549410487,12.080769867027637
2025-03-21 18:00:00,3.915644316365204,4.744272509228777e-16,12.17873916100653
2025-03-21 19:00:00,3.5428551210604944,0.0,12.029593374443401
2025-03-21 20:00:00,3.6446909383503985,0.0,11.66848475213566
2025-03-21 21:00:00,3.2567531762162583,0.0,11.72834943034427
2025-03-21 22:00:00,2.3721055941407756,0.0,4.817845722332689
2025-03-21 23:00:00,1.7026053911447343,0.0,5.420407722990899
2025-03-22 00:00:00,1.335993010016962,0.0,5.323007219336134
2025-03-22 01:00:00,1.6546263655090763,0.0,4.676036731001952
2025-03-22 02:00:00,1.2165009878153994,0.0,5.01601733462486
2025-03-22 03:00:00,1.6968221234785124,0.0,4.879217857174182
2025-03-22 04:00:00,1.6076917958433259,0.0,4.953469838209795
2025-03-22 05:00:00,1.6765323393277238,0.0,4.839187154314332
2025-03-22 06:00:00,2.203471392711784,0.0,8.421707486841884
2025-03-22 07:00:00,2.625632313622008,0.9652448346879295,7.994328038937909
2025-03-22 08:00:00,3.129937403325997,1.4197419246054663,8.064847041380382
2025-03-22 09:00:00,2.8881172182600547,2.0771448488980844,8.067277461839996
2025-03-22 10:00:00,2.0333729904933824,2.604245195872924,5.691668947511694
2025-03-22 11:00:00,1.796892789832963,3.079916977056048,6.0325661093521585
2025-03-22 12:00:00,1.497279859998543,3.2977150362024195,6.318695046536052
2025-03-22 13:00:00,1.7672890508238424,3.2715248313468805,6.441807295644212
2025-03-22 14:00:00,1.4576531097339942,2.691359148375481,5.655655509684167
2025-03-22 15:00:00,2.1637581577789,2.0448465112669822,5.544419628783381
2025-03-22 16:00:00,2.414757961275528,1.8142878967012352,6.018640374012457
2025-03-22 17:00:00,2.9286643389806732,0.73519236250646,12.332756272720511
2025-03-22 18:00:00,3.6355073332372947,4.638465141715198e-16,12.107878936285106
2025-03-22 19:00:00,3.87975717974814,0.0,12.204088822823941
2025-03-22 20:00:00,3.545905531881491,0.0,11.591925293728043
2025-03-22 21:00:00,3.1171750000371516,0.0,11.828403754719002
2025-03-22 22:00:00,2.235511270324865,0.0,4.34116630826213
2025-03-22 23:00:00,1.5954783572044373,0.0,4.957253585226212
2025-03-23 00:00:00,1.4431020986472365,0.0,4.350734167747018
2025-03-23 01:00:00,1.2301620740983008,0.0,5.399798510552143
2025-03-23 02:00:00,1.391902537187567,0.0,5.46644644037268
2025-03-23 03:00:00,1.3911080250437065,0.0,5.04219304761853
2025-03-23 04:00:00,1.485274699895797,0.0,4.546228067696621
2025-03-23 05:00:00,2.155536104132612,0.0,5.112713796173953
2025-03-23 06:00:00,2.2994003886326233,0.0,8.557739767538283
2025-03-23 07:00:00,2.815021616136554,0.9354467378061369,8.142720649906078
2025-03-23 08:00:00,2.7335438787458735,1.8460739390271972,8.355495197147276
2025-03-23 09:00:00,2.680158576750091,2.3125578796386215,7.854450406491134
2025-03-23 10:00:00,2.323542555066016,2.755624765329567,5.738636985649985
2025-03-23 11:00:00,1.703752270673912,2.9408066734592,5.978741397251206
2025-03-23 12:00:00,1.7629671358778825,3.4992340600551297,5.421988393517781
2025-03-23 13:00:00,1.3928580676697824,3.8026108327843624,6.679226568394183
2025-03-23 14:00:00,1.617213057073181,3.3848786613270523,6.041895013944148
2025-03-23 15:00:00,1.835216046079814,2.3050064782703448,6.260031886310102
2025-03-23 16:00:00,2.444400271110356,1.5680920164531646,5.861547441481138
2025-03-23 17:00:00,3.0068809891593724,0.9780236429340264,11.537074089042514
2025-03-23 18:00:00,3.6964644167780456,4.533100720848082e-16,12.427744449204262
2025-03-23 19:00:00,3.96458049209671,0.0,11.66276991561701
2025-03-23 20:00:00,3.626940128575122,0.0,12.104651629070773
2025-03-23 21:00:00,3.175715051352162,0.0,12.132925443395836
2025-03-23 22:00:00,2.455456859154255,0.0,5.022185391103665
2025-03-23 23:00:00,1.9092411967271905,0.0,4.76462472914534
2025-03-24 00:00:00,1.4354848192551688,0.0,4.955110328892131
2025-03-24 01:00:00,1.6200721081389828,0.0,4.714984752187286
2025-03-24 02:00:00,1.469351530825568,0.0,5.242753307767681
2025-03-24 03:00:00,1.4814688651603192,0.0,5.171464078249464
2025-03-24 04:00:00,1.6316606151828883,0.0,4.993579270070631
2025-03-24 05:00:00,2.1098796413397163,0.0,4.829494558491491
2025-03-24 06:00:00,2.089885222354007,0.0,8.632195369934605
2025-03-24 07:00:00,2.8936944987455573,1.0359870826120587,7.609380804153999
2025-03-24 08:00:00,2.7160279490115022,2.001966448247396,7.536616070941747
2025-03-24 09:00:00,2.8108440205299225,2.709273977407551,7.975398205811593
2025-03-24 10:00:00,2.527509584716099,2.942911866145442,5.922585802028728
2025-03-24 11:00:00,1.930731886280959,2.9864007813168385,6.329274736426314
2025-03-24 12:00:00,1.6523514711311535,3.3022007517970775,6.193834936484001
2025-03-24 13:00:00,1.4891951352344757,3.8411210587140276,6.008857676094612
2025-03-24 14:00:00,1.6648250575262404,2.838856290196763,6.150101334845842
2025-03-24 15:00:00,1.8853143697656443,2.655831643608609,6.144649724474897
2025-03-24 16:00:00,2.3018556810133655,1.979016270800144,6.631067016054585
2025-03-24 17:00:00,3.059473157616456,1.0393219772626348,12.07600901714863
2025-03-24 18:00:00,3.7668556349326523,4.883913883431935e-16,11.795676860196151
2025-03-24 19:00:00,3.8849174455838114,0.0,12.059550329948463
2025-03-24 20:00:00,3.6161560190811146,0.0,11.214396176018928
2025-03-24 21:00:00,2.898914455438769,0.0,11.990205737573891
2025-03-24 22:00:00,2.478307356841976,0.0,5.3278947413317965
2025-03-24 23:00:00,2.0043317778102248,0.0,5.180655235661127
2025-03-25 00:00:00,1.5348026359099403,0.0,5.089566813093702
2025-03-25 01:00:00,1.6453660774702832,0.0,5.194771746671148
2025-03-25 02:00:00,1.5179068129598043,0.0,5.330976963463315
2025-03-25 03:00:00,1.5862750989390733,0.0,5.427570022189457
2025-03-25 04:00:00,1.6615327245453038,0.0,5.134236770086837
2025-03-25 05:00:00,1.8416606359813577,0.0,4.905166569646193
2025-03-25 06:00:00,2.2113153793377407,0.0,7.305943402832067
2025-03-25 07:00:00,3.110338857156041,0.8649908160862643,8.293452028102319
2025-03-25 08:00:00,2.9322109762191917,1.7604302338477151,8.15456075408117
2025-03-25 09:00:00,2.6783713901275634,2.7788069549653627,8.04579784625474
2025-03-25 10:00:00,2.3563486340923054,3.431558071881145,5.793584551441729
2025-03-25 11:00:00,1.8952097699051138,3.222836255387437,6.289545601002167
2025-03-25 12:00:00,1.4160389772086355,3.5903857234662095,5.92282907225156
2025-03-25 13:00:00,1.7416642937394977,3.080306337111395,5.989673366686205
2025-03-25 14:00:00,1.6460387911503325,2.943425303883128,5.983203423249527
2025-03-25 15:00:00,1.7564841277937897,2.203740286140675,6.13495551544965
2025-03-25 16:00:00,2.5980697893561495,1.7484491937093274,5.655410396690962
2025-03-25 17:00:00,3.1968058356771096,0.9198390449246713,12.168765558572204
2025-03-25 18:00:00,3.547417162046499,3.993008623283972e-16,11.783733492957591
2025-03-25 19:00:00,4.266577431902066,0.0,11.794258887930253
2025-03-25 20:00:00,3.8359178974387462,0.0,12.265572014267324
2025-03-25 21:00:00,3.101421553733838,0.0,11.70149146167133
2025-03-25 22:00:00,2.6582314237719085,0.0,5.2650327203031395
2025-03-25 23:00:00,1.9464279560896116,0.0,5.030410017412671
2025-03-26 00:00:00,1.4958411080088578,0.0,4.5055169753389785
2025-03-26 01:00:00,1.4015454861576848,0.0,5.40934275549395
2025-03-26 02:00:00,1.592004233293757,0.0,5.093076118179049
2025-03-26 03:00:00,1.5989639034328067,0.0,5.118237759766961
2025-03-26 04:00:00,1.618159131683126,0.0,5.302172693175428
2025-03-26 05:00:00,1.7368936858139483,0.0,5.44976622336839
2025-03-26 06:00:00,2.3104281316820985,0.0,8.060308068864838
2025-03-26 07:00:00,2.767746146922933,0.7976315905191815,8.18518619674882
2025-03-26 08:00:00,2.7999824753870874,1.9492411151086912,8.111355779185228
2025-03-26 09:00:00,2.5574811940970013,2.7401063995364017,7.897139687989496
2025-03-26 10:00:00,2.3760201673962547,2.8481982994030814,5.524969109131456
2025-03-26 11:00:00,1.4671483603531097,3.667133029875063,6.064476617731263
2025-03-26 12:00:00,1.6575692883943736,3.525828373083999,6.413681349193367
2025-03-26 13:00:00,1.5015500968918631,3.8390511352605143,6.174999889007297
2025-03-26 14:00:00,1.856404968484944,3.3292346089376776,5.679773042707067
2025-03-26 15:00:00,1.8491035607030664,2.057983050257908,6.329256451693472
2025-03-26 16:00:00,2.518674804340853,1.9689912801704752,5.907159044443098
2025-03-26 17:00:00,3.0434174237520177,1.0475529630974887,11.372392238251498
2025-03-26 18:00:00,3.754160683861608,4.616799145872346e-16,12.305371144554757
2025-03-26 19:00:00,4.110525485501415,0.0,11.716385812772065
2025-03-26 20:00:00,3.6677149347351303,0.0,12.534218511935373
2025-03-26 21:00:00,3.2524342037523555,0.0,12.344332020179225
2025-03-26 22:00:00,2.270643921362669,0.0,4.931660217901052
2025-03-26 23:00:00,1.9667222148989225,0.0,5.137807953726339
2025-03-27 00:00:00,1.6384495276926405,0.0,5.727175569696531
2025-03-27 01:00:00,1.5995961273295334,0.0,5.300002111351096
2025-03-27 02:00:00,1.7921933989080068,0.0,5.071460007435377
2025-03-27 03:00:00,1.4129575607376108,0.0,5.866746198261881
2025-03-27 04:00:00,1.409084722997381,0.0,5.035274303286947
2025-03-27 05:00:00,1.706241372619821,0.0,5.174544445663651
2025-03-27 06:00:00,2.3900050385394533,0.0,7.719136043282222
2025-03-27 07:00:00,2.852904404927661,0.8719260342542373,7.497584340321533
2025-03-27 08:00:00,3.01534212214433,1.5200007137693785,7.9136593124154935
2025-03-27 09:00:00,2.6098094894295594,2.6282109413815906,8.011522425310556
2025-03-27 10:00:00,2.406277254574148,2.946612520998662,6.098779075322957
2025-03-27 11:00:00,1.673725890963282,3.8855469850842703,5.574068685967726
2025-03-27 12:00:00,1.8006001467067196,4.060138737441778,6.198202296635384
2025-03-27 13:00:00,2.0018783190259164,3.6870197628676586,5.750884342786897
2025-03-27 14:00:00,1.71513564943869,2.7458767756656424,6.182620307818325
2025-03-27 15:00:00,2.0105900124248093,2.6541199442382055,6.280477944853095
2025-03-27 16:00:00,2.345823206868735,1.448654472264037,5.881347272984211
2025-03-27 17:00:00,2.831422501774664,1.0066541017204875,11.71085432031972
2025-03-27 18:00:00,3.646690556384153,4.2615030826653913e-16,12.463094795215088
2025-03-27 19:00:00,3.836065719698595,0.0,12.26187362828976
2025-03-27 20:00:00,3.520047605721565,0.0,12.045592900154222
2025-03-27 21:00:00,3.3613049623769427,0.0,12.440528329103955
2025-03-27 22:00:00,2.4606279806325073,0.0,5.024978517192654
2025-03-27 23:00:00,1.979486425607263,0.0,4.813847836941605
2025-03-28 00:00:00,1.453700214495025,0.0,4.699489380688172
2025-03-28 01:00:00,1.4746598411944678,0.0,4.967660259393907
2025-03-28 02:00:00,1.6494092697335951,0.0,5.231516143394478
2025-03-28 03:00:00,1.5226228905299275,0.0,5.416927764532345
2025-03-28 04:00:00,1.6955612014033792,0.0,5.007053064810343
2025-03-28 05:00:00,1.8259909942173365,0.0,5.363937478380703
2025-03-28 06:00:00,2.2396157199473805,0.0,7.93571917054939
2025-03-28 07:00:00,2.567178839946975,0.8515074762448686,7.7655205944032435
2025-03-28 08:00:00,2.7033412638421486,1.8985694421073644,7.608106029859884
2025-03-28 09:00:00,2.739018761635669,2.288824250235347,7.84812801129744
2025-03-28 10:00:00,2.299721664373774,3.151745063982278,5.619402771765103
2025-03-28 11:00:00,1.6645121021045444,3.7467449416652445,6.60285348935706
2025-03-28 12:00:00,1.6215864795949897,3.979898057398363,6.131788927892804
2025-03-28 13:00:00,1.5813254400035122,3.3216130209530927,5.9713155452507065
2025-03-28 14:00:00,1.3367667765440505,2.8935525894062883,6.516600528703672
2025-03-28 15:00:00,1.7858550931542225,2.2609227684849476,5.6093197893085485
2025-03-28 16:00:00,2.4808417562633887,1.5245287905474816,5.958857149231277
2025-03-28 17:00:00,3.161013309347048,0.8632149672553301,12.599902137630558
2025-03-28 18:00:00,3.564047223378722,4.852007291759001e-16,11.9567878479826
2025-03-28 19:00:00,4.023767213438368,0.0,12.734044133521358
2025-03-28 20:00:00,3.890459375987888,0.0,12.23568145183246
2025-03-28 21:00:00,3.2195119149262297,0.0,12.39177777258967
2025-03-28 22:00:00,2.405405734876551,0.0,5.400468447036461
2025-03-28 23:00:00,1.8523368415165218,0.0,5.000480738074411
2025-03-29 00:00:00,1.4056518966242868,0.0,4.853536500621327
2025-03-29 01:00:00,1.5707634709974319,0.0,4.965367904035876
2025-03-29 02:00:00,1.5339922633691283,0.0,4.703920249005912
2025-03-29 03:00:00,1.6218840592495398,0.0,4.980211135031062
2025-03-29 04:00:00,1.635738182667842,0.0,4.998678185226511
2025-03-29 05:00:00,1.978206231446205,0.0,5.5067704985957615
2025-03-29 06:00:00,2.3051275335008428,0.0,8.177982713218244
2025-03-29 07:00:00,2.895919272207007,0.8604526693238674,8.708785267336062
2025-03-29 08:00:00,3.1306270387522135,2.005652888305792,7.3521367707068155
2025-03-29 09:00:00,2.657574052261907,2.4266308724304353,7.634886889991018
2025-03-29 10:00:00,2.0200255535441776,2.957214934187866,5.89339640170039
2025-03-29 11:00:00,2.088955536013046,3.260881555216659,6.447748339204262
2025-03-29 12:00:00,1.6652565189570239,4.0927397997550985,5.967126839914996
2025-03-29 13:00:00,1.3160896712305186,2.93804236808614,5.559651949304625
2025-03-29 14:00:00,1.5530950528701508,3.445267850448157,5.9264626691553115
2025-03-29 15:00:00,2.038904935931622,2.3349812153618523,5.640720522673526
2025-03-29 16:00:00,2.377800647533135,2.0416508357860668,5.581912269555058
2025-03-29 17:00:00,3.0261452870398173,0.850828797950108,12.59964834529617
2025-03-29 18:00:00,3.9472307398856312,3.672663634126877e-16,11.894517339995804
2025-03-29 19:00:00,3.842906933905836,0.0,12.051945858840755
2025-03-29 20:00:00,3.6173752885205923,0.0,11.972113095849574
2025-03-29 21:00:00,3.1346589423348354,0.0,11.924551312617465
2025-03-29 22:00:00,2.478266842736724,0.0,4.74780169031371
2025-03-29 23:00:00,1.9969847436662753,0.0,4.906809618748506
2025-03-30 00:00:00,1.6367392759598045,0.0,5.101170643557244
2025-03-30 01:00:00,1.5303772966632108,0.0,5.425590593619186
2025-03-30 02:00:00,1.5781342582384565,0.0,5.284230690966222
2025-03-30 03:00:00,1.4885920694369472,0.0,4.6342799307634746
2025-03-30 04:00:00,1.6253618561851764,0.0,5.296559725470981
2025-03-30 05:00:00,1.871521765902134,0.0,5.142631403458211
2025-03-30 06:00:00,2.323203373930043,0.0,7.812583699815951
2025-03-30 07:00:00,2.894096935924668,0.9427408691768568,8.054629128855971
2025-03-30 08:00:00,3.0832754754889424,1.7984521343074888,8.171686155094969
2025-03-30 09:00:00,2.7848855972306565,2.265415175126482,8.014115884346863
2025-03-30 10:00:00,2.1698782628336333,3.2503164611030173,6.144073000247016
2025-03-30 11:00:00,1.8675822963202695,3.259934724852833,5.74111469492286
2025-03-30 12:00:00,1.622555041615823,2.961709736686196,6.597849613273954
2025-03-30 13:00:00,1.6022397925269167,3.791324541602315,5.421214581306533
2025-03-30 14:00:00,1.9911467735240178,2.574403684583758,6.173355366998442
2025-03-30 15:00:00,1.8445578752949623,2.6487504951616243,6.110029038903097
2025-03-30 16:00:00,2.4830955250718727,1.5516681345142211,6.1928830180355146
2025-03-30 17:00:00,3.263223810024331,0.8921814408826154,11.787488894505522
2025-03-30 18:00:00,3.7517987479535937,4.872497065134803e-16,12.350759108499917
2025-03-30 19:00:00,4.350676773739233,0.0,11.967605795496507
2025-03-30 20:00:00,3.680392398424096,0.0,11.64413551827902
2025-03-30 21:00:00,3.1515643544256022,0.0,11.671556883517214
2025-03-30 22:00:00,2.2998777411946945,0.0,5.037411520651276
2025-03-30 23:00:00,1.8698045782436716,0.0,4.521043542961553
2025-03-31 00:00:00,1.5373936558339611,0.0,5.540151795032727
2025-03-31 01:00:00,1.6275361129071426,0.0,5.314676384162791
2025-03-31 02:00:00,1.5525908925012313,0.0,5.548053296255299
2025-03-31 03:00:00,1.7163406857344201,0.0,5.51642704673267
2025-03-31 04:00:00,1.6017123141107685,0.0,4.894428060559522
2025-03-31 05:00:00,1.805566359418238,0.0,4.739201161204947
2025-03-31 06:00:00,2.6965364196490955,0.0,7.196668195350744
2025-03-31 07:00:00,2.8373516122035585,0.8933986988515417,7.878129762532111
2025-03-31 08:00:00,2.8920813913004357,1.8678933163404512,8.529695856750786
2025-03-31 09:00:00,2.6741134824584187,2.505517695287454,7.751644802750839
2025-03-31 10:00:00,2.149845173395088,2.708427072590976,5.937023701540873
2025-03-31 11:00:00,1.9979170109893811,3.2592498380388957,5.833628925275135
2025-03-31 12:00:00,1.5721011154161983,3.474222099627443,6.112498546082315
2025-03-31 13:00:00,1.5923669269034098,3.6289128935789146,6.385825405264293
2025-03-31 14:00:00,1.6506416762872171,3.5049029442046233,5.538236814745645
2025-03-31 15:00:00,2.0328476532672877,2.551692741219724,5.595667205510822
2025-03-31 16:00:00,2.2927405582704656,1.88315206082734,6.445986011782306
2025-03-31 17:00:00,2.941618657016234,0.7807274858606741,12.219920062335543
2025-03-31 18:00:00,3.7707430569159257,5.038581144647165e-16,11.922185831595462
2025-03-31 19:00:00,4.0901438985683924,0.0,12.512124828577923
2025-03-31 20:00:00,3.7869781391484634,0.0,11.590491334083028
2025-03-31 21:00:00,2.981532911712996,0.0,12.27936404735731
2025-03-31 22:00:00,2.5213213292423506,0.0,4.9795285673408
2025-03-31 23:00:00,1.8109541494508203,0.0,5.181963150803868
2025-04-01 00:00:00,1.4218227725565051,0.0,4.283854366362418
2025-04-01 01:00:00,1.358997474852683,0.0,4.921788992031695
2025-04-01 02:00:00,1.6999004196954997,0.0,5.221039014810912
2025-04-01 03:00:00,1.622486689488312,0.0,4.981000934481552
2025-04-01 04:00:00,1.7067061170515003,0.0,5.376589331840256
2025-04-01 05:00:00,2.042473352065456,0.0,5.366541502142236
2025-04-01 06:00:00,2.712836040792996,0.0,7.712430912433822
2025-04-01 07:00:00,2.5218320492007305,1.0535207582653419,8.247197795400105
2025-04-01 08:00:00,2.8892471360656518,1.7668248300770188,7.702201202831528
2025-04-01 09:00:00,2.6858267841694503,2.2245851981035587,8.016204632346428
2025-04-01 10:00:00,2.1636242172173854,2.8946668594832605,6.196838474792286
2025-04-01 11:00:00,1.6957941204703062,3.1867966594290844,5.749415120621825
2025-04-01 12:00:00,1.5818097497418797,3.832814424842588,6.236077855669315
2025-04-01 13:00:00,1.390771998261526,2.863019223399834,5.848393276154429
2025-04-01 14:00:00,1.7104243325835693,2.69353836172039,5.825790741776296
2025-04-01 15:00:00,1.9308785402904398,2.6797805563769836,6.211995295061914
2025-04-01 16:00:00,2.4919064719176167,1.5434300329420745,5.749208116894974
2025-04-01 17:00:00,3.179113767683424,0.7744993925066787,11.733949359191072
2025-04-01 18:00:00,3.827549488852688,3.758421502962234e-16,12.312346812009025
2025-04-01 19:00:00,3.943988665339825,0.0,12.032567145577481
2025-04-01 20:00:00,4.055269802578867,0.0,11.563764151409012
2025-04-01 21:00:00,3.13811563854991,0.0,12.256692413516463
2025-04-01 22:00:00,2.1403258900349225,0.0,4.878019630326967
2025-04-01 23:00:00,1.772176926650233,0.0,4.57909599813156
2025-04-02 00:00:00,1.2389781209202901,0.0,4.247805496651508
2025-04-02 01:00:00,1.5031906979336793,0.0,5.2710242891097225
2025-04-02 02:00:00,1.486455883789695,0.0,4.742024580166529
2025-04-02 03:00:00,1.4572096036492912,0.0,4.62684656861045
2025-04-02 04:00:00,1.9175960275597463,0.0,5.191820849115797
2025-04-02 05:00:00,1.9377390700056254,0.0,5.241737478892656
2025-04-02 06:00:00,2.399853407774138,0.0,7.763869100421611
2025-04-02 07:00:00,2.6385549415959386,0.9967868192798311,8.273792197881793
2025-04-02 08:00:00,2.850131889497566,1.6294835975407074,8.616467876333939
2025-04-02 09:00:00,2.783773871660172,2.9123085291609074,8.403998981291329
2025-04-02 10:00:00,2.317198231522623,3.4534220052226936,6.357317128559087
2025-04-02 11:00:00,1.5789848725436944,3.560266997768005,6.094238736639759
2025-04-02 12:00:00,1.5997116559227544,2.9548490005973758,5.866884538341323
2025-04-02 13:00:00,1.5753733679859625,3.9200648927285937,5.983234184130973
2025-04-02 14:00:00,1.6278956025872882,3.344301967441756,6.132222481098829
2025-04-02 15:00:00,1.8011152302241462,2.784263378794797,5.62274641240353
2025-04-02 16:00:00,2.3388218949148976,1.517091448596466,5.769185427718062
2025-04-02 17:00:00,3.076425620901767,0.9932035963659291,11.571674957105225
2025-04-02 18:00:00,3.7507184643801934,4.847872116893123e-16,12.070555986687424
2025-04-02 19:00:00,4.090718743245993,0.0,12.02491617671866
2025-04-02 20:00:00,3.8992267229264477,0.0,11.804187400359416
2025-04-02 21:00:00,3.0587988125485075,0.0,12.246149761613923
2025-04-02 22:00:00,2.351275173511338,0.0,4.6866198902215075
2025-04-02 23:00:00,1.9881816395453116,0.0,4.793049577946828
2025-04-03 00:00:00,1.5916803067360907,0.0,5.2341579454737515
2025-04-03 01:00:00,1.4354604385721503,0.0,5.278644734037841
2025-04-03 02:00:00,1.623285688942621,0.0,4.761282139187347
2025-04-03 03:00:00,1.6744112595076057,0.0,5.069612781422972
2025-04-03 04:00:00,1.8097100805484703,0.0,4.76635782776629
2025-04-03 05:00:00,2.1221397749020623,0.0,4.940798139926809
2025-04-03 06:00:00,2.160976232758272,0.0,8.04315121824547
2025-04-03 07:00:00,2.7803006961871306,0.8952290375159926,8.16810985964478
2025-04-03 08:00:00,3.001695277690017,2.072993180619618,8.095267704047933
2025-04-03 09:00:00,2.763542011515753,2.539048857298226,8.081948702162073
2025-04-03 10:00:00,2.1938577226332687,2.801441126764443,5.676450498867898
2025-04-03 11:00:00,1.6345973071262023,3.28731405920348,6.11648299179225
2025-04-03 12:00:00,1.6406596262545352,3.4722850235507288,6.1653196053588895
2025-04-03 13:00:00,1.45800920662275,2.998138327806644,6.20668035902614
2025-04-03 14:00:00,1.673066999565101,3.2842185744580834,5.784143946158734
2025-04-03 15:00:00,1.8040172608213196,2.620089747233053,6.274675684975082
2025-04-03 16:00:00,2.2548034203264176,1.8878678024303055,5.604829541466953
2025-04-03 17:00:00,3.138099253994221,0.9651256796188781,11.870754553786785
2025-04-03 18:00:00,3.7597366898596607,3.645114058845003e-16,11.91734427531175
2025-04-03 19:00:00,4.086892301561548,0.0,11.62127728124901
2025-04-03 20:00:00,4.064977857146461,0.0,11.912786696548558
2025-04-03 21:00:00,3.144544400759222,0.0,12.066444274303441
2025-04-03 22:00:00,2.492460867988261,0.0,4.452268345449999
2025-04-03 23:00:00,1.7608990891850669,0.0,4.881593484868747
2025-04-04 00:00:00,1.3070174531940064,0.0,4.475479720321003
2025-04-04 01:00:00,1.7380149205769833,0.0,5.612461635295083
2025-04-04 02:00:00,1.3662047004076996,0.0,5.063747365080195
2025-04-04 03:00:00,1.3708818476139135,0.0,5.037748785149303
2025-04-04 04:00:00,1.6100922725171865,0.0,5.069622023497742
2025-04-04 05:00:00,1.8418627768874805,0.0,5.181356189180249
2025-04-04 06:00:00,2.155562677590694,0.0,8.293446454950358
2025-04-04 07:00:00,2.732469981980289,0.8102461873142514,7.530933821355601
2025-04-04 08:00:00,3.1844099808447335,1.8753075658397982,8.393053279228027
2025-04-04 09:00:00,2.6573540054708595,2.7938402599947767,8.373747588205177
2025-04-04 10:00:00,2.0821962879198637,2.913591716736644,5.9800960167427375
2025-04-04 11:00:00,1.998820650745832,2.9638829433669285,5.96438139279504
2025-04-04 12:00:00,1.70060224614089,3.1653721081897457,5.069171761012778
2025-04-04 13:00:00,1.4801847624576376,2.9784294648359584,5.626802651339523
2025-04-04 14:00:00,1.4228429250339198,3.54659161834523,6.155654782878947
2025-04-04 15:00:00,1.8114302886103633,2.4367504022502686,6.360185239892967
2025-04-04 16:00:00,2.411546506675678,1.816280990059521,6.218651076635039
2025-04-04 17:00:00,3.2778053134202594,1.020921091772585,11.977285480266513
2025-04-04 18:00:00,3.581611164608238,4.2121347133013364e-16,12.577761810170534
2025-04-04 19:00:00,3.9873220236366866,0.0,12.301552666910142
2025-04-04 20:00:00,3.8383699911680518,0.0,11.881852074376528
2025-04-04 21:00:00,2.745760870059307,0.0,12.654633195586024
2025-04-04 22:00:00,2.5747665281194765,0.0,4.67114982958802
2025-04-04 23:00:00,1.7451657026842,0.0,4.558447933838763
2025-04-05 00:00:00,1.5498528932930027,0.0,4.873668383862823
2025-04-05 01:00:00,1.5375929760025948,0.0,4.772407946593824
2025-04-05 02:00:00,1.6674146261172718,0.0,4.890520515653931
2025-04-05 03:00:00,1.6101121154682407,0.0,5.239427208920334
2025-04-05 04:00:00,1.2593635369401721,0.0,4.989806128518596
2025-04-05 05:00:00,1.73767475182069,0.0,4.997510969714065
2025-04-05 06:00:00,2.3116694229601795,0.0,8.017644444862672
2025-04-05 07:00:00,2.748968981869286,1.0437918141307356,7.306302352107564
2025-04-05 08:00:00,3.0716452326607335,1.9618895300944463,7.54542184762458
2025-04-05 09:00:00,2.8966580301460847,2.640473865802278,7.884406620371173
2025-04-05 10:00:00,2.3825149210392413,3.064859566692692,5.7471213595956785
2025-04-05 11:00:00,1.8252903662276931,3.8108739267204617,5.930463753856165
2025-04-05 12:00:00,1.3498071576821125,3.9232542088985833,6.421238513882427
2025-04-05 13:00:00,1.5049403682267144,3.046404477224213,5.977665150782041
2025-04-05 14:00:00,1.7226231996738006,3.455984071741797,5.603349534683105
2025-04-05 15:00:00,1.759556704193576,2.1772055663088175,5.762070063820598
2025-04-05 16:00:00,2.514443381721305,1.8088737545803184,6.513172772697676
2025-04-05 17:00:00,3.239213494527782,0.9840979829889474,12.459748191437704
2025-04-05 18:00:00,3.7561285072830626,4.932534678491313e-16,12.178763230694665
2025-04-05 19:00:00,3.540433025916548,0.0,11.531255078791402
2025-04-05 20:00:00,3.545385037777047,0.0,12.092041480531245
2025-04-05 21:00:00,3.3858793448610074,0.0,12.11510912974521
2025-04-05 22:00:00,2.337717933974385,0.0,5.007662062517072
2025-04-05 23:00:00,1.6249118050458162,0.0,4.828996683317192
2025-04-06 00:00:00,1.6853406775210034,0.0,4.891210686839076
2025-04-06 01:00:00,1.5025938422925342,0.0,4.808085527843878
2025-04-06 02:00:00,1.670467740741354,0.0,4.656477812492293
2025-04-06 03:00:00,1.5690172596171146,0.0,5.409796350640473
2025-04-06 04:00:00,1.6847409811314946,0.0,5.264694138508909
2025-04-06 05:00:00,1.9098430260512662,0.0,4.914521167225007
2025-04-06 06:00:00,2.3955619003453377,0.0,8.105653492510331
2025-04-06 07:00:00,3.1198305320706687,0.8912885427137612,8.116910267117161
2025-04-06 08:00:00,3.145654573591096,1.8076554144015258,8.702865067422819
2025-04-06 09:00:00,2.541202149118799,2.3586801215609956,8.26177060427471
2025-04-06 10:00:00,2.358246387866625,3.2119803196540953,6.250430885618432
2025-04-06 11:00:00,2.0286537228263457,3.975881989913887,6.011394303920801
2025-04-06 12:00:00,1.8071628303306064,3.6872049994804503,5.8696728124769475
2025-04-06 13:00:00,1.5092718080960719,3.243560225039935,6.4148130757984845
2025-04-06 14:00:00,1.8349096442311765,2.6585288946602863,6.195681635269855
2025-04-06 15:00:00,2.0622851520088283,2.2383610333865867,5.75113741378368
2025-04-06 16:00:00,2.8056297877485283,1.854809922494186,6.1361599663019515
2025-04-06 17:00:00,2.9904542395004095,1.0007505932479819,12.251215826526243
2025-04-06 18:00:00,3.6609883743786225,3.74010135693278e-16,11.371250713112142
2025-04-06 19:00:00,3.9540821485944146,0.0,11.723283962224599
2025-04-06 20:00:00,3.663564969678001,0.0,12.108829447811972
2025-04-06 21:00:00,2.9694478586130546,0.0,11.422661608851373
2025-04-06 22:00:00,2.00529727707758,0.0,4.470160650234412
2025-04-06 23:00:00,1.8573283674566954,0.0,4.9188614778817215
2025-04-07 00:00:00,1.5554572782294482,0.0,5.147463277728483
2025-04-07 01:00:00,1.4266072267350967,0.0,5.1613351120703355
2025-04-07 02:00:00,1.7950338449270615,0.0,5.4747198658074385
2025-04-07 03:00:00,1.529479830241589,0.0,5.02467916636685
2025-04-07 04:00:00,1.8096114689772895,0.0,4.888204143961843
2025-04-07 05:00:00,1.894604700803584,0.0,4.607792124153425
2025-04-07 06:00:00,2.4148997500411764,0.0,7.884611715071889
2025-04-07 07:00:00,2.820102197877288,0.9781809825670088,8.212258792399018
2025-04-07 08:00:00,3.205321317982752,1.8236984464820005,8.225816661046135
2025-04-07 09:00:00,2.786643949315489,2.192829964504235,8.079385702018548
2025-04-07 10:00:00,2.365665266788107,3.5610073110819425,6.164134480588415
2025-04-07 11:00:00,1.9123815476583697,3.2534640044058842,6.382915067722378
2025-04-07 12:00:00,1.5835148906310867,4.238797085282912,6.022581552935987
2025-04-07 13:00:00,1.6340099033936384,4.057278531930324,6.41019565132507
2025-04-07 14:00:00,1.9953259143826096,3.0834162723500826,5.782005948210196
2025-04-07 15:00:00,1.8825642507618314,2.330623452746243,5.978012686637853
2025-04-07 16:00:00,2.482671906131056,2.038006530267501,5.8557500310418735
2025-04-07 17:00:00,3.291621342568103,0.8972604324726007,12.237811539521703
2025-04-07 18:00:00,3.908136452980328,3.9339978036423585e-16,11.695654666022566
2025-04-07 19:00:00,4.001757468521312,0.0,11.903470357348953
2025-04-07 20:00:00,3.379589986740213,0.0,11.442097052753205
2025-04-07 21:00:00,3.180456393874865,0.0,12.17831282567096
2025-04-07 22:00:00,2.0867774641351837,0.0,5.374037082717645
2025-04-07 23:00:00,2.1430238731563502,0.0,5.273212385390029
2025-04-08 00:00:00,1.5254746499534517,0.0,5.243788284040933
2025-04-08 01:00:00,1.6505416065417815,0.0,5.251820118793985
2025-04-08 02:00:00,1.3694099966705375,0.0,5.2099081485309515
2025-04-08 03:00:00,1.2945973373392017,0.0,5.184318686751824
2025-04-08 04:00:00,1.6550702683208445,0.0,5.203674037288588
2025-04-08 05:00:00,1.8503511229006675,0.0,4.8032953610277325
2025-04-08 06:00:00,2.2172075296336127,0.0,7.939941966944046
2025-04-08 07:00:00,2.7909151568971686,0.9729912133741817,8.021072978212555
2025-04-08 08:00:00,3.415119007002057,1.6744550918654606,7.899288458390146
2025-04-08 09:00:00,2.903431878900988,2.9302884529593816,7.530107109189548
2025-04-08 10:00:00,2.448671951454287,2.621817119866818,5.629497303931819
2025-04-08 11:00:00,1.9840221413438663,3.1944888349167795,6.068992834507042
2025-04-08 12:00:00,1.8486770309280136,3.5348557688373567,6.271732772616575
2025-04-08 13:00:00,1.5447518046198252,3.641977901328012,6.002802572747912
2025-04-08 14:00:00,1.3519537813016633,3.23703602815744,6.829446558556258
2025-04-08 15:00:00,1.8948358721252463,2.2913843624952084,5.724071270953419
2025-04-08 16:00:00,2.541512528702544,1.5743946278321574,6.133482642619709
2025-04-08 17:00:00,2.9574844406704255,0.8542522943259463,12.387360783194833
2025-04-08 18:00:00,3.710643568265287,4.2419242560976547e-16,12.319703136349673
2025-04-08 19:00:00,3.8962345444130606,0.0,12.196520058532386
2025-04-08 20:00:00,3.9624026799602867,0.0,12.321076192152633
2025-04-08 21:00:00,3.2153695233885795,0.0,12.01661830429731
2025-04-08 22:00:00,2.5174296960252356,0.0,5.498864523446165
2025-04-08 23:00:00,2.015773485483311,0.0,5.384947731906278
2025-04-09 00:00:00,1.4944661813916436,0.0,4.744331719786836
2025-04-09 01:00:00,1.5302239459401088,0.0,5.096470381290316
2025-04-09 02:00:00,1.3269489803178476,0.0,4.535811011141944
2025-04-09 03:00:00,1.1995071615216246,0.0,5.456536691970713
2025-04-09 04:00:00,1.638469280251423,0.0,5.06726943230952
2025-04-09 05:00:00,1.9039901773349104,0.0,5.404631853220104
2025-04-09 06:00:00,2.4723283388209945,0.0,7.967192748569651
2025-04-09 07:00:00,3.013916337199609,1.1056181506817937,7.443119750370407
2025-04-09 08:00:00,3.2355033959470596,1.9063090129173035,8.791210262320996
2025-04-09 09:00:00,2.6285495078015475,3.0157311866639085,8.039326564156172
2025-04-09 10:00:00,2.2384074053323237,3.083374529087859,5.69993741297946
2025-04-09 11:00:00,1.92948175199307,3.4415241444744344,6.343728686517267
2025-04-09 12:00:00,2.0065434110115112,3.1626278198355116,6.610757184373289
2025-04-09 13:00:00,1.7952774361120243,2.9662051061704235,5.939268547662896
2025-04-09 14:00:00,1.8280775517527144,2.894135214925579,5.970227276781908
2025-04-09 15:00:00,1.864955598743754,2.5772102023712464,6.0714138704134735
2025-04-09 16:00:00,2.2872722275298,1.8415192586040143,5.66670881053437
2025-04-09 17:00:00,3.221290682445172,0.85590146832613,11.79279976512559
2025-04-09 18:00:00,3.5719992712035324,4.677315973041044e-16,12.534577759309506
2025-04-09 19:00:00,3.9642345532163623,0.0,11.960338068630145
2025-04-09 20:00:00,3.7198815998335286,0.0,11.748732906592437
2025-04-09 21:00:00,3.3418877844460164,0.0,11.864387431091018
2025-04-09 22:00:00,2.36649400748469,0.0,5.321847106199041
2025-04-09 23:00:00,1.5566458427292733,0.0,4.407230934462518
2025-04-10 00:00:00,1.5757202664238328,0.0,5.076394969206155
2025-04-10 01:00:00,1.3957372255953944,0.0,5.7386656235127385
2025-04-10 02:00:00,1.5111213210633572,0.0,5.609318788186709
2025-04-10 03:00:00,1.5144677532078912,0.0,5.171960834245602
2025-04-10 04:00:00,1.574901511327004,0.0,5.394932783013195
2025-04-10 05:00:00,1.9739427261617943,0.0,5.392047885438883
2025-04-10 06:00:00,2.0610089218042815,0.0,7.9622443989532705
2025-04-10 07:00:00,2.7006638310441,0.8352348553298311,8.277438141009291
2025-04-10 08:00:00,3.102609310164825,1.8190658761628573,8.536574905636208
2025-04-10 09:00:00,2.686140330493974,2.291896716865893,7.620871327062761
2025-04-10 10:00:00,2.0499261541842935,3.2140801592124464,6.172995263244479
2025-04-10 11:00:00,1.9577149090993733,4.092605481656525,6.108442634426566
2025-04-10 12:00:00,1.7952219039164155,3.297047741595803,6.030949345492263
2025-04-10 13:00:00,1.566513274408486,3.0675323859756953,6.004389991699614
2025-04-10 14:00:00,1.3660411376825277,3.559505420612992,6.069500991759129
2025-04-10 15:00:00,2.02901925408097,2.57047126924795,6.094671659354845
2025-04-10 16:00:00,2.1707689899901155,2.092384892758795,6.335584587858953
2025-04-10 17:00:00,3.1492743914649113,0.8889427574175649,12.142954398968154
2025-04-10 18:00:00,3.6039788871273624,4.718375965483839e-16,11.946637021597088
2025-04-10 19:00:00,3.826024112998363,0.0,11.74802356275269
2025-04-10 20:00:00,3.6708117896218635,0.0,11.85826724465189
2025-04-10 21:00:00,3.075456337613506,0.0,12.07834983086371
2025-04-10 22:00:00,2.323067365370674,0.0,4.788178778635302
2025-04-10 23:00:00,2.0108387802474383,0.0,5.283763126614387
2025-04-11 00:00:00,1.4331431625056374,0.0,5.129016542201857
2025-04-11 01:00:00,1.6476191343117566,0.0,5.343058226017103
2025-04-11 02:00:00,1.5469026422442171,0.0,4.808354233709892
2025-04-11 03:00:00,1.4228398773447635,0.0,4.7506797006055255
2025-04-11 04:00:00,1.4860661281248264,0.0,5.340817167880299
2025-04-11 05:00:00,1.608267194036973,0.0,5.038986187000266
2025-04-11 06:00:00,2.334548630237211,0.0,7.939244861329433
2025-04-11 07:00:00,2.72502783269955,0.8904409341608979,8.209598148695719
2025-04-11 08:00:00,2.6441742939876907,1.9136714219818685,8.198434771593718
2025-04-11 09:00:00,2.697895815880219,2.420458960635062,7.623270878980012
2025-04-11 10:00:00,2.1560920561865466,3.373098314910165,6.415393536925826
2025-04-11 11:00:00,2.093783246436462,3.186548804193573,5.8768779169753875
2025-04-11 12:00:00,1.3713409175661881,3.6469039863378687,6.510005414322571
2025-04-11 13:00:00,1.3570599355948287,3.616782651034319,5.599935415930902
2025-04-11 14:00:00,1.8266634239188124,3.016665442839243,6.095219664744094
2025-04-11 15:00:00,2.126638265695742,2.3874188861712926,5.944313639718457
2025-04-11 16:00:00,2.3080047313942225,1.6153488059432441,5.407429597069745
2025-04-11 17:00:00,3.0081416265163496,1.0274780677293902,12.197462393415499
2025-04-11 18:00:00,3.8295337703216834,4.001371540248891e-16,11.422818891976497
2025-04-11 19:00:00,3.650935036321611,0.0,11.912499941709893
2025-04-11 20:00:00,3.4579192395079836,0.0,12.331282643314855
2025-04-11 21:00:00,3.0608409609499883,0.0,11.84098920681149
2025-04-11 22:00:00,2.6521821878480103,0.0,4.7288797545453445
2025-04-11 23:00:00,1.8571737752901547,0.0,5.240106941168603
2025-04-12 00:00:00,1.5151940880347357,0.0,4.92514458484118
2025-04-12 01:00:00,1.6706588944455851,0.0,4.878482091593053
2025-04-12 02:00:00,1.820759377389417,0.0,5.382497743150797
2025-04-12 03:00:00,1.440946187361963,0.0,4.649816379453627
2025-04-12 04:00:00,1.6134316021396553,0.0,4.862117823358873
2025-04-12 05:00:00,2.128699922095515,0.0,5.259934103320932
2025-04-12 06:00:00,2.0626087622784732,0.0,7.630415793347145
2025-04-12 07:00:00,2.9323531253703274,0.9859965400380881,8.532604147920859
2025-04-12 08:00:00,2.847256293343029,1.637705644559981,7.934945754479968
2025-04-12 09:00:00,2.7936239018611024,2.322971104140868,8.26235821442371
2025-04-12 10:00:00,2.2548543034647484,3.346447373378718,6.261730553406762
2025-04-12 11:00:00,1.7137298675056787,3.481590030037798,5.954313622811272
2025-04-12 12:00:00,1.4792924202014432,3.9448031341075307,5.856296366446032
2025-04-12 13:00:00,1.614724710193,3.4261670635584496,5.987110631413741
2025-04-12 14:00:00,1.8094988766773596,3.2312315580847852,6.213805274247113
2025-04-12 15:00:00,1.9036633615978722,2.3371326109577426,5.704072546811743
2025-04-12 16:00:00,2.430269146013051,1.6311315274075529,5.639022423380669
2025-04-12 17:00:00,3.1886306098813435,0.8173430941116436,12.445260816526087
2025-04-12 18:00:00,3.5913556448867423,5.061816175383737e-16,11.779543478870131
2025-04-12 19:00:00,4.110953882125346,0.0,12.10622516460852
2025-04-12 20:00:00,3.8599997567427793,0.0,11.939338737330269
2025-04-12 21:00:00,3.4934949158901567,0.0,11.952640316632976
2025-04-12 22:00:00,2.3632829743447044,0.0,5.429116916416294
2025-04-12 23:00:00,1.8538210182649464,0.0,4.974449243672743
2025-04-13 00:00:00,1.6153984500105243,0.0,4.8929521615346365
2025-04-13 01:00:00,1.623456128897804,0.0,4.919085309117532
2025-04-13 02:00:00,1.4244635943911883,0.0,4.848962474276748
2025-04-13 03:00:00,1.4669990567947024,0.0,4.798972792212487
2025-04-13 04:00:00,1.6971267364323754,0.0,4.850165941125236
2025-04-13 05:00:00,1.7312540027838896,0.0,5.498963033866585
2025-04-13 06:00:00,2.2293585553549353,0.0,8.213446648118127
2025-04-13 07:00:00,2.791654879892519,1.0305172150054582,7.896441035342098
2025-04-13 08:00:00,3.1493944259205566,2.08414538031344,8.294496690385646
2025-04-13 09:00:00,2.687563254368698,2.318569179080584,7.523841859583789
2025-04-13 10:00:00,2.0148894912701887,2.7431542032453393,6.412703505514701
2025-04-13 11:00:00,1.5699419874831313,4.092011165029439,6.388546730948077
2025-04-13 12:00:00,1.4378457493442647,3.2439120797318997,6.670900204207093
2025-04-13 13:00:00,1.3762873978249464,3.009947666675939,6.303465431723597
2025-04-13 14:00:00,1.636976363659971,3.480257242899124,6.131170363159551
2025-04-13 15:00:00,1.744791769036507,2.959456068783059,6.387342115460445
2025-04-13 16:00:00,2.314338928229888,1.8734282282573915,5.812257170587921
2025-04-13 17:00:00,2.986841617190379,0.978424894806049,11.881375052489355
2025-04-13 18:00:00,3.6710222817114873,4.302394148410072e-16,11.980726554463969
2025-04-13 19:00:00,4.198375655591876,0.0,12.410664459270118
2025-04-13 20:00:00,3.8363904305983945,0.0,11.74323649416533
2025-04-13 21:00:00,3.105370383368996,0.0,11.711381490729103
2025-04-13 22:00:00,2.350544660841516,0.0,5.070961423462105
2025-04-13 23:00:00,1.8575483900217125,0.0,5.21525914912276
2025-04-14 00:00:00,1.549215539767255,0.0,4.789075827217977
2025-04-14 01:00:00,1.5882158645638267,0.0,5.20112538583158
2025-04-14 02:00:00,1.3685840414826052,0.0,5.410519802615121
2025-04-14 03:00:00,1.5329455716763445,0.0,5.360138508045058
2025-04-14 04:00:00,1.3112141754002153,0.0,5.1059878305584725
2025-04-14 05:00:00,1.8871487065196784,0.0,4.972820675333307
2025-04-14 06:00:00,2.4052610398509904,0.0,8.520687090694224
2025-04-14 07:00:00,2.7362056707551226,0.9830704997003996,8.004621198347435
2025-04-14 08:00:00,3.2724826726182337,2.093433712533312,8.28210638588456
2025-04-14 09:00:00,2.6460672796802216,3.0753277570577673,8.587484443755672
2025-04-14 10:00:00,2.3238632228702785,3.0882729871133283,6.25058042388898
2025-04-14 11:00:00,1.8520578956109697,3.088732234221595,5.700872630127896
2025-04-14 12:00:00,1.6117130592336733,4.070908640875313,5.628293165607514
2025-04-14 13:00:00,1.5561142303542248,3.0032277677681756,5.91071117398107
2025-04-14 14:00:00,1.676233731954378,2.9232278083236682,6.212849737037468
2025-04-14 15:00:00,2.0503176035957025,2.228345371307724,6.133435760053204
2025-04-14 16:00:00,2.6264126076442804,2.1334991867535185,6.662124619639102
2025-04-14 17:00:00,3.102616963262063,0.7992425559098353,12.130516886328422
2025-04-14 18:00:00,3.8593958716644314,4.569991447759913e-16,11.90176763497481
2025-04-14 19:00:00,3.89473496392339,0.0,11.659997369067034
2025-04-14 20:00:00,3.8519916100927523,0.0,12.354131213369204
2025-04-14 21:00:00,2.9886522425035467,0.0,11.998181631237525
2025-04-14 22:00:00,2.5832975933418614,0.0,4.548158069530181
2025-04-14 23:00:00,2.2541294201241513,0.0,5.006678180874581
2025-04-15 00:00:00,1.4817409860787538,0.0,4.701278566661898
2025-04-15 01:00:00,1.1717089799398719,0.0,4.872308746895055
2025-04-15 02:00:00,1.4225157274109717,0.0,5.0018575929328
2025-04-15 03:00:00,1.7122547284776053,0.0,4.728446585499503
2025-04-15 04:00:00,1.6989186287534561,0.0,4.853712749313093
2025-04-15 05:00:00,1.8927286786953432,0.0,4.776764049766005
2025-04-15 06:00:00,2.4422389069504136,0.0,7.7848132411039295
2025-04-15 07:00:00,2.850883980674517,0.828301317575617,7.697593844860532
2025-04-15 08:00:00,3.182662401314888,1.581742999454846,7.855170630619063
2025-04-15 09:00:00,2.9161665982926768,2.209277285968145,7.731590467467814
2025-04-15 10:00:00,2.519502228485333,2.853220800412446,6.1759752347927535
2025-04-15 11:00:00,1.9112510201968012,4.083822276516546,6.060240016059087
2025-04-15 12:00:00,1.7625466195742778,4.1497227822295,6.3584145674972365
2025-04-15 13:00:00,1.527193494592069,4.069015224042811,6.566011017131281
2025-04-15 14:00:00,1.5699488557191066,3.3936674326554463,6.203197504176531
2025-04-15 15:00:00,2.1791389381389936,2.7711640502021444,6.134876107389992
2025-04-15 16:00:00,2.4521828736514717,1.6281323386194941,6.222101181688468
2025-04-15 17:00:00,3.223686584817043,1.0400061265141949,12.139976645100647
2025-04-15 18:00:00,3.755659463000395,4.2410924341132647e-16,12.015059803627977
2025-04-15 19:00:00,3.9120226582254127,0.0,11.99120225809578
2025-04-15 20:00:00,3.738745726071177,0.0,11.693499010781391
2025-04-15 21:00:00,3.318350073742752,0.0,12.251675866291452
2025-04-15 22:00:00,2.5029846140705554,0.0,4.990611557042501
2025-04-15 23:00:00,1.6658123145555968,0.0,5.434855692287193
2025-04-16 00:00:00,1.4677669007880394,0.0,5.2745407710755945
2025-04-16 01:00:00,1.76793457246669,0.0,4.8122145133172065
2025-04-16 02:00:00,1.4726571381202016,0.0,5.374007314069626
2025-04-16 03:00:00,1.2574016545740827,0.0,4.231777413048927
2025-04-16 04:00:00,1.8999144435130508,0.0,5.579067723487344
2025-04-16 05:00:00,1.9577505153660077,0.0,4.598466416675101
2025-04-16 06:00:00,2.2804367247352677,0.0,8.148533653751262
2025-04-16 07:00:00,2.7225033043749436,1.1431643031356082,8.128224849844258
2025-04-16 08:00:00,3.1623564126659782,1.9061234725086957,8.337115058552525
2025-04-16 09:00:00,2.6969555367617,2.5644908184020734,7.901390957808676
2025-04-16 10:00:00,2.4634856242521876,3.284770669112212,5.3563444584413835
2025-04-16 11:00:00,1.9387609004695014,3.66512559064139,5.901813626585833
2025-04-16 12:00:00,1.6634599981732872,3.728278881283986,5.934251309250103
2025-04-16 13:00:00,1.5950897763552763,3.7845576589921865,5.385242395014809
2025-04-16 14:00:00,1.6339227719458307,3.7071760096286543,6.013611482688221
2025-04-16 15:00:00,2.0799698101075377,2.477823530385656,5.677244553400636
2025-04-16 16:00:00,2.2899507473877936,1.8752648512460723,6.194725530928036
2025-04-16 17:00:00,2.859665730913155,0.8043549347740924,11.926176079252047
2025-04-16 18:00:00,3.8292644792725574,5.200281437379762e-16,12.58832846565592
2025-04-16 19:00:00,4.094685755073479,0.0,11.923146402947856
2025-04-16 20:00:00,3.8091344650605823,0.0,12.12911737990236
2025-04-16 21:00:00,3.1641102265203007,0.0,11.936078548062149
2025-04-16 22:00:00,2.3716175461780096,0.0,4.513019543461877
2025-04-16 23:00:00,2.0406556941729943,0.0,4.938586098458751
2025-04-17 00:00:00,1.4932198502612815,0.0,5.226024032351444
2025-04-17 01:00:00,1.4275234694387064,0.0,5.180596941699489
2025-04-17 02:00:00,1.4579429705593852,0.0,4.91201967865164
2025-04-17 03:00:00,1.8305694131505845,0.0,4.562973164925211
2025-04-17 04:00:00,1.3557106983928544,0.0,5.193337576319986
2025-04-17 05:00:00,1.9303598545384586,0.0,5.125845975639047
2025-04-17 06:00:00,2.0390720894136303,0.0,8.25302325615578
2025-04-17 07:00:00,2.7619809640388078,0.8248830748248184,7.917766341429613
2025-04-17 08:00:00,2.93495950042409,2.1313154517590105,7.494687562157132
2025-04-17 09:00:00,2.4654988022936473,2.2165641303187997,8.160128054923009
2025-04-17 10:00:00,2.349602799139854,3.7349587857217985,5.997257170477955
2025-04-17 11:00:00,1.8004258982820336,4.028365912493554,6.417505132020033
2025-04-17 12:00:00,1.311876757965998,3.214944247660414,6.008619909733925
2025-04-17 13:00:00,1.6991977691710747,3.940394867486787,5.98635993324315
2025-04-17 14:00:00,1.8754189041512976,3.5875606054637066,6.125176341559794
2025-04-17 15:00:00,2.1466424434206335,2.7701053380322174,5.820920679359661
2025-04-17 16:00:00,2.473595638300789,1.9423221000773125,5.806459283662929
2025-04-17 17:00:00,3.109863220724254,0.8230617297638714,11.970631420098618
2025-04-17 18:00:00,3.936321953973056,3.9104889986861577e-16,11.723878107519008
2025-04-17 19:00:00,4.252357543664422,0.0,11.93127136036021
2025-04-17 20:00:00,3.907133597615161,0.0,12.58186840723461
2025-04-17 21:00:00,2.961720330743125,0.0,12.31279011801791
2025-04-17 22:00:00,2.44990033091088,0.0,5.092411382419895
2025-04-17 23:00:00,1.9884607101588798,0.0,5.465503178286475
2025-04-18 00:00:00,1.2286110239368782,0.0,4.752531170598006
2025-04-18 01:00:00,1.5709946025040993,0.0,5.747131960963999
2025-04-18 02:00:00,1.8456754412946035,0.0,4.861849244732082
2025-04-18 03:00:00,1.6234638832043284,0.0,5.601141768652754
2025-04-18 04:00:00,1.8369690729159327,0.0,5.599820914333895
2025-04-18 05:00:00,1.8828288484133946,0.0,4.474031057960838
2025-04-18 06:00:00,2.2799559049596145,0.0,8.440127642942544
2025-04-18 07:00:00,2.8354066732994,1.0498306005194078,7.914827257864197
2025-04-18 08:00:00,2.877629625999553,1.9567619021073543,7.829609462804579
2025-04-18 09:00:00,2.633686768710471,2.538103310335799,8.157391436049496
2025-04-18 10:00:00,2.4811928441501943,3.0264203820903095,5.697625402573572
2025-04-18 11:00:00,2.0632829590408406,3.8623033611371334,6.150599126374884
2025-04-18 12:00:00,1.478091762012082,3.303416605507528,5.71776165531073
2025-04-18 13:00:00,1.7184623762380165,4.130535698081333,6.053123783778545
2025-04-18 14:00:00,1.6471239811120544,3.37436447235036,6.400608773727044
2025-04-18 15:00:00,1.9740950782497122,2.3149230971111465,6.115955380629736
2025-04-18 16:00:00,2.488784968118328,2.0332772465095696,5.892062523815656
2025-04-18 17:00:00,3.252107070156334,0.9580893404359015,12.162423333251375
2025-04-18 18:00:00,3.7495061911181646,4.161060178223831e-16,11.57805592739853
2025-04-18 19:00:00,4.211524305158698,0.0,11.74834176474119
2025-04-18 20:00:00,3.7835102181478057,0.0,11.870918981847895
2025-04-18 21:00:00,3.196578611948025,0.0,12.236055073835438
2025-04-18 22:00:00,2.2947092141980545,0.0,5.121739626146429
2025-04-18 23:00:00,2.2463321401208907,0.0,5.160549936350402
2025-04-19 00:00:00,1.5705273077552075,0.0,4.99178523532687
2025-04-19 01:00:00,1.6075401173627482,0.0,4.76357010619923
2025-04-19 02:00:00,1.263498795715964,0.0,5.446435080970801
2025-04-19 03:00:00,1.4040681548723446,0.0,4.790661963659702
2025-04-19 04:00:00,1.801639663887479,0.0,5.125711684911746
2025-04-19 05:00:00,1.8984253066379795,0.0,4.966368604053875
2025-04-19 06:00:00,2.0038716933328486,0.0,8.168897950110397
2025-04-19 07:00:00,2.933959454134827,1.017700903192545,7.818353904434919
2025-04-19 08:00:00,2.918436202544309,2.1268511769860554,8.315803148266115
2025-04-19 09:00:00,2.989950594677136,3.160610477517891,8.413483374750781
2025-04-19 10:00:00,2.2780718087842344,3.090381516638418,6.297396924748911
2025-04-19 11:00:00,1.8881376105139425,4.198877520819888,6.047287597792095
2025-04-19 12:00:00,1.8036008961389318,4.218139883068717,5.869462426168895
2025-04-19 13:00:00,1.4386386099267376,3.11654890619578,6.846633535157868
2025-04-19 14:00:00,1.5112409562778666,3.1039184987212303,5.702512636571409
2025-04-19 15:00:00,1.8936490290164316,2.424969123702352,6.26436886551604
2025-04-19 16:00:00,2.543828092146252,2.013896892601764,6.099835466422987
2025-04-19 17:00:00,2.9033229120456627,1.004534896023452,11.981238767346383
2025-04-19 18:00:00,3.486893270855322,4.653664614685192e-16,12.055548881920204
2025-04-19 19:00:00,4.1235581449199765,0.0,11.846935408991609
2025-04-19 20:00:00,3.6466515452987665,0.0,12.128116662973575
2025-04-19 21:00:00,3.0441170691395527,0.0,12.09504734578802
2025-04-19 22:00:00,2.141177042637617,0.0,5.803295966877552
2025-04-19 23:00:00,1.8206863913623683,0.0,5.321246664525129
2025-04-20 00:00:00,1.49891847477979,0.0,5.154764831637922
2025-04-20 01:00:00,1.6401471822044171,0.0,5.1726676799928875
2025-04-20 02:00:00,1.3890421424624992,0.0,5.551861296648724
2025-04-20 03:00:00,1.7760798763690842,0.0,4.708872030577918
2025-04-20 04:00:00,1.5132737070726991,0.0,4.945180176871469
2025-04-20 05:00:00,1.7529278686563126,0.0,4.427858351696382
2025-04-20 06:00:00,2.521542286341858,0.0,8.16763215264857
2025-04-20 07:00:00,2.8099349876418414,1.0481825384407055,8.25445212516329
2025-04-20 08:00:00,2.917199913845481,1.8537245962423727,7.70131998432955
2025-04-20 09:00:00,2.75498307711854,2.485322952467053,8.43052400540021
2025-04-20 10:00:00,2.494208197206098,3.1686348960987583,5.784336002212564
2025-04-20 11:00:00,2.077362030554715,3.6583689595187856,5.897259567295031
2025-04-20 12:00:00,1.5042387324596462,4.107970115121477,6.0358697746860095
2025-04-20 13:00:00,1.5668974840430707,3.1547979369262547,6.478258908827945
2025-04-20 14:00:00,1.6736915016030933,3.7152336522087697,5.7425406545757305
2025-04-20 15:00:00,1.775187775498658,2.3459050444022496,6.087374137609705
2025-04-20 16:00:00,2.4113994143055693,1.7497302067817753,6.232451326437727
2025-04-20 17:00:00,3.1037529290054415,1.1608380677882388,12.170541049103846
2025-04-20 18:00:00,3.9081298826791966,4.1663333495575153e-16,12.18162030992001
2025-04-20 19:00:00,4.181113760110088,0.0,12.228450066652183
2025-04-20 20:00:00,3.687716882429966,0.0,11.833583182618463
2025-04-20 21:00:00,3.0708579994984735,0.0,12.506333936049097
2025-04-20 22:00:00,2.519342448236987,0.0,4.966655180548272
2025-04-20 23:00:00,1.8347550211761139,0.0,4.926845539105279
2025-04-21 00:00:00,1.588349592035073,0.0,5.404287650394126
2025-04-21 01:00:00,1.487404530455601,0.0,4.810829939936909
2025-04-21 02:00:00,1.359316880736902,0.0,5.096083457209707
2025-04-21 03:00:00,1.3839479514022628,0.0,4.783149612801429
2025-04-21 04:00:00,1.8330159151043346,0.0,5.755770744633505
2025-04-21 05:00:00,1.831928417022594,0.0,5.692596355018036
2025-04-21 06:00:00,2.5369917676419345,0.0,7.966927705569036
2025-04-21 07:00:00,2.7011705256800176,0.8681634550990711,8.15595715205016
2025-04-21 08:00:00,3.043684403366942,1.7719252897163857,8.001559941514214
2025-04-21 09:00:00,3.1371545552483653,2.4604613878798363,7.89542015347748
2025-04-21 10:00:00,2.1326391488752976,3.6549598749629153,6.0358894497317594
2025-04-21 11:00:00,1.5727594326258965,3.4999027168259995,5.987819569433262
2025-04-21 12:00:00,1.8197462290432695,3.8263712433646084,5.543799777770411
2025-04-21 13:00:00,1.4492411897459758,3.9289815819584666,6.078906996469677
2025-04-21 14:00:00,1.6570620228370223,3.6964173112917518,5.987312138246207
2025-04-21 15:00:00,1.83523606050841,2.5197647353806456,6.093660136990061
2025-04-21 16:00:00,2.459976589346366,1.7195309021478031,5.976744666670656
2025-04-21 17:00:00,2.9603740688598252,1.1593868875926638,11.891898190956436
2025-04-21 18:00:00,3.7101074476561906,4.3953818357129877e-16,12.26247301808271
2025-04-21 19:00:00,4.067472304846888,0.0,12.159940321112522
2025-04-21 20:00:00,3.585851959242678,0.0,12.418814189980706
2025-04-21 21:00:00,2.9979383666307116,0.0,12.1484189293417
2025-04-21 22:00:00,2.367591177888862,0.0,4.94071803445546
2025-04-21 23:00:00,1.7082109733812239,0.0,5.185030557855331
2025-04-22 00:00:00,1.4366694218546505,0.0,4.4058160522283085
2025-04-22 01:00:00,1.5184099845464185,0.0,5.631103966619236
2025-04-22 02:00:00,1.444794326159431,0.0,5.0823140431332705
2025-04-22 03:00:00,1.486766984394451,0.0,5.655336768237726
2025-04-22 04:00:00,1.6129718600636815,0.0,4.73919648209581
2025-04-22 05:00:00,1.7570301195292417,0.0,4.664706385215781
2025-04-22 06:00:00,2.3945980384372194,0.0,8.109749987799294
2025-04-22 07:00:00,2.9936126835075205,0.8463948497083047,8.108760422829997
2025-04-22 08:00:00,2.9303465643679005,1.85807323498927,8.101473432331083
2025-04-22 09:00:00,2.851032781517285,2.82315972201384,8.055747860975144
2025-04-22 10:00:00,2.2553045872595923,3.4357827614772867,5.811564851722084
2025-04-22 11:00:00,1.9122547093666387,3.296332597558461,5.554393261776443
2025-04-22 12:00:00,1.8616246390306728,3.9574613113847534,6.0849451669952055
2025-04-22 13:00:00,1.6495614870076516,3.516854800809204,5.615222399910485
2025-04-22 14:00:00,1.3941557966315052,3.140487856844853,5.586898110678382
2025-04-22 15:00:00,1.9912231367931916,3.039257387174949,5.8858104604595285
2025-04-22 16:00:00,2.60468173369942,1.869482317855673,6.129197695598515
2025-04-22 17:00:00,3.069715074437971,1.004756303864758,12.596327771176888
2025-04-22 18:00:00,3.886443681756361,4.813135372676608e-16,12.293777790976138
2025-04-22 19:00:00,3.8964826746906156,0.0,12.429965276138724
2025-04-22 20:00:00,3.5142674182554763,0.0,12.196098506262922
2025-04-22 21:00:00,3.124126323902491,0.0,12.11005611568312
2025-04-22 22:00:00,2.1562270948166944,0.0,5.751737094456828
2025-04-22 23:00:00,1.8865676365811268,0.0,4.603143315832282
2025-04-23 00:00:00,1.693079908671288,0.0,4.876030905081727
2025-04-23 01:00:00,1.214126067699041,0.0,4.899446069125276
2025-04-23 02:00:00,1.3128021480106105,0.0,5.268067106407496
2025-04-23 03:00:00,1.3726686215599733,0.0,4.706366972694173
2025-04-23 04:00:00,1.6064591317430252,0.0,5.2290288822729805
2025-04-23 05:00:00,1.8005341210471573,0.0,5.173894949530821
2025-04-23 06:00:00,2.5008091108116006,0.0,8.24400423048404
2025-04-23 07:00:00,2.9213682141510087,1.053102811968277,8.238566914053528
2025-04-23 08:00:00,3.0742945651075075,2.066216727591952,8.461495890989779
2025-04-23 09:00:00,2.800097593947212,3.101998609496584,7.985237161118787
2025-04-23 10:00:00,2.3502316271225134,3.2889953047314817,6.159047372847469
2025-04-23 11:00:00,1.7281342543138567,3.948792435937632,5.779035214331127
2025-04-23 12:00:00,1.7553392623836763,3.7776732349417643,5.71056149691973
2025-04-23 13:00:00,1.4064559174010567,3.9074706925174474,6.529448635381081
2025-04-23 14:00:00,1.785474526538292,3.3108404552013053,5.756364363792877
2025-04-23 15:00:00,2.1010451673939725,2.9938580706252145,6.1923936230858665
2025-04-23 16:00:00,2.4513818625162815,1.591882380038081,6.1593128398522445
2025-04-23 17:00:00,3.07652254109339,0.8981727052708832,12.352494268301182
2025-04-23 18:00:00,3.7971449470851373,4.3844489514325974e-16,11.502539805420277
2025-04-23 19:00:00,3.5707722503483064,0.0,12.267362097763854
2025-04-23 20:00:00,3.782437024956636,0.0,11.982590398075441
2025-04-23 21:00:00,3.085947871401624,0.0,11.82002726446128
2025-04-23 22:00:00,2.412104385970093,0.0,4.924754746471883
2025-04-23 23:00:00,2.02851316544984,0.0,5.311031236112301
2025-04-24 00:00:00,1.4888382310397534,0.0,5.219372155197522
2025-04-24 01:00:00,1.3295594750633095,0.0,4.96162296259835
2025-04-24 02:00:00,1.4835162667738884,0.0,4.658267760779216
2025-04-24 03:00:00,1.5376067809463334,0.0,4.679436620926508
2025-04-24 04:00:00,1.6331971974368211,0.0,5.225909047977399
2025-04-24 05:00:00,1.879679543986849,0.0,4.616677272303682
2025-04-24 06:00:00,2.4468440102949707,0.0,7.964553653526708
2025-04-24 07:00:00,2.615310781832132,1.0567094148095837,8.80432163821397
2025-04-24 08:00:00,3.026358691621945,1.7317728246453823,8.137868251511028
2025-04-24 09:00:00,2.971742501588365,2.974037879738681,8.222674761198501
2025-04-24 10:00:00,2.03105543603421,2.9962756109656095,5.681689418440102
2025-04-24 11:00:00,1.884378609727871,3.425082574965238,5.631809503148267
2025-04-24 12:00:00,1.538950934054228,3.6057047715262565,6.238746611111416
2025-04-24 13:00:00,1.5176559978839712,4.194147572503358,5.915294403331543
2025-04-24 14:00:00,1.524446851970794,3.6256448796572864,6.352086444469102
2025-04-24 15:00:00,1.8976911847210811,2.765832656834448,6.042939971287356
2025-04-24 16:00:00,2.6959405143671042,2.1531307075247166,7.066908835665039
2025-04-24 17:00:00,2.9132899457611043,1.112131382230085,11.858304055405995
2025-04-24 18:00:00,3.561656960466862,4.554598245063602e-16,12.116739458756829
2025-04-24 19:00:00,3.804709820338882,0.0,11.761756301223759
2025-04-24 20:00:00,3.9962110351780322,0.0,12.339624003195729
2025-04-24 21:00:00,3.033600015249402,0.0,12.162153718162285
2025-04-24 22:00:00,2.4158527438764903,0.0,4.741643043975702
2025-04-24 23:00:00,1.8621158473492296,0.0,4.934814531765972
2025-04-25 00:00:00,1.3583901375139988,0.0,5.441550432050158
2025-04-25 01:00:00,1.465317906568818,0.0,5.405512731611736
2025-04-25 02:00:00,1.873463208258179,0.0,4.605681308220306
2025-04-25 03:00:00,1.736284096480348,0.0,4.890209106880338
2025-04-25 04:00:00,1.4880164380308285,0.0,5.5764190268890905
2025-04-25 05:00:00,1.9525277543533417,0.0,4.979846659791583
2025-04-25 06:00:00,2.166210237657231,0.0,8.085026754364778
2025-04-25 07:00:00,2.5117608189603207,0.9519501614271018,8.338079574998023
2025-04-25 08:00:00,3.152930260846912,2.175589770328255,7.630351488110473
2025-04-25 09:00:00,2.9522669737921614,3.1029727721627847,7.748090750771181
2025-04-25 10:00:00,2.448154998231974,3.135760311713127,5.932890275035008
2025-04-25 11:00:00,1.786951820227927,4.0390970380717155,6.391387085956575
2025-04-25 12:00:00,1.6017413492498866,3.9877224190512477,6.335929604475689
2025-04-25 13:00:00,1.6857273886036555,4.389157369079628,6.245929910156129
2025-04-25 14:00:00,1.7188923830551734,2.880707399873013,5.9882520153987695
2025-04-25 15:00:00,1.864078171381591,2.7911580816182355,6.368870921303908
2025-04-25 16:00:00,2.176891399185344,2.0042370229672355,5.9842064307485066
2025-04-25 17:00:00,3.120035779058988,0.9364591752090692,12.203390403711722
2025-04-25 18:00:00,3.8989499067241034,3.9935948548823315e-16,12.303611692618382
2025-04-25 19:00:00,3.820361762508284,0.0,12.539046020253194
2025-04-25 20:00:00,3.8329121994352136,0.0,12.013102624625452
2025-04-25 21:00:00,3.152682225347649,0.0,11.921216933716074
2025-04-25 22:00:00,2.5322208424134915,0.0,5.4185226088365095
2025-04-25 23:00:00,2.0533296134730166,0.0,5.441555773604754
2025-04-26 00:00:00,1.3958837829856596,0.0,4.866987652282905
2025-04-26 01:00:00,1.2580465935362413,0.0,4.698489880440721
2025-04-26 02:00:00,1.4246987385452632,0.0,5.395710339849834
2025-04-26 03:00:00,1.660842555963261,0.0,4.537481787921387
2025-04-26 04:00:00,1.5346565251707736,0.0,4.522159571437505
2025-04-26 05:00:00,1.7512851403154426,0.0,4.949511465557387
2025-04-26 06:00:00,2.0177361022684916,0.0,8.030731914718746
2025-04-26 07:00:00,3.0411130979698946,1.1176070641582216,7.68201435011684
2025-04-26 08:00:00,3.1238606694110143,1.851543448314115,8.066559301513154
2025-04-26 09:00:00,2.8937374439868435,2.9605605492087874,8.079941026590944
2025-04-26 10:00:00,2.4364059685917105,3.4664584719416895,5.855883631783716
2025-04-26 11:00:00,1.9439378618423733,3.6607588385904064,6.610039253750357
2025-04-26 12:00:00,1.5901083810732553,4.5713340900735195,6.128928363002191
2025-04-26 13:00:00,1.5486979399366065,3.4828529578270944,6.338546710956535
2025-04-26 14:00:00,1.5960333227641388,3.2686563666623147,5.563136103399203
2025-04-26 15:00:00,2.3183349052383977,3.1447216571546,5.560547456264836
2025-04-26 16:00:00,2.503138976897985,1.8018634762960235,6.138018783194678
2025-04-26 17:00:00,3.0333844337349714,0.8842243999797953,12.556457306826083
2025-04-26 18:00:00,3.8069229769636284,4.448620455891962e-16,11.697019266308285
2025-04-26 19:00:00,3.8483696681849597,0.0,12.043012993950384
2025-04-26 20:00:00,3.9627742999722013,0.0,11.629471126591104
2025-04-26 21:00:00,3.003790606706524,0.0,11.784413220235605
2025-04-26 22:00:00,2.4948614178220114,0.0,5.057933395642463
2025-04-26 23:00:00,2.082429932976636,0.0,4.852216635991171
2025-04-27 00:00:00,1.5577688509052114,0.0,4.608342829049097
2025-04-27 01:00:00,1.5147610023339289,0.0,4.601624692815625
2025-04-27 02:00:00,1.5063469801260974,0.0,4.434197570160729
2025-04-27 03:00:00,1.5190072938011436,0.0,5.142975140964377
2025-04-27 04:00:00,1.529452337360544,0.0,5.179274307629342
2025-04-27 05:00:00,1.787969124428633,0.0,5.177766030964216
2025-04-27 06:00:00,2.5128772096048277,0.0,7.727247260640428
2025-04-27 07:00:00,2.7619354698844805,1.0014589099337992,8.301785387172254
2025-04-27 08:00:00,2.8821341827898017,1.655900668063392,8.212033600253257
2025-04-27 09:00:00,2.7008084072664027,2.418763656252263,8.002188321993499
2025-04-27 10:00:00,2.4563027626793725,3.902004187371332,5.9529513770222255
2025-04-27 11:00:00,1.9587726025855348,3.1976422428701445,5.805265359289209
2025-04-27 12:00:00,1.710807086085023,4.029775992037112,6.057648550178618
2025-04-27 13:00:00,1.5346343757184682,4.111394204133364,6.4851743415954
2025-04-27 14:00:00,1.746172347978899,2.799567051928897,6.341356984684954
2025-04-27 15:00:00,1.8265896233335506,2.4913837856952994,5.923136872911277
2025-04-27 16:00:00,2.3808100675012023,1.8680357788937927,6.161586438532308
2025-04-27 17:00:00,3.248425173046448,1.0132545556712498,11.669570985143473
2025-04-27 18:00:00,3.868240112676546,4.515480676287218e-16,12.21902015322156
2025-04-27 19:00:00,3.8527135289707872,0.0,11.750742857200391
2025-04-27 20:00:00,3.6087693242475307,0.0,12.207076668383301
2025-04-27 21:00:00,3.1192562939996065,0.0,12.89072165714232
2025-04-27 22:00:00,2.6786184591290683,0.0,4.828996270301861
2025-04-27 23:00:00,1.6351985138448164,0.0,5.87684099277141
2025-04-28 00:00:00,1.5418035102100383,0.0,5.147190646334893
2025-04-28 01:00:00,1.294184003825011,0.0,4.775112310021415
2025-04-28 02:00:00,1.4095770183688634,0.0,4.761363149979675
2025-04-28 03:00:00,1.4728091956245735,0.0,5.709486682354517
2025-04-28 04:00:00,1.5528808591841357,0.0,5.14789660541093
2025-04-28 05:00:00,1.7753222479452075,0.0,4.830154143150248
2025-04-28 06:00:00,2.292019712613643,0.0,7.9389618166871285
2025-04-28 07:00:00,2.6979276297926673,0.8378456506556283,8.129232733312685
2025-04-28 08:00:00,2.780635015469095,2.0497521255068216,7.997383797436091
2025-04-28 09:00:00,2.8952334886740454,2.5962479188168235,8.103769743882252
2025-04-28 10:00:00,2.4041779856471215,3.719110094733916,6.532083268996283
2025-04-28 11:00:00,1.9839077541142633,3.3675623303151916,5.661608800631197
2025-04-28 12:00:00,1.3956475349105724,4.216118963495354,6.193389098329173
2025-04-28 13:00:00,1.6181002784425595,3.9513205459450567,5.97813071859536
2025-04-28 14:00:00,1.7615648058239959,3.574739864727108,5.850286396182385
2025-04-28 15:00:00,1.76844348181021,2.453087111643275,6.3216522503369825
2025-04-28 16:00:00,2.421128159430388,2.07554784062375,5.561572309594587
2025-04-28 17:00:00,3.0855145031411313,1.098644968006688,11.29006999255552
2025-04-28 18:00:00,4.0134210596239255,4.7792632088151245e-16,12.067359904428645
2025-04-28 19:00:00,4.288674411415293,0.0,11.95854607803813
2025-04-28 20:00:00,3.487444833184287,0.0,11.594145824856012
2025-04-28 21:00:00,3.4770400219367934,0.0,11.48683425114449
2025-04-28 22:00:00,2.282414744755643,0.0,5.579190013300641
2025-04-28 23:00:00,2.0696342826642793,0.0,5.138904454387904
2025-04-29 00:00:00,1.6456282664040223,0.0,5.005893716921534
2025-04-29 01:00:00,1.3512369695347122,0.0,5.6585734726878325
2025-04-29 02:00:00,1.57871683647356,0.0,5.3066187479196705
2025-04-29 03:00:00,1.5113433966943002,0.0,5.530783031162062
2025-04-29 04:00:00,1.699106611394528,0.0,4.6460138215650435
2025-04-29 05:00:00,1.8899924842511826,0.0,4.634782222962595
2025-04-29 06:00:00,2.4703895763627246,0.0,8.185122570534805
2025-04-29 07:00:00,2.789525896259163,1.1398586724452446,8.124349765428736
2025-04-29 08:00:00,2.974822512783271,2.2862474744169505,8.374898610697963
2025-04-29 09:00:00,2.942662681754206,2.745176665521479,7.510763337406202
2025-04-29 10:00:00,2.37830655530358,3.922640130932062,6.211079224791494
2025-04-29 11:00:00,1.9672036167589961,4.461868276050325,6.2967805900260885
2025-04-29 12:00:00,1.5270697085113951,3.9095987949703668,6.280851620043416
2025-04-29 13:00:00,1.4164731383451659,4.0953652021783995,5.877991685637744
2025-04-29 14:00:00,1.5750096559650522,3.5750580332970316,6.155584551478823
2025-04-29 15:00:00,1.8300005842240594,2.520430817621412,5.7673028724103945
2025-04-29 16:00:00,2.537682062501006,1.6503638035128838,5.912116175445861
2025-04-29 17:00:00,3.249352107481794,1.0000927222653324,11.68711909821062
2025-04-29 18:00:00,3.713828917408826,5.299024917706008e-16,11.772400281198374
2025-04-29 19:00:00,4.214637858687061,0.0,11.927711301486264
2025-04-29 20:00:00,3.9423687012485864,0.0,11.852718975708639
2025-04-29 21:00:00,3.139460808537676,0.0,11.772362567083308
2025-04-29 22:00:00,2.2964148371971858,0.0,4.610120884346534
2025-04-29 23:00:00,2.1588397859304966,0.0,5.5883287365377035
2025-04-30 00:00:00,1.4909009666202013,0.0,4.849831117032722
2025-04-30 01:00:00,1.5195152830256293,0.0,5.098989672059369
2025-04-30 02:00:00,1.4537859135567097,0.0,4.472308413126695
2025-04-30 03:00:00,1.39400490938963,0.0,5.407294739872825
2025-04-30 04:00:00,1.3956611961523755,0.0,5.050148195146054
2025-04-30 05:00:00,1.950321887427682,0.0,4.866837637122462
2025-04-30 06:00:00,2.1734284954726943,0.0,7.869457678800815
2025-04-30 07:00:00,3.2371456491367776,0.9986180584810667,8.260822957329816
2025-04-30 08:00:00,2.8370925858053457,1.8080083111511045,7.114071371376563
2025-04-30 09:00:00,2.5896456755484234,3.1411741932974095,7.752741998387277
2025-04-30 10:00:00,2.3677679679168055,3.442527694286832,5.964274848719643
2025-04-30 11:00:00,2.0868286294559573,4.3742009501600485,5.96081667563062
2025-04-30 12:00:00,1.6364461578916678,4.127803739445609,6.751593589103525
2025-04-30 13:00:00,1.659098918583028,3.155445255004244,5.89872195886556
2025-04-30 14:00:00,1.383635864834151,3.910199119006399,6.297068097618496
2025-04-30 15:00:00,1.8214970602223828,3.137585935811927,6.543497155960785
2025-04-30 16:00:00,2.2587098128324334,2.0641148171972485,6.201184225736529
2025-04-30 17:00:00,2.8186976224455043,1.032293186039751,11.797855178615599
2025-04-30 18:00:00,3.7546454959422695,4.745083911733749e-16,11.614653724203917
2025-04-30 19:00:00,3.6635758626218426,0.0,12.223626084814262
2025-04-30 20:00:00,3.5387688972706997,0.0,12.493507567096934
2025-04-30 21:00:00,3.0223719019755824,0.0,12.163788928658736
2025-04-30 22:00:00,2.29500572753598,0.0,5.370034446180846
2025-04-30 23:00:00,1.9819945638462257,0.0,5.777584114321426
2025-05-01 00:00:00,1.5458905980598345,0.0,5.251212285317186
2025-05-01 01:00:00,1.6346603154513017,0.0,4.669810140261824
2025-05-01 02:00:00,1.6175842273045968,0.0,5.015318229651337
2025-05-01 03:00:00,1.698595376738417,0.0,5.411064558056345
2025-05-01 04:00:00,1.615669350698311,0.0,4.925366062715596
2025-05-01 05:00:00,1.9009116740165892,0.0,5.451711678443887
2025-05-01 06:00:00,2.3676657088450663,0.0,7.979918930603483
2025-05-01 07:00:00,2.799464469395908,1.0391911181961697,8.10030422628405
2025-05-01 08:00:00,2.940424476709657,2.0573114650796382,7.894777687896845
2025-05-01 09:00:00,2.7283866666446634,2.8256975689896198,8.047860902096323
2025-05-01 10:00:00,2.1686134008252944,3.9676861926206057,6.063734228330862
2025-05-01 11:00:00,1.9206741320973375,4.484005218846125,5.517437422074985
2025-05-01 12:00:00,1.6126554332374112,4.421863818475174,5.8675220122256775
2025-05-01 13:00:00,1.4737864929594222,4.227951743609175,5.630037573943968
2025-05-01 14:00:00,1.5608312545542684,3.2601819218665757,5.877867417783492
2025-05-01 15:00:00,1.7415639829087295,2.8726922330110223,5.7614508691004405
2025-05-01 16:00:00,2.5665783733886487,1.8721001078543822,6.303546352870673
2025-05-01 17:00:00,3.1147471503674544,1.1253179349434517,12.307019981125654
2025-05-01 18:00:00,3.6076784579026957,4.2785172771930523e-16,12.168088246300043
2025-05-01 19:00:00,4.12128216830371,0.0,11.61970523063555
2025-05-01 20:00:00,3.6530309707146613,0.0,11.970559566835938
2025-05-01 21:00:00,2.89197587702576,0.0,11.595842306465963
2025-05-01 22:00:00,2.5728819463115116,0.0,4.955811984214671
2025-05-01 23:00:00,1.8419687400802487,0.0,5.1942263501687815
2025-05-02 00:00:00,1.438718705743144,0.0,5.297631296874531
2025-05-02 01:00:00,1.50676750661336,0.0,5.141853433957713
2025-05-02 02:00:00,1.6761150508162124,0.0,5.377541469204212
2025-05-02 03:00:00,1.5304790519641565,0.0,5.077926916081237
2025-05-02 04:00:00,1.4360895417778847,0.0,4.92993191839691
2025-05-02 05:00:00,1.9369731895109157,0.0,5.262098152909823
2025-05-02 06:00:00,2.218190194917929,0.0,8.271942830053002
2025-05-02 07:00:00,3.061404560516674,1.1453818499698674,7.842748490502886
2025-05-02 08:00:00,2.9998356648975344,2.0457118914449897,8.11369467757102
2025-05-02 09:00:00,2.442997722110829,3.246207171920687,7.911705987699012
2025-05-02 10:00:00,2.3448519063981403,3.206725907889503,5.397421559339879
2025-05-02 11:00:00,2.1491212764498973,3.689482638620625,6.132031947633996
2025-05-02 12:00:00,1.863145752631993,4.630412853994136,5.611643345462845
2025-05-02 13:00:00,1.8479056988684217,3.297203121178857,6.098467262800128
2025-05-02 14:00:00,1.507203949645738,3.789908614624991,5.539408109351638
2025-05-02 15:00:00,2.0599466514726643,2.3188315090768117,5.7840998768937775
2025-05-02 16:00:00,2.311452991242562,1.9717641672326283,5.869920359479295
2025-05-02 17:00:00,3.136597909850225,0.9000887625216001,12.360517431093404
2025-05-02 18:00:00,3.5461555965277265,5.021843693520729e-16,11.839945482004222
2025-05-02 19:00:00,3.903331641131,0.0,11.677508713917387
2025-05-02 20:00:00,3.635661287579275,0.0,12.109303524598078
2025-05-02 21:00:00,3.2377342630989876,0.0,11.934907923379843
2025-05-02 22:00:00,2.53980647117909,0.0,5.237168168194802
2025-05-02 23:00:00,1.9640562479147887,0.0,4.696436015250639
2025-05-03 00:00:00,1.2974903565661546,0.0,5.063256164641934
2025-05-03 01:00:00,1.4538445884685252,0.0,5.740870039018156
2025-05-03 02:00:00,1.3928091949562862,0.0,4.928216312289697
2025-05-03 03:00:00,1.6579248218383835,0.0,5.056019122910189
2025-05-03 04:00:00,1.792684838622247,0.0,4.501687922588713
2025-05-03 05:00:00,2.0138494767987214,0.0,4.744106213602354
2025-05-03 06:00:00,2.1776557406446346,0.0,8.13791621061283
2025-05-03 07:00:00,2.367285996443832,1.1063041854014783,7.901030677249334
2025-05-03 08:00:00,2.73495933847771,2.0692666977487977,8.184329888180233
2025-05-03 09:00:00,2.9914970935079603,3.119735155224402,8.127481605738978
2025-05-03 10:00:00,2.2310589196768156,3.3256744822903888,5.604591169236672
2025-05-03 11:00:00,1.744822914871096,3.982436337047904,6.304591884787445
2025-05-03 12:00:00,1.8731567533656197,4.525218747806614,5.6271945169732795
2025-05-03 13:00:00,1.763036547378186,4.313782834313537,5.770523428257772
2025-05-03 14:00:00,1.6638352857409253,3.951058845491903,6.068845474660264
2025-05-03 15:00:00,1.8791133284165515,2.5804469732026676,6.470106902401974
2025-05-03 16:00:00,2.3999369902810996,2.3269996317763764,5.698837094361753
2025-05-03 17:00:00,3.137028919695806,1.1431936599647614,12.044305336025866
2025-05-03 18:00:00,3.9771055530366275,5.372152990298653e-16,12.046806140649103
2025-05-03 19:00:00,4.063370119498992,0.0,12.197207993331732
2025-05-03 20:00:00,3.8460026471396884,0.0,12.355209164903727
2025-05-03 21:00:00,3.2783414874381207,0.0,11.878777420799418
2025-05-03 22:00:00,2.2442472027749787,0.0,5.3035547723788845
2025-05-03 23:00:00,2.035762572386272,0.0,5.399096515647914
2025-05-04 00:00:00,1.4558682560752207,0.0,5.5351877536614715
2025-05-04 01:00:00,1.1231762241950682,0.0,5.150576989916486
2025-05-04 02:00:00,1.1855012360998234,0.0,5.04723107310579
2025-05-04 03:00:00,1.3747558166064069,0.0,4.857624657915539
2025-05-04 04:00:00,1.6956405949885565,0.0,4.562303980355118
2025-05-04 05:00:00,1.8724615736951333,0.0,4.916613940202451
2025-05-04 06:00:00,2.318593659633537,0.0,8.033701320867953
2025-05-04 07:00:00,3.0708574871902576,1.1524555585369147,7.967152309270128
2025-05-04 08:00:00,2.809640180968246,2.1948431036780995,8.179315397844448
2025-05-04 09:00:00,2.7741380436680703,2.9125937692678208,7.563748017678042
2025-05-04 10:00:00,2.3369124889968615,3.0117944901938367,5.945407718913058
2025-05-04 11:00:00,1.7469906401301127,4.032219339551103,6.598430852739093
2025-05-04 12:00:00,1.6310067211126258,4.528245038075914,6.298679627850667
2025-05-04 13:00:00,1.3332701554422852,4.042703454568684,6.184857038763816
2025-05-04 14:00:00,1.8716539100442116,3.932007724330457,6.117204712506747
2025-05-04 15:00:00,1.8208816091965827,3.313305236001479,5.8903704427804
2025-05-04 16:00:00,2.724462196919844,1.8930084415711637,5.473778924472986
2025-05-04 17:00:00,3.098083351350068,1.1123954627520163,12.137138577123599
2025-05-04 18:00:00,3.8913064956485637,4.947795119053248e-16,11.2654715051131
2025-05-04 19:00:00,3.992004575514734,0.0,11.902333241216168
2025-05-04 20:00:00,3.7324867173447376,0.0,11.9989022431493
2025-05-04 21:00:00,3.0153465710942937,0.0,11.865842869377897
2025-05-04 22:00:00,2.4375671923335833,0.0,5.651414918040569
2025-05-04 23:00:00,1.9702330926772726,0.0,5.547302835530019
2025-05-05 00:00:00,1.3824147929371855,0.0,5.309843520103029
2025-05-05 01:00:00,1.4818338411820007,0.0,4.722401970178287
2025-05-05 02:00:00,1.413211837489128,0.0,5.576424598089636
2025-05-05 03:00:00,1.8724230687764356,0.0,5.18569074164711
2025-05-05 04:00:00,1.6024974952129265,0.0,4.717406102074096
2025-05-05 05:00:00,2.0871764616485726,0.0,5.009815073388872
2025-05-05 06:00:00,2.2615953039360344,0.0,8.28757245606144
2025-05-05 07:00:00,2.81710911101749,1.2134629854827084,7.820336347807308
2025-05-05 08:00:00,2.8017990124504273,2.2404551904525642,8.042159766401838
2025-05-05 09:00:00,2.711192158015449,2.9841142790108672,8.094942913154048
2025-05-05 10:00:00,2.3228273611931765,3.7723323801135606,5.669743739538
2025-05-05 11:00:00,2.095332182254843,3.352099613636969,5.91897214567263
2025-05-05 12:00:00,1.6600551260016252,4.3694362260242166,5.692361227487043
2025-05-05 13:00:00,1.7808206097338868,3.4604419042429875,6.260600404712016
2025-05-05 14:00:00,1.7562773439833954,3.445913100272633,5.727583372326835
2025-05-05 15:00:00,2.1672339929958504,2.503545244894673,6.087541111239417
2025-05-05 16:00:00,2.4108958396073104,2.1761675685836632,5.582953254481921
2025-05-05 17:00:00,3.461487906535457,0.9411560227429476,11.659968935057607
2025-05-05 18:00:00,3.664289030401568,4.465801367917332e-16,11.645435637248795
2025-05-05 19:00:00,3.885030730733757,0.0,11.913127453835976
2025-05-05 20:00:00,3.555590364730462,0.0,12.054114485991139
2025-05-05 21:00:00,3.4526046718113057,0.0,12.10942658855749
2025-05-05 22:00:00,2.5426157388213264,0.0,4.4683294604869115
2025-05-05 23:00:00,1.8724151785081193,0.0,4.9494081847911
2025-05-06 00:00:00,1.6874069738054869,0.0,4.774828367086969
2025-05-06 01:00:00,1.6037443313286506,0.0,5.160253547831077
2025-05-06 02:00:00,1.7996457881040335,0.0,4.919709100676221
2025-05-06 03:00:00,1.2952985334232232,0.0,4.975750698314454
2025-05-06 04:00:00,1.576153094452531,0.0,4.776515318449082
2025-05-06 05:00:00,1.786013431302665,0.0,5.517394312877149
2025-05-06 06:00:00,1.9948862520958974,0.0,7.61492617303004
2025-05-06 07:00:00,2.937265045504208,1.0251098768664817,7.880079802883332
2025-05-06 08:00:00,2.959444139826714,1.8259444910019955,8.03227953598189
2025-05-06 09:00:00,2.889197727543613,3.2177481326425705,7.924591861335431
2025-05-06 10:00:00,2.645212950724231,3.489319739698102,5.770819205187938
2025-05-06 11:00:00,1.8044450538367218,3.5044032725897702,5.456494939076578
2025-05-06 12:00:00,1.5635847619516112,3.9360288870980114,5.792547314732473
2025-05-06 13:00:00,1.5910621810135364,3.4533750667952097,5.712184547549641
2025-05-06 14:00:00,1.808255080400469,3.075077002114373,6.503767377813911
2025-05-06 15:00:00,1.8381168382796251,2.63265517261094,6.679408778579416
2025-05-06 16:00:00,2.325107932633249,1.7256217148508346,5.984762496601319
2025-05-06 17:00:00,3.2615328904738914,0.9226413311314196,11.578573037910264
2025-05-06 18:00:00,3.7938943594143915,5.662872197192273e-16,12.221413231713711
2025-05-06 19:00:00,3.6932907664126846,0.0,11.705677052604631
2025-05-06 20:00:00,3.553289522263451,0.0,11.8352486839216
2025-05-06 21:00:00,3.328136350651677,0.0,11.811345131645012
2025-05-06 22:00:00,2.4799878453904634,0.0,4.849848301938812
2025-05-06 23:00:00,1.8082038988595783,0.0,4.893583924552775
2025-05-07 00:00:00,1.4744921206892152,0.0,4.605949415201221
2025-05-07 01:00:00,1.5025760044812337,0.0,4.789395901502072
2025-05-07 02:00:00,1.6150866714397196,0.0,5.305983274359031
2025-05-07 03:00:00,1.3237339491053914,0.0,4.989932917887754
2025-05-07 04:00:00,1.4898147398991006,0.0,5.037594152446631
2025-05-07 05:00:00,1.8963350021235972,0.0,4.330325560894611
2025-05-07 06:00:00,2.27596346648287,0.0,8.284335097557152
2025-05-07 07:00:00,2.8639948421827603,0.985500892690312,7.794344032951065
2025-05-07 08:00:00,2.8155775135932783,1.706455967266327,8.337190566310309
2025-05-07 09:00:00,2.831822348236327,3.331074334409015,8.04628244125931
2025-05-07 10:00:00,2.45498470348141,3.0780460997139025,5.831383971286402
2025-05-07 11:00:00,1.9304543896832556,3.543350849700969,5.496663121334646
2025-05-07 12:00:00,1.6476244703144234,3.640865452321459,6.652453787228422
2025-05-07 13:00:00,1.5588800151700413,4.436679330177972,6.240974181914215
2025-05-07 14:00:00,1.534940304537232,3.8007849810034235,6.258922319906701
2025-05-07 15:00:00,1.9123240032101794,2.7963455352303024,6.545648311635787
2025-05-07 16:00:00,2.6087080501351294,2.330237161160163,6.067226103668658
2025-05-07 17:00:00,3.0851002239476677,0.8751577257204204,12.405720015414525
2025-05-07 18:00:00,3.603627862436425,5.600267020090158e-16,11.856427422675951
2025-05-07 19:00:00,3.9261629425485998,0.0,12.221273559849962
2025-05-07 20:00:00,3.7672258367752067,0.0,11.810970987772588
2025-05-07 21:00:00,3.046923871500468,0.0,11.848842361354706
2025-05-07 22:00:00,2.4924940953881127,0.0,5.029100172636283
2025-05-07 23:00:00,2.00095985262752,0.0,4.619780327012083
2025-05-08 00:00:00,1.6334010463351598,0.0,5.098827266712404
2025-05-08 01:00:00,1.714124424400738,0.0,4.90641253703772
2025-05-08 02:00:00,1.6541054760535492,0.0,4.403731810163696
2025-05-08 03:00:00,1.3873375987120158,0.0,4.862701434272323
2025-05-08 04:00:00,1.4804269437132285,0.0,4.896483589053982
2025-05-08 05:00:00,1.844025917425115,0.0,5.255850939451473
2025-05-08 06:00:00,2.2232623499712756,0.0,8.085559385748134
2025-05-08 07:00:00,2.6074669557431127,1.0834794152825955,8.434241710106944
2025-05-08 08:00:00,2.9337498540712685,2.2997392027480497,8.156032878687448
2025-05-08 09:00:00,2.707076106752773,2.8229277698843904,7.833811678929714
2025-05-08 10:00:00,2.1904699996106083,3.2947885580059673,5.982492191857041
2025-05-08 11:00:00,1.810063184687612,3.903756451860158,5.895585588926537
2025-05-08 12:00:00,1.8035253368979343,3.591380508326983,6.146391856833951
2025-05-08 13:00:00,1.6031482617423227,4.060221151407496,6.017946644238968
2025-05-08 14:00:00,2.0309393388612778,3.8180634856937705,5.811432109812324
2025-05-08 15:00:00,1.9487000199790951,2.4980692966304012,6.002580141318754
2025-05-08 16:00:00,2.3762423061124807,1.8835475543298525,6.138354199666428
2025-05-08 17:00:00,3.1035744323359165,1.177008537140198,11.698073538509467
2025-05-08 18:00:00,3.7755722576052175,4.938955241905148e-16,12.095102628493411
2025-05-08 19:00:00,4.065288099439067,0.0,11.526395071154452
2025-05-08 20:00:00,4.048604991062671,0.0,12.331671402942483
2025-05-08 21:00:00,2.97615290133096,0.0,12.158154243231593
2025-05-08 22:00:00,2.548555511655302,0.0,5.488784910686539
2025-05-08 23:00:00,1.9536958781572842,0.0,4.6650210680673725
2025-05-09 00:00:00,1.26438890788887,0.0,5.340035518644938
2025-05-09 01:00:00,1.6161953208751978,0.0,5.280734019070439
2025-05-09 02:00:00,1.6948702015182808,0.0,4.945330385837633
2025-05-09 03:00:00,1.3988969977675954,0.0,4.887006994083528
2025-05-09 04:00:00,1.6146170305158738,0.0,4.674456183052989
2025-05-09 05:00:00,1.5965884995929334,0.0,4.5962570906832525
2025-05-09 06:00:00,2.1021176846045373,0.0,7.774629704158091
2025-05-09 07:00:00,2.935420401429842,1.1192627085953548,7.6232673072791135
2025-05-09 08:00:00,2.9300411472961025,2.020650583211097,8.478716745077186
2025-05-09 09:00:00,2.611932600554923,2.4907988258128406,7.549384423019317
2025-05-09 10:00:00,2.3256662152435537,2.9880003056112097,6.044668643431828
2025-05-09 11:00:00,1.7790697428962094,3.813335596824147,6.1307115380655315
2025-05-09 12:00:00,1.5561344606838543,4.637152917088291,6.107249769584386
2025-05-09 13:00:00,1.6841614594061725,3.9769186148845947,6.133586583119694
2025-05-09 14:00:00,1.4859079736128054,3.319491534516637,6.283920095234903
2025-05-09 15:00:00,1.787319010173873,3.26468464948843,5.8662233512689985
2025-05-09 16:00:00,2.442864171025399,1.938164130358206,6.026265193707063
2025-05-09 17:00:00,3.2483659685499173,1.0476869939906497,11.911931546110281
2025-05-09 18:00:00,3.9228225060621638,4.272530831438626e-16,12.390757677375055
2025-05-09 19:00:00,3.900240747809164,0.0,12.629959777042462
2025-05-09 20:00:00,3.8777048372217644,0.0,11.641819871951588
2025-05-09 21:00:00,2.985329627057034,0.0,11.390669747218702
2025-05-09 22:00:00,2.6936300049646613,0.0,5.170739470705707
2025-05-09 23:00:00,1.7524676347022063,0.0,5.321111865270713
2025-05-10 00:00:00,1.6993253908932222,0.0,5.587093193974536
2025-05-10 01:00:00,1.4021175875381746,0.0,5.221367105364997
2025-05-10 02:00:00,1.8067136356168851,0.0,5.418734287606162
2025-05-10 03:00:00,1.6161715676620825,0.0,5.498018219862893
2025-05-10 04:00:00,1.463554631288436,0.0,5.43943333148926
2025-05-10 05:00:00,1.7770558669627128,0.0,5.264348153048944
2025-05-10 06:00:00,2.408115834340749,0.0,7.615337131116943
2025-05-10 07:00:00,2.9361126274295883,0.8780117457117951,7.997491443248493
2025-05-10 08:00:00,2.9893962844385484,2.0626838787357435,8.09001158571775
2025-05-10 09:00:00,2.784951788940149,3.359520920719279,7.970057110041914
2025-05-10 10:00:00,2.405000115471399,3.41601234340708,5.988568212645356
2025-05-10 11:00:00,1.877201371662486,4.582393293051959,6.470168419106371
2025-05-10 12:00:00,1.4327319804494283,3.5109998161213505,5.772950494893491
2025-05-10 13:00:00,1.4513164518589097,3.758455447834077,6.239715708859996
2025-05-10 14:00:00,1.6954359689257072,3.9996184804980874,6.094932487463769
2025-05-10 15:00:00,2.1054461545508016,3.240168068418935,5.7427402832285015
2025-05-10 16:00:00,2.6621495358273757,1.8963691856503775,5.6770195505239265
2025-05-10 17:00:00,3.219883913053404,1.1127989731843713,11.489605477955951
2025-05-10 18:00:00,3.780192074994141,5.628232241303253e-16,12.145673108984631
2025-05-10 19:00:00,4.112322088760779,0.0,11.981026555979689
2025-05-10 20:00:00,3.6370856646527887,0.0,11.752266771006967
2025-05-10 21:00:00,3.079966327038863,0.0,11.437168462669183
2025-05-10 22:00:00,2.2960789947277203,0.0,5.129813270554667
2025-05-10 23:00:00,1.735221896909009,0.0,4.947881811919905
2025-05-11 00:00:00,1.5500859210198932,0.0,4.785891958444796
2025-05-11 01:00:00,1.5284174995486948,0.0,4.710788022604752
2025-05-11 02:00:00,1.607874540074047,0.0,4.92842745097302
2025-05-11 03:00:00,1.609390232968077,0.0,5.140998945721778
2025-05-11 04:00:00,1.6523537513982487,0.0,4.901005104673595
2025-05-11 05:00:00,1.9388841387457219,0.0,4.643442101811058
2025-05-11 06:00:00,2.284536189123066,0.0,7.982562513489354
2025-05-11 07:00:00,2.8401496740706142,0.9069494828989263,8.313664240175784
2025-05-11 08:00:00,2.8910819627942637,2.2885491556347337,8.012080277373263
2025-05-11 09:00:00,2.8337089356414986,2.97704890101657,8.020527062688286
2025-05-11 10:00:00,2.3915098133676906,3.072343727701507,5.902299312966548
2025-05-11 11:00:00,1.7569793934000326,3.8106548880539806,5.733100856830618
2025-05-11 12:00:00,1.6345325241991115,3.93483769364841,5.723130775093885
2025-05-11 13:00:00,1.4797221791105328,4.05493094037624,5.501443779974426
2025-05-11 14:00:00,1.5811919729755401,3.645772885522826,6.354367750916145
2025-05-11 15:00:00,1.7543843888108246,3.0135405996890907,6.138736252814355
2025-05-11 16:00:00,2.609618410978052,2.168583567822856,6.024746051775869
2025-05-11 17:00:00,3.2628072761456934,0.9023653214194194,12.088674830033217
2025-05-11 18:00:00,3.8177135389727868,4.622895343723657e-16,12.101858818867468
2025-05-11 19:00:00,4.29582939865498,0.0,11.779636112923523
2025-05-11 20:00:00,3.7087114376985584,0.0,11.902421301212009
2025-05-11 21:00:00,3.5577153333441904,0.0,11.857737396785215
2025-05-11 22:00:00,2.3855691906241585,0.0,5.7534272050625015
2025-05-11 23:00:00,1.9608122912785682,0.0,5.306060612436825
2025-05-12 00:00:00,1.4403868821834314,0.0,5.050364685447618
2025-05-12 01:00:00,1.556439337570029,0.0,5.409795282538905
2025-05-12 02:00:00,1.6300689065806317,0.0,5.371906473352525
2025-05-12 03:00:00,1.5103859993762472,0.0,4.585842707730499
2025-05-12 04:00:00,1.8824650877673124,0.0,4.933144015677513
2025-05-12 05:00:00,1.8912640315891078,0.0,4.995102680957424
2025-05-12 06:00:00,2.3315114614737174,0.0,8.18345838469462
2025-05-12 07:00:00,2.6418663106101965,1.13172642673402,7.93280217641227
2025-05-12 08:00:00,3.0627784843797756,1.8159562945939423,7.970440665473637
2025-05-12 09:00:00,2.7581489636742242,3.326853554389143,7.861595351812598
2025-05-12 10:00:00,2.2000112011741964,4.1370780855824,6.314680548775533
2025-05-12 11:00:00,1.7409604463886084,4.36656131557809,5.566997867181583
2025-05-12 12:00:00,2.0275222163136872,3.7760214239275878,5.871793568529799
2025-05-12 13:00:00,1.5337409680280816,4.151791454996652,5.446897201681169
2025-05-12 14:00:00,1.4416201643357673,3.001166655641106,5.691108167055524
2025-05-12 15:00:00,1.8183905731162617,3.249649902548312,6.09515323991157
2025-05-12 16:00:00,2.4120169962816367,2.043093335124909,6.100846286988194
2025-05-12 17:00:00,3.184954554830159,0.9315509592477437,11.906042492387803
2025-05-12 18:00:00,3.8203179390974835,4.672947863416569e-16,12.337195543841334
2025-05-12 19:00:00,4.101492188629886,0.0,12.406212866189787
2025-05-12 20:00:00,3.6403692461882176,0.0,11.979231799416008
2025-05-12 21:00:00,3.1540170376028267,0.0,12.075129856918263
2025-05-12 22:00:00,2.2882896833120547,0.0,4.86423666733298
2025-05-12 23:00:00,1.8295868410630638,0.0,5.1880663164354575
2025-05-13 00:00:00,1.3623972230994237,0.0,4.641781855992606
2025-05-13 01:00:00,1.3223321753712427,0.0,5.538750442813782
2025-05-13 02:00:00,1.6643580907263964,0.0,5.341995578818468
2025-05-13 03:00:00,1.6307652134810429,0.0,4.6403220938176695
2025-05-13 04:00:00,1.7624569161963888,0.0,4.7632944573497955
2025-05-13 05:00:00,1.8612885987977332,0.0,5.126374629213448
2025-05-13 06:00:00,2.4074598083869594,0.0,7.898524668894914
2025-05-13 07:00:00,2.514022554090872,0.8890536066481413,8.163379864616495
2025-05-13 08:00:00,3.129466750904021,1.970667308266454,7.892181095895168
2025-05-13 09:00:00,2.8048210212963833,3.1562774726625697,8.457443527436018
2025-05-13 10:00:00,2.385313600597164,3.149602523283368,6.002492097810391
2025-05-13 11:00:00,1.914435102468155,3.9916957483097097,6.726166539302624
2025-05-13 12:00:00,1.4786994361696517,3.406246037920713,6.180802589133849
2025-05-13 13:00:00,1.3485565892462799,4.4856046578849655,5.59517869852556
2025-05-13 14:00:00,1.553359852525513,3.9250361358255588,6.625948975041974
2025-05-13 15:00:00,2.0078613842670845,2.9043610179809702,6.329603686461155
2025-05-13 16:00:00,2.523265884479378,2.1840390513069554,6.114044287524294
2025-05-13 17:00:00,2.897763158330407,0.9066480246240458,12.193990036859528
2025-05-13 18:00:00,3.589933555718454,5.594759455387258e-16,11.643285970614844
2025-05-13 19:00:00,3.8915146529722815,0.0,11.458687166899121
2025-05-13 20:00:00,3.6835025331437947,0.0,11.987475087749592
2025-05-13 21:00:00,2.8986433464496972,0.0,12.41363110174475
2025-05-13 22:00:00,2.206390838007622,0.0,5.118712652980582
2025-05-13 23:00:00,1.7992579940540325,0.0,5.512751449222743
2025-05-14 00:00:00,1.5129916447082135,0.0,5.396366234957657
2025-05-14 01:00:00,1.3235013525979595,0.0,5.006182612035635
2025-05-14 02:00:00,1.4873561409019302,0.0,5.355127076398167
2025-05-14 03:00:00,1.686256380755482,0.0,5.456778615756419
2025-05-14 04:00:00,1.4206901500876428,0.0,4.975945408675137
2025-05-14 05:00:00,1.8244247751325078,0.0,4.935867331836554
2025-05-14 06:00:00,2.4446521636198035,0.0,8.042135146199973
2025-05-14 07:00:00,2.7154757062326826,1.0982322113087097,7.276427651682406
2025-05-14 08:00:00,2.913953169568455,2.0539735932707157,8.084129570472752
2025-05-14 09:00:00,2.9527774189416,3.2342702552338567,8.216131394925444
2025-05-14 10:00:00,2.245316848729057,3.2706658653587755,6.043353327424651
2025-05-14 11:00:00,2.023105861391698,4.018540508455565,6.103402326108412
2025-05-14 12:00:00,1.6911025180192645,4.730238788201228,5.986957087320149
2025-05-14 13:00:00,1.5218358576184614,3.7091668889632596,5.400893433013708
2025-05-14 14:00:00,1.732121557042587,3.4587982658577086,6.4987784282710095
2025-05-14 15:00:00,1.9711912191530534,3.2818288440163372,5.889651345779485
2025-05-14 16:00:00,2.5728845953534396,1.9199434421093475,5.814668961740948
2025-05-14 17:00:00,3.0207026692579335,1.0117957082123032,12.407394833535548
2025-05-14 18:00:00,3.7432793708559293,4.652443019295023e-16,12.293610140538364
2025-05-14 19:00:00,3.9907726539227117,0.0,12.081919756792733
2025-05-14 20:00:00,3.842720513429785,0.0,12.230810916929878
2025-05-14 21:00:00,2.949174091910969,0.0,11.653503499292855
2025-05-14 22:00:00,2.57224516016432,0.0,4.975731687794136
2025-05-14 23:00:00,1.992482604340728,0.0,5.388435232837175
2025-05-15 00:00:00,1.3025148082295206,0.0,4.796857454260949
2025-05-15 01:00:00,1.6818299273830584,0.0,4.700500008501875
2025-05-15 02:00:00,1.8398406295173548,0.0,5.023581185851007
2025-05-15 03:00:00,1.677748553766621,0.0,5.030617103329338
2025-05-15 04:00:00,1.8300048257836397,0.0,5.194271629952006
2025-05-15 05:00:00,1.868197346134477,0.0,4.586554268828107
2025-05-15 06:00:00,2.041712915596411,0.0,7.235186968879811
2025-05-15 07:00:00,2.5015978971121253,1.0146532459405468,8.27636957823166
2025-05-15 08:00:00,3.0382659297773817,1.8637660110697867,7.675105408038576
2025-05-15 09:00:00,2.689456225636132,2.5304674981681448,7.817002891645643
2025-05-15 10:00:00,2.1540607188256864,3.099511272928499,5.345029355413813
2025-05-15 11:00:00,1.8480196050155617,3.610534600943193,6.306873804607667
2025-05-15 12:00:00,1.719095502529378,4.142999422895958,6.105101467221759
2025-05-15 13:00:00,1.3553489235406149,4.310308111819759,6.093058363215285
2025-05-15 14:00:00,1.5928363344108998,3.9828748898354616,6.091036525256861
2025-05-15 15:00:00,2.149604394544195,3.1485486774214557,5.381951353790554
2025-05-15 16:00:00,2.2584589151698626,2.137439566120519,5.704450203477628
2025-05-15 17:00:00,3.2334186780124297,1.2108069133457844,11.864481866866141
2025-05-15 18:00:00,3.6643888466063372,5.043459874987629e-16,11.7753771686591
2025-05-15 19:00:00,4.0818690698409,0.0,11.918546535106138
2025-05-15 20:00:00,3.901697418264247,0.0,12.07385991080364
2025-05-15 21:00:00,3.214143236125348,0.0,12.301931494876557
2025-05-15 22:00:00,2.556072543260723,0.0,4.55593879188779
2025-05-15 23:00:00,1.749794258503972,0.0,4.997349383960457
2025-05-16 00:00:00,1.6671025252856573,0.0,5.2134631036771335
2025-05-16 01:00:00,1.3726865363657603,0.0,4.722775049008455
2025-05-16 02:00:00,1.5436579322334258,0.0,4.942150167869636
2025-05-16 03:00:00,1.5662103863837937,0.0,5.139965634646205
2025-05-16 04:00:00,1.6887254945301065,0.0,5.003362657843855
2025-05-16 05:00:00,1.9059351403031173,0.0,5.202259328169819
2025-05-16 06:00:00,2.164367156778479,0.0,8.028409444114878
2025-05-16 07:00:00,2.5757358529428966,1.002015679523086,7.906441238100727
2025-05-16 08:00:00,3.130855925191483,2.4002800017098185,7.6481870735408375
2025-05-16 09:00:00,2.8061282334234665,3.0935280160136043,8.074150566924098
2025-05-16 10:00:00,2.463653686718462,3.8264807680411113,6.029991833247711
2025-05-16 11:00:00,1.8507216674826827,3.9807230996861627,5.70215039165832
2025-05-16 12:00:00,1.4159830552486405,4.401160845623014,6.174616747453579
2025-05-16 13:00:00,1.7181820077055527,4.269576928032515,6.3803770519020055
2025-05-16 14:00:00,1.6046123860037913,3.005989698826905,5.801972079610797
2025-05-16 15:00:00,1.974424310689301,2.6141887810931195,5.781710356716612
2025-05-16 16:00:00,2.3226332579311406,1.6968952083239481,5.770755432923605
2025-05-16 17:00:00,3.34959975647274,1.064378032893683,11.496401534343821
2025-05-16 18:00:00,3.6056137372112067,5.684599957867543e-16,12.601344506062528
2025-05-16 19:00:00,3.9493855427474815,0.0,11.86533438584527
2025-05-16 20:00:00,3.7532155975884147,0.0,11.742463746775728
2025-05-16 21:00:00,2.9391236220145514,0.0,11.661967485903197
2025-05-16 22:00:00,2.4692765322167807,0.0,4.883609760081805
2025-05-16 23:00:00,2.164319860135289,0.0,4.791437190001005
2025-05-17 00:00:00,1.426484245170406,0.0,5.431421956028166
2025-05-17 01:00:00,1.559861926415742,0.0,4.6253786551808584
2025-05-17 02:00:00,1.0923113594919118,0.0,4.538439730613499
2025-05-17 03:00:00,1.5216340782614837,0.0,5.165535224686224
2025-05-17 04:00:00,1.5690007678107385,0.0,4.967838051107208
2025-05-17 05:00:00,1.732616998532531,0.0,4.933116549116265
2025-05-17 06:00:00,2.4531562240014675,0.0,8.16789087389134
2025-05-17 07:00:00,2.7292794125436797,0.958897704637944,8.04101349118836
2025-05-17 08:00:00,2.9733820001331797,2.0627329194330737,7.985954723941914
2025-05-17 09:00:00,2.7216741155772683,3.2343214721055644,7.578306169422908
2025-05-17 10:00:00,2.0037247798100277,4.008518627331815,5.499571455098451
2025-05-17 11:00:00,1.687633641599319,4.052569665090766,5.789871485612836
2025-05-17 12:00:00,1.7709217322682171,4.139531316882482,5.674690517730321
2025-05-17 13:00:00,1.256769958522941,4.24332019506046,6.080761739556956
2025-05-17 14:00:00,1.5452206750106017,3.5917862602659554,5.460385526787071
2025-05-17 15:00:00,1.8631657836326831,2.8193662210771633,5.8658519721194295
2025-05-17 16:00:00,2.6812954522968035,1.7528107920670393,5.948077542500467
2025-05-17 17:00:00,3.218245064762142,0.9225629931089936,11.988103416140515
2025-05-17 18:00:00,3.6535228817807215,5.490980193801462e-16,12.119689278812862
2025-05-17 19:00:00,4.19567706043074,0.0,11.902037941952713
2025-05-17 20:00:00,3.626020919108649,0.0,11.799752398811869
2025-05-17 21:00:00,3.254315941637696,0.0,12.373344045134937
2025-05-17 22:00:00,2.2158670160401894,0.0,4.9039901934362495
2025-05-17 23:00:00,2.0835219632835393,0.0,5.42573911026629
2025-05-18 00:00:00,1.4391335224538147,0.0,4.902461825166696
2025-05-18 01:00:00,1.346314867419793,0.0,4.9951191010190605
2025-05-18 02:00:00,1.472155125436248,0.0,4.958375795749482
2025-05-18 03:00:00,1.569075085292242,0.0,5.069365582589698
2025-05-18 04:00:00,1.5417448461208125,0.0,4.874045541531214
2025-05-18 05:00:00,1.9384846647933873,0.0,5.028840492123725
2025-05-18 06:00:00,2.2034895710075775,0.0,8.459244207978688
2025-05-18 07:00:00,2.8712718238769575,0.9157062295772262,8.314655536917368
2025-05-18 08:00:00,3.0663369325027077,2.0625277976402154,8.31672150308586
2025-05-18 09:00:00,2.7691145885894386,2.570503050336665,7.59742082845175
2025-05-18 10:00:00,2.225039813719897,2.9929899930128534,5.645964017489666
2025-05-18 11:00:00,1.880162726975653,3.473903531311237,6.065325276827097
2025-05-18 12:00:00,1.7092957708052394,4.650868491955643,6.231221377636781
2025-05-18 13:00:00,1.882532428464678,3.520057779146786,5.844259334267565
2025-05-18 14:00:00,1.8010810407226845,3.284554300355398,5.790724540873139
2025-05-18 15:00:00,2.069522284548524,2.5377865348683932,6.418152900801889
2025-05-18 16:00:00,2.883029001432111,2.228290415560892,6.205763000026092
2025-05-18 17:00:00,3.180348271452863,1.0444144895643939,12.317396004218852
2025-05-18 18:00:00,3.8097949875354415,5.82780758019215e-16,11.867564982470032
2025-05-18 19:00:00,4.105602267011656,0.0,11.843993823805247
2025-05-18 20:00:00,3.5857533955455794,0.0,12.284667181398948
2025-05-18 21:00:00,3.0363657256147816,0.0,11.92118224192323
2025-05-18 22:00:00,2.3437732129247917,0.0,4.816742891182389
2025-05-18 23:00:00,2.0196753850981,0.0,4.726041069084435
2025-05-19 00:00:00,1.4739273849412828,0.0,4.846611458108126
2025-05-19 01:00:00,1.5213240173821287,0.0,5.262525065437603
2025-05-19 02:00:00,1.6678448604199647,0.0,4.547100542981614
2025-05-19 03:00:00,1.6569460691398306,0.0,5.188715740503178
2025-05-19 04:00:00,1.5916989602434823,0.0,4.787534372376156
2025-05-19 05:00:00,1.7548923743623555,0.0,4.936909881563917
2025-05-19 06:00:00,2.461229863305166,0.0,7.956126325814793
2025-05-19 07:00:00,2.894299641923734,1.006395591643072,7.933776538508806
2025-05-19 08:00:00,2.7590651004529105,2.201942033699996,7.913861711025359
2025-05-19 09:00:00,2.731279955959387,3.1375983241327847,7.866693219847641
2025-05-19 10:00:00,2.3160744798773036,3.218697152409613,5.828572447817579
2025-05-19 11:00:00,1.9742560651790177,4.163216811472469,6.395932064089642
2025-05-19 12:00:00,1.7632729335911503,4.348473975205435,6.007514794820978
2025-05-19 13:00:00,1.6158484557312578,4.353003437420551,5.9622155120325155
2025-05-19 14:00:00,1.7479551071567858,4.199998348338118,5.806604183294374
2025-05-19 15:00:00,1.9327443124328707,2.441928111718502,5.877616853660795
2025-05-19 16:00:00,2.3186744189759847,1.844607350814081,5.80764863749159
2025-05-19 17:00:00,3.063764841281498,0.9332893436403072,12.22960325157435
2025-05-19 18:00:00,3.7399471388347028,4.432688735829715e-16,11.773920274058723
2025-05-19 19:00:00,3.994798118360619,0.0,11.326126238505536
2025-05-19 20:00:00,3.4542623565172965,0.0,12.017492411239466
2025-05-19 21:00:00,3.0433284708381803,0.0,11.916182751728938
2025-05-19 22:00:00,2.428129450892014,0.0,4.82426353495781
2025-05-19 23:00:00,1.8803277897293105,0.0,5.273466835984308
2025-05-20 00:00:00,1.4630299999477248,0.0,4.179944119085565
2025-05-20 01:00:00,1.5737892091816714,0.0,5.4728732194909675
2025-05-20 02:00:00,1.3428830893404,0.0,5.316403328134247
2025-05-20 03:00:00,1.283267126241528,0.0,4.811584021041555
2025-05-20 04:00:00,1.563731642074168,0.0,4.864764718495099
2025-05-20 05:00:00,1.9700087997193572,0.0,5.151316085438807
2025-05-20 06:00:00,2.5440716094801834,0.0,8.1593647969523
2025-05-20 07:00:00,2.895535200651465,1.062579793866877,7.809835442728532
2025-05-20 08:00:00,2.7797640592168906,2.1922981821515477,7.514966973840722
2025-05-20 09:00:00,2.7433979608891135,2.783348216078523,8.6341078163606
2025-05-20 10:00:00,2.329742317737019,4.0106156327256075,6.2868372149806655
2025-05-20 11:00:00,1.8840702751494018,4.035890206997903,6.047055908488305
2025-05-20 12:00:00,1.7076533922916157,4.082962366901982,6.052732574772014
2025-05-20 13:00:00,1.4357052135858228,4.4942766896501745,6.186395108548957
2025-05-20 14:00:00,1.6699094405855688,3.529830585014346,6.222318985813503
2025-05-20 15:00:00,1.986172216542567,2.8320977790814266,5.37408999675361
2025-05-20 16:00:00,2.5436028151986174,1.776157407925832,5.894738406190402
2025-05-20 17:00:00,2.9820967749457674,1.0170329353178689,11.863551013138702
2025-05-20 18:00:00,3.6853249307522518,4.873952155695429e-16,11.951569602449405
2025-05-20 19:00:00,3.5944273538524065,0.0,12.231238182942544
2025-05-20 20:00:00,3.643878997047151,0.0,11.462975940762806
2025-05-20 21:00:00,3.0242887371319385,0.0,11.595257284330987
2025-05-20 22:00:00,2.266760926703525,0.0,4.795476489039312
2025-05-20 23:00:00,1.9473751110500634,0.0,5.046303537939968
2025-05-21 00:00:00,1.4916617544676722,0.0,5.249637684002112
2025-05-21 01:00:00,1.1617084219243416,0.0,5.489397025868347
2025-05-21 02:00:00,1.5370528627929585,0.0,4.914093740034695
2025-05-21 03:00:00,1.3882248387158556,0.0,5.249144272887495
2025-05-21 04:00:00,1.6888104545782465,0.0,5.213048743479725
2025-05-21 05:00:00,1.663113951734789,0.0,5.162500745321039
2025-05-21 06:00:00,2.295439634336829,0.0,7.99271571804854
2025-05-21 07:00:00,2.735741465454278,1.0765799745608347,7.880140418467849
2025-05-21 08:00:00,3.0454689059397673,2.233834771743652,7.680380200819216
2025-05-21 09:00:00,2.796957638443331,3.0497854204778534,7.660522140163483
2025-05-21 10:00:00,2.252972534321571,3.5176188690991843,6.104124547049402
2025-05-21 11:00:00,1.6269907605042264,4.625236336748088,5.9836732469154255
2025-05-21 12:00:00,1.4051765148310298,3.555794513183307,5.875347786647945
2025-05-21 13:00:00,1.485679514691104,4.532346261988864,6.199442587889043
2025-05-21 14:00:00,1.6589259948635193,3.9625833763402287,5.939853249873368
2025-05-21 15:00:00,1.8318865999962801,2.8426662856075526,5.726046253864432
2025-05-21 16:00:00,2.5135339617899883,1.8152208672500096,5.920050579290945
2025-05-21 17:00:00,3.0610713620559338,0.9407611284586207,12.246188954162397
2025-05-21 18:00:00,3.59234655212176,5.821082084339003e-16,11.692946024347224
2025-05-21 19:00:00,3.958285561915221,0.0,12.062783045261263
2025-05-21 20:00:00,3.7709772676313,0.0,11.983372276681834
2025-05-21 21:00:00,3.151683678901283,0.0,11.771757032589164
2025-05-21 22:00:00,2.701455472727611,0.0,4.911994343888153
2025-05-21 23:00:00,1.8221968875146526,0.0,4.528495097366403
2025-05-22 00:00:00,1.4890317700359026,0.0,5.032892058247199
2025-05-22 01:00:00,1.5645090955838972,0.0,4.590580104980792
2025-05-22 02:00:00,1.5012132235175728,0.0,5.321731165166837
2025-05-22 03:00:00,1.4523807364359118,0.0,4.972408273089743
2025-05-22 04:00:00,1.3835685342480328,0.0,4.828455903029218
2025-05-22 05:00:00,1.7787664550361364,0.0,5.348167798416936
2025-05-22 06:00:00,2.1298832916495174,0.0,7.690445346732569
2025-05-22 07:00:00,2.5192249626186873,1.0845574774977476,7.7756951282493985
2025-05-22 08:00:00,2.88065179694663,1.8322279415245069,7.4512260013905065
2025-05-22 09:00:00,2.621189288680661,3.056502726097694,8.392851891299832
2025-05-22 10:00:00,2.3788151423687314,4.209398767757329,6.561859708977959
2025-05-22 11:00:00,1.947595383223007,4.564050171878698,5.497921806542382
2025-05-22 12:00:00,1.4911758159130533,4.76596247633952,5.7552682678150004
2025-05-22 13:00:00,1.5342282609704687,3.5982720742518586,6.020944074452416
2025-05-22 14:00:00,1.381431578136077,3.642859376885351,5.845291758897404
2025-05-22 15:00:00,1.8489727995487435,2.656336691314465,5.99060549815713
2025-05-22 16:00:00,2.4795994573084204,2.364386717462433,5.964720617486908
2025-05-22 17:00:00,3.226695183379802,0.955750934458046,12.122265558053492
2025-05-22 18:00:00,3.630141398584989,4.455669542402253e-16,11.711710351813815
2025-05-22 19:00:00,4.157778234942535,0.0,12.057797895073273
2025-05-22 20:00:00,3.5097445039567963,0.0,11.66516177312724
2025-05-22 21:00:00,2.9158068012060263,0.0,11.876442625190528
2025-05-22 22:00:00,2.526147882774323,0.0,4.478974601746994
2025-05-22 23:00:00,2.1732014727996525,0.0,4.878635542564529
2025-05-23 00:00:00,1.5740683675020168,0.0,4.828178725127607
2025-05-23 01:00:00,1.4945391455808814,0.0,5.283073807021599
2025-05-23 02:00:00,1.1754491054193639,0.0,4.9822219783041195
2025-05-23 03:00:00,1.2241063999276878,0.0,5.036750969931145
2025-05-23 04:00:00,1.6353685412340497,0.0,4.993264391450845
2025-05-23 05:00:00,1.8016822384584126,0.0,4.361267346678235
2025-05-23 06:00:00,2.12506337623437,0.0,7.4009161219485
2025-05-23 07:00:00,2.7880458519117615,1.0295797678032446,7.904396709985758
2025-05-23 08:00:00,3.0172733283233892,1.8469168325291372,8.083567996452143
2025-05-23 09:00:00,2.91991542707667,3.0242450880163494,7.929540442183966
2025-05-23 10:00:00,2.3117375030266945,3.913551264117551,5.740782307519965
2025-05-23 11:00:00,2.0416907628610206,4.36822091935909,5.927906064190289
2025-05-23 12:00:00,1.6279568137825067,3.940889728605246,5.901874339786682
2025-05-23 13:00:00,1.5559623063338364,4.036482558532269,6.233700974664712
2025-05-23 14:00:00,1.8198148053900347,3.9299809583285676,6.216905994559742
2025-05-23 15:00:00,1.7763576600699325,2.473953248137986,5.833975641706909
2025-05-23 16:00:00,2.8419192901929926,1.7620897494329835,5.985022723845237
2025-05-23 17:00:00,3.159243121662697,1.0275365683234392,12.082859785857723
2025-05-23 18:00:00,3.7942228487643375,4.587872716495994e-16,12.127393318632205
2025-05-23 19:00:00,4.0787644019592975,0.0,12.495779427237133
2025-05-23 20:00:00,4.018668763483563,0.0,11.991555710597515
2025-05-23 21:00:00,3.221827082828486,0.0,12.350623441261956
2025-05-23 22:00:00,2.178940206078053,0.0,4.651975076706919
2025-05-23 23:00:00,2.133053846230291,0.0,4.808697852634787
2025-05-24 00:00:00,1.44891908235771,0.0,4.359252674896592
2025-05-24 01:00:00,1.5166637644868817,0.0,5.04539196200292
2025-05-24 02:00:00,1.312838571571405,0.0,5.19425718645765
2025-05-24 03:00:00,1.6064037610527941,0.0,4.23338446707607
2025-05-24 04:00:00,1.5182509671895366,0.0,5.056485910277252
2025-05-24 05:00:00,1.8704170845931098,0.0,5.181263104169553
2025-05-24 06:00:00,2.2483238027530703,0.0,8.164171278901533
2025-05-24 07:00:00,3.0669678850476316,1.1110565006645559,7.6412416639896055
2025-05-24 08:00:00,3.297342668219056,2.2136191125026468,8.231935991927674
2025-05-24 09:00:00,2.7852300223278403,3.2320162940564243,8.00279134921562
2025-05-24 10:00:00,2.3008438172801173,4.128610392224324,6.177311285674954
2025-05-24 11:00:00,1.8014151626584358,4.65307439326103,5.962242632745892
2025-05-24 12:00:00,1.7926586530756026,4.3492436588839825,6.114311210116639
2025-05-24 13:00:00,1.5239245750049304,4.677030831642744,6.332770740012234
2025-05-24 14:00:00,1.5969673862561025,4.1240002898089125,5.9387933837692755
2025-05-24 15:00:00,2.0699127216258923,2.4241202668813684,6.085231442669013
2025-05-24 16:00:00,2.3390073079055713,2.180075383918682,6.374930608577038
2025-05-24 17:00:00,3.097291244770407,0.9540866258412547,11.960030950557073
2025-05-24 18:00:00,3.4999018436120375,4.724209775951585e-16,11.662381150374646
2025-05-24 19:00:00,4.105628557631882,0.0,12.202812937246799
2025-05-24 20:00:00,4.028228333061097,0.0,12.430463283182812
2025-05-24 21:00:00,3.211134776997564,0.0,12.386635053845268
2025-05-24 22:00:00,2.6389684780607374,0.0,5.214496329898662
2025-05-24 23:00:00,1.795617968088566,0.0,4.296752724772475
2025-05-25 00:00:00,1.5355022115786927,0.0,4.809250181901106
2025-05-25 01:00:00,1.3591165149055748,0.0,4.824619853702359
2025-05-25 02:00:00,1.4705618355604937,0.0,5.0134605175484355
2025-05-25 03:00:00,1.6433051799370855,0.0,5.506479450332201
2025-05-25 04:00:00,1.6312302026651642,0.0,4.675837509932841
2025-05-25 05:00:00,1.6434954855039055,0.0,5.672660626578929
2025-05-25 06:00:00,2.0936842877265245,0.0,7.885301611017727
2025-05-25 07:00:00,2.571041375063638,1.2583173811686592,7.769929605957967
2025-05-25 08:00:00,3.073721511688156,2.240236753366426,8.253561413693536
2025-05-25 09:00:00,3.0878372271441292,2.9489674491418447,8.277291280047237
2025-05-25 10:00:00,2.495615897174821,3.0932757688349906,6.19498407330712
2025-05-25 11:00:00,1.5730338277389535,3.338710659680359,5.769163359958198
2025-05-25 12:00:00,1.8399191000606523,4.230143638047195,6.150608438321722
2025-05-25 13:00:00,1.7137226181071339,3.900462602799737,5.689932676829803
2025-05-25 14:00:00,1.4283729856236438,4.0429227703573885,5.760826240805938
2025-05-25 15:00:00,1.8776435495695731,3.0927857375606855,5.971538950768723
2025-05-25 16:00:00,2.58408053392744,2.0322907051453343,5.754010920029669
2025-05-25 17:00:00,3.185519526577904,0.9736635197287138,12.31582447436359
2025-05-25 18:00:00,3.5407342029804885,5.065027784772361e-16,11.82654974042712
2025-05-25 19:00:00,4.091611329232837,0.0,11.93386313451567
2025-05-25 20:00:00,3.416473202771729,0.0,11.735940515497795
2025-05-25 21:00:00,3.069527644714013,0.0,12.3112829434265
2025-05-25 22:00:00,2.5903921183386487,0.0,4.8001619076950925
2025-05-25 23:00:00,1.9252924208508635,0.0,5.342603330823426
2025-05-26 00:00:00,1.4252129367801707,0.0,5.320563075584675
2025-05-26 01:00:00,1.6339924416268357,0.0,4.866217714716425
2025-05-26 02:00:00,1.6509394396606822,0.0,5.008900342478304
2025-05-26 03:00:00,1.7239794122642522,0.0,4.857887307029615
2025-05-26 04:00:00,1.7471084749666275,0.0,5.163716598577093
2025-05-26 05:00:00,2.0175978579846605,0.0,4.9416586066013295
2025-05-26 06:00:00,2.400874937172818,0.0,7.87475580086817
2025-05-26 07:00:00,2.8180452621547247,1.042068152246186,8.013853748972014
2025-05-26 08:00:00,3.0134299731617897,2.3035234685853205,7.525335270942237
2025-05-26 09:00:00,2.7426640889310185,2.5672515526059714,7.977245526558477
2025-05-26 10:00:00,2.1093919166158304,4.004961328587522,6.194883591041814
2025-05-26 11:00:00,1.7141348812878916,3.8192384112729885,6.041416314078351
2025-05-26 12:00:00,1.5844555370599032,3.6196641843717963,6.285496969717459
2025-05-26 13:00:00,1.6094803794953012,3.430414049702532,5.8868105736417675
2025-05-26 14:00:00,1.8762898671535968,4.049479136624633,5.862212786302123
2025-05-26 15:00:00,1.9168542078948207,3.2393359546410725,5.66480429880715
2025-05-26 16:00:00,2.570273615834718,1.9294682635536144,5.878276528935382
2025-05-26 17:00:00,3.2648518484025044,0.9333550340452107,12.589767787489311
2025-05-26 18:00:00,3.7023814411853677,4.652267240561609e-16,12.082663009555935
2025-05-26 19:00:00,4.0892035375689355,0.0,11.824339135260534
2025-05-26 20:00:00,3.700569085925088,0.0,11.69815741857988
2025-05-26 21:00:00,3.3012713551893667,0.0,11.520440782270223
2025-05-26 22:00:00,2.5150751036685315,0.0,4.750881929177805
2025-05-26 23:00:00,1.7439607253119123,0.0,5.227758052561592
2025-05-27 00:00:00,1.5242822670975396,0.0,4.871890468027411
2025-05-27 01:00:00,1.7478073278345652,0.0,4.712548475557228
2025-05-27 02:00:00,1.47754201221569,0.0,4.745544864789728
2025-05-27 03:00:00,1.59463071284847,0.0,5.19484423998198
2025-05-27 04:00:00,1.697838936360541,0.0,4.975621077385512
2025-05-27 05:00:00,1.6998982040193986,0.0,4.8118386757369676
2025-05-27 06:00:00,2.3675448459392148,0.0,7.907483489133629
2025-05-27 07:00:00,2.56914069198206,1.136801110022395,8.661764937664229
2025-05-27 08:00:00,2.906160007237008,1.78198217810598,8.365886922261693
2025-05-27 09:00:00,2.9396114919197576,3.2768410859036408,8.440587598900954
2025-05-27 10:00:00,2.344760604121043,3.7251369297662817,5.4743688163110855
2025-05-27 11:00:00,1.811759936448884,4.253301964343509,5.954669316648918
2025-05-27 12:00:00,1.6937268625369628,3.7055877974211464,5.806563270254735
2025-05-27 13:00:00,1.5642487183916671,3.9456662520384858,6.163152058750153
2025-05-27 14:00:00,1.6620547528057323,4.103295988194995,6.31794206353566
2025-05-27 15:00:00,2.0216465710841685,2.6569442044288127,6.097927863876012
2025-05-27 16:00:00,2.310647011104199,1.720036866871416,5.738258987202162
2025-05-27 17:00:00,3.10900496077089,0.9885642144048284,11.80169599860083
2025-05-27 18:00:00,3.6902582316476886,5.092869316613039e-16,12.186171259839856
2025-05-27 19:00:00,3.7621594996733694,0.0,12.216021951962828
2025-05-27 20:00:00,3.5990299287464222,0.0,12.042285711731221
2025-05-27 21:00:00,3.33818193813717,0.0,12.03893727581687
2025-05-27 22:00:00,2.4774071001164266,0.0,5.015036760730565
2025-05-27 23:00:00,1.7239950433049571,0.0,5.080728967324169
2025-05-28 00:00:00,1.269000412897201,0.0,5.214788292551543
2025-05-28 01:00:00,1.4837659185443957,0.0,5.1890497121709585
2025-05-28 02:00:00,1.7389046473741674,0.0,5.007075630165025
2025-05-28 03:00:00,1.4994597381135568,0.0,4.985285174801799
2025-05-28 04:00:00,1.8120070437102718,0.0,4.973810507279073
2025-05-28 05:00:00,1.9081812545168875,0.0,4.7659008067400705
2025-05-28 06:00:00,2.361626222234072,0.0,7.762091555200476
2025-05-28 07:00:00,2.5778578883915686,0.9093495307182046,8.163186882440932
2025-05-28 08:00:00,3.1406320614596814,2.242182781509877,7.786139334081631
2025-05-28 09:00:00,2.728013241204588,2.964680037064407,8.244180160373908
2025-05-28 10:00:00,2.4207110286164255,4.075691324896792,5.984597186689312
2025-05-28 11:00:00,1.7353061103129461,4.300447777519958,6.245878577530549
2025-05-28 12:00:00,1.6533151114766715,3.4512443609317454,6.191087641066442
2025-05-28 13:00:00,1.6260629986455817,3.6206867448080438,6.252878977431624
2025-05-28 14:00:00,1.6370629799665775,3.3129884012153776,5.8570902730494385
2025-05-28 15:00:00,1.9838055710390712,3.1688137494335367,6.1226698351437125
2025-05-28 16:00:00,2.3797926109241923,2.0982880174120533,6.221366396864509
2025-05-28 17:00:00,3.0055955369814944,1.1771427161631078,11.534601990180171
2025-05-28 18:00:00,3.977920968257781,5.145747041503057e-16,12.510508034264658
2025-05-28 19:00:00,4.157342935817624,0.0,12.679785913834221
2025-05-28 20:00:00,3.6229685804265905,0.0,12.284186488349343
2025-05-28 21:00:00,3.188217616916787,0.0,12.241764228638997
2025-05-28 22:00:00,2.308296774723469,0.0,5.176627579237856
2025-05-28 23:00:00,1.744830591965817,0.0,4.902969997493982
2025-05-29 00:00:00,1.655124985484309,0.0,4.966948936619445
2025-05-29 01:00:00,1.2449755597138723,0.0,5.289321468608159
2025-05-29 02:00:00,1.6437550544341764,0.0,4.708034841540073
2025-05-29 03:00:00,1.489565111448251,0.0,4.681784926061263
2025-05-29 04:00:00,1.58422512023759,0.0,4.880801243377251
2025-05-29 05:00:00,1.9168543218375822,0.0,5.196875952468653
2025-05-29 06:00:00,2.3781184753563256,0.0,7.74021915251774
2025-05-29 07:00:00,2.6542644882629176,0.9551866251394914,7.932375179924793
2025-05-29 08:00:00,3.1076624645097275,1.8579230231691957,7.967997318784397
2025-05-29 09:00:00,2.7952586274994125,3.023228945322432,7.6964392284096625
2025-05-29 10:00:00,2.1028389416445834,3.46777009077561,5.268069624964284
2025-05-29 11:00:00,1.8319504350739022,4.004720662432911,5.692046238174359
2025-05-29 12:00:00,1.8339495616840236,3.905898031822485,6.078265955195008
2025-05-29 13:00:00,1.8247517752917912,4.693195747749036,6.145843040483242
2025-05-29 14:00:00,1.767770246094259,3.359265077135916,6.148308895158421
2025-05-29 15:00:00,1.7445722688508922,3.005605147309669,6.182871718452941
2025-05-29 16:00:00,2.493343207571452,2.3561204811314647,5.812081529838766
2025-05-29 17:00:00,3.2305836355165654,1.1468563758367634,11.747817262503844
2025-05-29 18:00:00,3.8459546583364945,4.808487772194033e-16,12.112517401455257
2025-05-29 19:00:00,4.1177431491665955,0.0,11.936474978928917
2025-05-29 20:00:00,3.791587754070947,0.0,12.272123586763831
2025-05-29 21:00:00,3.0920891202530134,0.0,12.114412069301265
2025-05-29 22:00:00,2.328443478543039,0.0,5.385146168849866
2025-05-29 23:00:00,1.6378429607399412,0.0,4.8603391087023216
2025-05-30 00:00:00,1.5509998342814653,0.0,5.3202602750323535
2025-05-30 01:00:00,1.5284984301088116,0.0,5.610402769141496
2025-05-30 02:00:00,1.5883630438214176,0.0,5.016122768482288
2025-05-30 03:00:00,1.3268419043402757,0.0,5.14979200308223
2025-05-30 04:00:00,1.7127096140969282,0.0,4.720841513390454
2025-05-30 05:00:00,2.1635734030872054,0.0,5.268216957764701
2025-05-30 06:00:00,2.3027061731738745,0.0,8.33871745085729
2025-05-30 07:00:00,2.768966166906273,1.0875903403794263,7.851664044780017
2025-05-30 08:00:00,3.046353976610073,2.4200170899853353,8.175847871322452
2025-05-30 09:00:00,3.08310360050218,2.8706037884256927,8.08414182165338
2025-05-30 10:00:00,2.137699996319806,3.096724897774328,6.117235587082756
2025-05-30 11:00:00,1.8879126476199488,3.767685964752865,6.243605922229582
2025-05-30 12:00:00,1.506809096005538,4.350500568628974,6.155669852699845
2025-05-30 13:00:00,1.4912118474281877,3.7020478029003923,5.958303652148147
2025-05-30 14:00:00,1.6527294312706664,3.3357823119015215,6.249988906629041
2025-05-30 15:00:00,2.1252222783181813,2.797529860061057,6.333556826857384
2025-05-30 16:00:00,2.689900762306379,2.279044343842348,5.8337416697940006
2025-05-30 17:00:00,3.1701758216316924,1.2540366024311114,11.999460261886027
2025-05-30 18:00:00,3.6806092523851635,4.864660125693619e-16,11.46939215843373
2025-05-30 19:00:00,4.373910835859185,0.0,12.175079414259365
2025-05-30 20:00:00,3.672965119984389,0.0,12.366935272879282
2025-05-30 21:00:00,3.0172805839236343,0.0,11.922811431753221
2025-05-30 22:00:00,2.1534571462418324,0.0,5.040030847350408
2025-05-30 23:00:00,2.131947023901877,0.0,4.933941279516818
2025-05-31 00:00:00,1.6452904081301567,0.0,4.884831132837241
2025-05-31 01:00:00,1.86326133397845,0.0,5.0696513860539785
2025-05-31 02:00:00,1.2962981645649763,0.0,4.764727238291665
2025-05-31 03:00:00,1.7461990794560762,0.0,4.92941691906697
2025-05-31 04:00:00,1.6264774384545884,0.0,4.728634721568236
2025-05-31 05:00:00,1.9763066714141093,0.0,5.176722975754903
2025-05-31 06:00:00,2.043772082391517,0.0,8.071771436080311
2025-05-31 07:00:00,2.9984282381870484,1.2705985922366179,7.870628624784523
2025-05-31 08:00:00,3.117981135896992,1.9353795462088692,8.011123623686718
2025-05-31 09:00:00,2.7724165415776962,2.9365019458762336,7.933782423267095
2025-05-31 10:00:00,2.3880140637239573,3.1998039110591776,6.34316855117179
2025-05-31 11:00:00,1.7426073124545256,3.5956531246868626,5.867696305396971
2025-05-31 12:00:00,1.5398416965129298,4.352237097017522,6.1905134896295655
2025-05-31 13:00:00,1.5037458635111274,4.415123399639189,5.788437814407512
2025-05-31 14:00:00,1.3822587981994157,3.8114689852259804,6.24427152011397
2025-05-31 15:00:00,2.0523875662066526,2.790161267782855,6.311191680001082
2025-05-31 16:00:00,2.5984912143304535,1.773125398915974,6.325351887778362
2025-05-31 17:00:00,2.99775287747311,1.0753439508397227,12.44130506734161
2025-05-31 18:00:00,3.7893289132304093,5.1498909541587e-16,12.087733500023708
2025-05-31 19:00:00,3.960168934669022,0.0,12.371384010498973
2025-05-31 20:00:00,3.7863393864959716,0.0,12.487253985696128
2025-05-31 21:00:00,3.0088143848959406,0.0,11.66338429083465
2025-05-31 22:00:00,2.287184829515496,0.0,4.819028557471039
2025-05-31 23:00:00,2.080344521418727,0.0,4.551289787144864
2025-06-01 00:00:00,1.4904729815057887,0.0,5.318343237417431
2025-06-01 01:00:00,1.8039068461890047,0.0,4.547440319783497
2025-06-01 02:00:00,1.511673162116816,0.0,4.466047297855791
2025-06-01 03:00:00,1.388561752281636,0.0,4.6707821957314515
2025-06-01 04:00:00,1.7999982421650602,0.0,4.478506396842671
2025-06-01 05:00:00,1.9500116635159916,0.0,5.08164740894763
2025-06-01 06:00:00,2.399969583111651,0.0,7.67463720638421
2025-06-01 07:00:00,2.9568060666174416,1.2462195285001998,7.492915126398864
2025-06-01 08:00:00,2.9020841791203487,2.4128768649852663,7.987438003968449
2025-06-01 09:00:00,2.759165050447836,2.612748885358707,8.005133608534114
2025-06-01 10:00:00,2.2655296858516203,3.260352935530115,5.43906507075417
2025-06-01 11:00:00,1.6638196270735204,4.425862844405967,5.785889647958843
2025-06-01 12:00:00,1.587219186826448,4.398133534903266,5.9776083744081
2025-06-01 13:00:00,1.7737194742364606,4.641086272966238,5.892953017959034
2025-06-01 14:00:00,1.6957686930220344,3.4013119545411294,5.901155031884179
2025-06-01 15:00:00,1.7212145928993996,3.3376204236783784,6.353786093620833
2025-06-01 16:00:00,2.1863762604533283,2.238210646815891,6.643963437697072
2025-06-01 17:00:00,3.352670908749927,0.9710662494749573,11.90601045420546
2025-06-01 18:00:00,3.7235506093004167,4.469464221997743e-16,11.603435540226073
2025-06-01 19:00:00,3.902888475008165,0.0,11.929625070415856
2025-06-01 20:00:00,3.6959995274492665,0.0,12.058287931025857
2025-06-01 21:00:00,2.8813548079299953,0.0,11.984016436569046
2025-06-01 22:00:00,2.6331628753553846,0.0,5.183207335467318
2025-06-01 23:00:00,1.8635753478772612,0.0,5.6635727750588645
2025-06-02 00:00:00,1.705163798435226,0.0,4.486063742875904
2025-06-02 01:00:00,1.5083382607280804,0.0,4.8478760998898585
2025-06-02 02:00:00,1.719156463582961,0.0,5.462342953208452
2025-06-02 03:00:00,1.5659776331906725,0.0,4.843386331920249
2025-06-02 04:00:00,1.7439420101300307,0.0,5.236848051672327
2025-06-02 05:00:00,1.9632555958073392,0.0,5.189270209204298
2025-06-02 06:00:00,2.384432313494983,0.0,8.371063957044141
2025-06-02 07:00:00,2.8304061363646604,1.1214369212115698,8.57400192324786
2025-06-02 08:00:00,2.96507601577988,2.1190860431383673,8.099921812130157
2025-06-02 09:00:00,3.065568250531558,2.738119917171151,7.476251064374029
2025-06-02 10:00:00,2.1552066128104044,3.3638216757051778,5.789877847120764
2025-06-02 11:00:00,1.858077753962337,4.404859115892994,6.655815859978084
2025-06-02 12:00:00,1.628990590631324,3.9629752887122365,5.575740657184507
2025-06-02 13:00:00,1.6336286685564652,4.393133032946711,6.149041970757172
2025-06-02 14:00:00,1.5957470805687823,4.22690637189962,5.245647232779544
2025-06-02 15:00:00,1.9703357379145858,2.912042746041957,5.594631845433147
2025-06-02 16:00:00,2.3944257844226238,1.8051494944605835,6.266081184419974
2025-06-02 17:00:00,2.8656616223220013,1.1532387451697212,12.010788276098927
2025-06-02 18:00:00,3.738531303777213,4.2616291471657103e-16,11.887067452383516
2025-06-02 19:00:00,3.8349152059088847,0.0,11.755693192693526
2025-06-02 20:00:00,3.476940427816482,0.0,11.401037238109472
2025-06-02 21:00:00,3.123481969181003,0.0,12.208021765867992
2025-06-02 22:00:00,2.4928811042315764,0.0,4.915055789102729
2025-06-02 23:00:00,2.0015379948308523,0.0,4.543440447645904
2025-06-03 00:00:00,1.5851291753274166,0.0,5.009056741853085
2025-06-03 01:00:00,1.2107021504198916,0.0,5.174374404623038
2025-06-03 02:00:00,1.3005741282115748,0.0,4.939797892962388
2025-06-03 03:00:00,1.8235016738562604,0.0,5.034797804993726
2025-06-03 04:00:00,1.4588757966881138,0.0,5.0114380446462325
2025-06-03 05:00:00,1.947017793564592,0.0,4.787961557411547
2025-06-03 06:00:00,2.1878980103073107,0.0,8.01627788398995
2025-06-03 07:00:00,2.7901668756773885,1.0623128647290423,8.220565079397183
2025-06-03 08:00:00,2.9050154928561787,1.8339296164301502,8.310393101997676
2025-06-03 09:00:00,2.8624842199885756,3.25309346217598,8.237218801576804
2025-06-03 10:00:00,2.311763278172294,3.137789293891903,5.797470590629226
2025-06-03 11:00:00,1.790188141564228,4.3066024411065635,6.190863765470935
2025-06-03 12:00:00,1.469231891398078,3.8674149492805605,6.139639928200964
2025-06-03 13:00:00,1.6134286851788135,4.02931102801985,5.787087362266441
2025-06-03 14:00:00,1.4782601575965688,3.2620757015757706,5.860706178738169
2025-06-03 15:00:00,1.9872459483942735,3.2209508586500935,6.203907930794262
2025-06-03 16:00:00,2.8137249085586036,2.4396639617920512,6.413072445841933
2025-06-03 17:00:00,3.305480007626988,0.9832719009110399,11.456498430605851
2025-06-03 18:00:00,3.8448506438728107,5.984334207435958e-16,12.492018371510788
2025-06-03 19:00:00,3.9871589112022354,0.0,12.34924790277245
2025-06-03 20:00:00,3.4462853981332886,0.0,12.05973555004981
2025-06-03 21:00:00,2.9046080116925674,0.0,11.9277850129926
2025-06-03 22:00:00,2.612117531344049,0.0,5.117130034765743
2025-06-03 23:00:00,1.8040698764964487,0.0,4.807830391802309
2025-06-04 00:00:00,1.3951657545498555,0.0,4.946691494015999
2025-06-04 01:00:00,1.47574293220838,0.0,4.557491914568306
2025-06-04 02:00:00,1.345419728570712,0.0,4.477543112879491
2025-06-04 03:00:00,1.3434581481514642,0.0,5.699691990411765
2025-06-04 04:00:00,1.608385999782456,0.0,5.0189225655224865
2025-06-04 05:00:00,1.7216622206932832,0.0,5.06110670630071
2025-06-04 06:00:00,2.1797858665903536,0.0,7.990780162066738
2025-06-04 07:00:00,2.6610373108652032,1.1326342440881514,7.751667794155733
2025-06-04 08:00:00,3.078357655272388,1.965456873687813,7.9078813670710195
2025-06-04 09:00:00,2.7434341932213253,2.6469435717384537,8.027356608190505
2025-06-04 10:00:00,2.2644613653907113,3.1286044119368768,5.941008516734411
2025-06-04 11:00:00,1.9469734922071955,4.297026514028605,5.774339181691656
2025-06-04 12:00:00,1.6054517681152436,3.819823762211528,6.143846637967213
2025-06-04 13:00:00,1.531524490286361,4.177950698242083,6.056509407560443
2025-06-04 14:00:00,1.730735530788483,4.269936406761517,6.117872331523108
2025-06-04 15:00:00,2.0233534686097925,2.788156776859527,6.211513443605951
2025-06-04 16:00:00,2.397691147276778,1.7623998888987602,5.9488428263105195
2025-06-04 17:00:00,3.1150456662807646,0.9538411765779546,11.949333617915556
2025-06-04 18:00:00,3.6198299263786873,4.47042917220456e-16,12.444735768675617
2025-06-04 19:00:00,3.8708975493887285,0.0,11.716795437327264
2025-06-04 20:00:00,3.8524704174788384,0.0,11.43791047553269
2025-06-04 21:00:00,3.169692280459288,0.0,12.166661610617243
2025-06-04 22:00:00,2.487993368691128,0.0,4.811194971537719
2025-06-04 23:00:00,1.964661440823994,0.0,4.676794712811965
2025-06-05 00:00:00,1.5069840606467055,0.0,5.265571405127726
2025-06-05 01:00:00,1.6050522871843986,0.0,4.956569484872253
2025-06-05 02:00:00,1.6449929815511126,0.0,4.620930782710447
2025-06-05 03:00:00,1.6641576591128069,0.0,5.580483835702866
2025-06-05 04:00:00,1.6008404233077713,0.0,4.51679412068078
2025-06-05 05:00:00,2.0634405483804144,0.0,4.97399648229917
2025-06-05 06:00:00,2.325207755817036,0.0,7.433216967545843
2025-06-05 07:00:00,2.873072393672124,1.1894059012395155,8.081197470155669
2025-06-05 08:00:00,3.0423168068224498,2.313465768078996,7.807667389936873
2025-06-05 09:00:00,2.815304052918255,3.0266593630466794,8.245782444598811
2025-06-05 10:00:00,2.1808843620372413,3.7019134570079837,5.994784084107987
2025-06-05 11:00:00,1.962634233362587,4.392029540056008,6.405182333702049
2025-06-05 12:00:00,2.0535518685863305,4.51531991956001,5.871085824778823
2025-06-05 13:00:00,1.5170432943364245,4.321762319912832,5.518636693156225
2025-06-05 14:00:00,1.6708171847666997,3.5033259902496363,6.07125481590806
2025-06-05 15:00:00,1.8561930024240583,3.330696489753248,5.924232755862241
2025-06-05 16:00:00,2.3465491869687782,1.9139472963499733,5.454222035586763
2025-06-05 17:00:00,3.3346219216554873,0.9597049765379388,11.683385917174286
2025-06-05 18:00:00,3.636152808179567,4.886602437196413e-16,11.778860266357054
2025-06-05 19:00:00,3.9288879348584533,0.0,12.46661501712022
2025-06-05 20:00:00,3.498974368624122,0.0,12.212233739870994
2025-06-05 21:00:00,2.989309212396258,0.0,11.895679451162179
2025-06-05 22:00:00,2.1634386189856394,0.0,5.141260918961672
2025-06-05 23:00:00,2.017303993396955,0.0,4.388162036041987
2025-06-06 00:00:00,1.920008152550059,0.0,4.8305281666556
2025-06-06 01:00:00,1.445588684513405,0.0,5.120298613702508
2025-06-06 02:00:00,1.2547129774491594,0.0,5.04961289191864
2025-06-06 03:00:00,1.6624734079986698,0.0,4.838193156228917
2025-06-06 04:00:00,1.5069183668601458,0.0,4.9885075603607
2025-06-06 05:00:00,2.0502936784771197,0.0,5.101432551413605
2025-06-06 06:00:00,2.248634296388696,0.0,7.997193001949454
2025-06-06 07:00:00,2.683443611424837,0.9371491578275555,8.258301187077041
2025-06-06 08:00:00,2.9733099898353648,1.7582715668511972,8.095610632966293
2025-06-06 09:00:00,2.8919195609360573,3.4860358731667684,8.153372141128903
2025-06-06 10:00:00,2.257134065961441,3.1374314688820304,6.514066436469025
2025-06-06 11:00:00,1.7829229021918072,3.5403636644216907,6.24825189988952
2025-06-06 12:00:00,1.5969329689033538,4.777668898240877,6.522287533914292
2025-06-06 13:00:00,1.382484277879804,4.316088653491921,5.798425690133946
2025-06-06 14:00:00,1.7197227177970544,3.576024358270196,5.522275838146335
2025-06-06 15:00:00,1.6551148029994112,3.1443278494690983,5.957915762786728
2025-06-06 16:00:00,2.3531339540482414,2.4365625234841057,5.932321091496785
2025-06-06 17:00:00,3.216862281262298,0.9387931566899936,12.437824245716806
2025-06-06 18:00:00,3.782555703278594,4.705610489507269e-16,11.660986670202949
2025-06-06 19:00:00,4.088548091811366,0.0,11.976336311862017
2025-06-06 20:00:00,3.7273414412759958,0.0,12.121553809812866
2025-06-06 21:00:00,3.278412898225423,0.0,12.030030751195307
2025-06-06 22:00:00,2.55840348244411,0.0,4.948541105828391
2025-06-06 23:00:00,1.9894544391523168,0.0,5.107570535961903
2025-06-07 00:00:00,1.639185435871494,0.0,5.323729289273593
2025-06-07 01:00:00,1.6131540367215198,0.0,5.4607236413667986
2025-06-07 02:00:00,1.4388071403956615,0.0,5.009842162236826
2025-06-07 03:00:00,1.3258886215805097,0.0,4.755246273921631
2025-06-07 04:00:00,1.6790114295760628,0.0,5.4603602282280095
2025-06-07 05:00:00,1.937305023518803,0.0,4.676709965979353
2025-06-07 06:00:00,2.4545094522279722,0.0,8.53717365293454
2025-06-07 07:00:00,2.63776777353046,0.9316660493941025,8.403240609475619
2025-06-07 08:00:00,2.864038964305643,2.375790152775995,8.44681963742866
2025-06-07 09:00:00,2.8472380867417946,2.824103246878505,8.205617256791925
2025-06-07 10:00:00,2.2805721122468263,3.5403585417894208,5.366252987958656
2025-06-07 11:00:00,1.5745673660251938,3.8530986835484473,5.688263750677336
2025-06-07 12:00:00,1.6830239339133133,4.842008101137578,6.092066466207918
2025-06-07 13:00:00,1.2953991183065936,3.5517532654726796,5.79730590043472
2025-06-07 14:00:00,1.5183794946719509,3.7575283477174524,5.905416036498634
2025-06-07 15:00:00,2.1258759980051636,2.6183327317154146,6.1838424542477775
2025-06-07 16:00:00,2.693484024874136,2.4337736051441596,5.949007714491409
2025-06-07 17:00:00,2.920606044666892,1.2093494511706213,11.634293818702698
2025-06-07 18:00:00,3.6876897302267824,4.691355509929744e-16,12.265697613941569
2025-06-07 19:00:00,4.0063933843252135,0.0,12.154470832546117
2025-06-07 20:00:00,4.004282331321052,0.0,11.925301217106131
2025-06-07 21:00:00,3.0290206289039348,0.0,12.213379855231402
2025-06-07 22:00:00,2.34816599947365,0.0,5.028514118929277
2025-06-07 23:00:00,2.154842122284595,0.0,5.399408357724574
2025-06-08 00:00:00,1.4438351963667237,0.0,5.045362365667253
2025-06-08 01:00:00,1.6089207599059518,0.0,5.397178299974204
2025-06-08 02:00:00,1.283155222630831,0.0,4.437904165587437
2025-06-08 03:00:00,1.5017885467203609,0.0,5.137765706963549
2025-06-08 04:00:00,1.3670175849507087,0.0,4.880641460995748
2025-06-08 05:00:00,1.697076571750733,0.0,4.742284703496949
2025-06-08 06:00:00,2.416818856830027,0.0,8.347550173821539
2025-06-08 07:00:00,2.7707301561242472,0.9539706990169462,8.266726229562895
2025-06-08 08:00:00,2.9521377621142717,2.153019589908731,7.398056993272259
2025-06-08 09:00:00,2.6659406031984916,2.7486065184601824,8.21464869059494
2025-06-08 10:00:00,2.258148749588597,3.9170264878081986,6.178244413921781
2025-06-08 11:00:00,1.902598582675967,3.40653068025788,5.7830785480027025
2025-06-08 12:00:00,1.774195140319449,4.184912092210819,5.749408815911051
2025-06-08 13:00:00,1.1794905529404165,3.4411520410814553,5.522827432620478
2025-06-08 14:00:00,1.535403801313536,3.4451002499230627,5.89874043082891
2025-06-08 15:00:00,1.9469882284044986,2.4803559690199726,5.94675373850803
2025-06-08 16:00:00,2.4049227048087256,2.092512292628762,6.239099034107554
2025-06-08 17:00:00,3.163460936316695,1.1983115871031504,12.080814109350168
2025-06-08 18:00:00,3.7772295037576695,4.450559819817577e-16,11.682027565408701
2025-06-08 19:00:00,3.9542698264143965,0.0,12.071662297483453
2025-06-08 20:00:00,3.658070312785741,0.0,11.923786374178826
2025-06-08 21:00:00,3.06612574761727,0.0,11.719552135900667
2025-06-08 22:00:00,2.592009955402053,0.0,4.5231478268682865
2025-06-08 23:00:00,1.8127320985793085,0.0,5.187441000507652
2025-06-09 00:00:00,1.4906325608028692,0.0,5.133919144843841
2025-06-09 01:00:00,1.5280918356607465,0.0,5.167030708484272
2025-06-09 02:00:00,1.7387793068788637,0.0,4.781526669952471
2025-06-09 03:00:00,1.482427219598763,0.0,5.05132395863053
2025-06-09 04:00:00,1.7597781091013134,0.0,4.5873907558798255
2025-06-09 05:00:00,2.040188549383842,0.0,4.704025156444436
2025-06-09 06:00:00,2.2813755138085905,0.0,8.0101196599245
2025-06-09 07:00:00,2.7466081179257396,0.9034968263674389,8.078705909096653
2025-06-09 08:00:00,2.9506455723899854,1.8881045108761372,7.511354631218191
2025-06-09 09:00:00,2.739879576659242,3.1331709854071095,7.6827365857092085
2025-06-09 10:00:00,2.4193831396613144,4.151338946187584,5.8903821491750294
2025-06-09 11:00:00,1.8920831041991901,3.438871762771355,6.287555619873088
2025-06-09 12:00:00,1.662051165725665,4.321611320484006,5.756069174140134
2025-06-09 13:00:00,1.4044790289979616,4.287267563481416,6.042172584838523
2025-06-09 14:00:00,1.5150444658466722,4.2264396137345495,6.073617792190224
2025-06-09 15:00:00,2.2446408157926947,3.157907868358352,5.925092452282958
2025-06-09 16:00:00,2.3930783134097653,1.820442884715122,6.08040601144783
2025-06-09 17:00:00,2.9867387006009323,0.9592372006677168,11.596524958630877
2025-06-09 18:00:00,3.951763335677081,5.43375211625859e-16,11.803263840431415
2025-06-09 19:00:00,4.04227128816594,0.0,12.430307957240668
2025-06-09 20:00:00,3.8238215297134954,0.0,12.451429470599283
2025-06-09 21:00:00,3.082243909785365,0.0,12.25287622358307
2025-06-09 22:00:00,2.371897639342121,0.0,5.330117656986094
2025-06-09 23:00:00,1.897095332640572,0.0,4.4522267431880715
2025-06-10 00:00:00,1.2926428437296686,0.0,4.715391234411929
2025-06-10 01:00:00,1.4874013921479987,0.0,4.9066695290965665
2025-06-10 02:00:00,1.5491316289540877,0.0,5.724692577924212
2025-06-10 03:00:00,1.8050429434107729,0.0,4.906074807648067
2025-06-10 04:00:00,1.6288569704504516,0.0,5.223471289886952
2025-06-10 05:00:00,1.505265082562543,0.0,5.113511608476454
2025-06-10 06:00:00,2.2768408386394943,0.0,8.106837038219362
2025-06-10 07:00:00,3.1891415847535,1.2303210326786067,7.992940812938837
2025-06-10 08:00:00,3.1299585584449736,1.9639509147931855,7.639990150932164
2025-06-10 09:00:00,2.6566197052243408,3.0276262880599867,7.189650825954345
2025-06-10 10:00:00,2.379913137739373,3.2706621161678355,6.384552744610718
2025-06-10 11:00:00,1.746129593877402,3.770965165375376,5.815050664122738
2025-06-10 12:00:00,1.423686581418156,3.5863337695420165,5.439866041508683
2025-06-10 13:00:00,1.521007151069826,4.29841653794464,6.131388306300879
2025-06-10 14:00:00,1.6738969433387867,3.872391882703957,6.125636822720711
2025-06-10 15:00:00,1.6423004667111383,3.3537922490484986,6.23036769344441
2025-06-10 16:00:00,2.247378278622273,2.3961999149588746,6.334714710539512
2025-06-10 17:00:00,3.1045048344150397,0.9650004005412416,11.724304089216115
2025-06-10 18:00:00,3.6758724844403434,5.633659533749491e-16,11.737505487999497
2025-06-10 19:00:00,4.059221696535321,0.0,11.904389019480758
2025-06-10 20:00:00,3.5548980430875328,0.0,12.24649205521655
2025-06-10 21:00:00,3.21006803336059,0.0,11.369208301856284
2025-06-10 22:00:00,2.242134738369612,0.0,5.038461900827377
2025-06-10 23:00:00,2.16894343380581,0.0,5.279636547344201
2025-06-11 00:00:00,1.242689826617715,0.0,5.267256934105442
2025-06-11 01:00:00,1.3367073630034714,0.0,5.2125684754512
2025-06-11 02:00:00,1.5673322878524696,0.0,5.318900156073663
2025-06-11 03:00:00,1.7771084460588555,0.0,4.17584518804529
2025-06-11 04:00:00,1.6632135661170948,0.0,5.484040606871682
2025-06-11 05:00:00,1.9398203269214473,0.0,5.099121486072012
2025-06-11 06:00:00,2.293569188808146,0.0,8.400395381503401
2025-06-11 07:00:00,2.624256196669975,1.062924933025094,7.6476096569259875
2025-06-11 08:00:00,2.926482870961311,2.441152250422192,7.473851946623405
2025-06-11 09:00:00,2.5964665887984375,2.7040094426102024,8.535913305501692
2025-06-11 10:00:00,2.0994406654082587,3.2560082555017527,5.722043449614145
2025-06-11 11:00:00,1.9176939455088249,4.145907582071068,5.906745328610073
2025-06-11 12:00:00,1.4582810120369905,4.130475534847999,6.158236392138747
2025-06-11 13:00:00,1.6211956565634411,4.524009263218137,6.231865998086555
2025-06-11 14:00:00,1.4648945646197928,3.077854489863237,6.323524888459286
2025-06-11 15:00:00,1.967581245093661,3.1221514847061203,6.067015850217241
2025-06-11 16:00:00,2.3464497868586243,2.277233088895809,5.683707233082289
2025-06-11 17:00:00,3.3139468299852832,1.2799458896392688,12.211989789751266
2025-06-11 18:00:00,3.785656295175546,4.542504257132639e-16,12.21676681692004
2025-06-11 19:00:00,4.185367439812529,0.0,11.455489532644135
2025-06-11 20:00:00,3.623751284720038,0.0,12.425605452496006
2025-06-11 21:00:00,3.1113724721142204,0.0,11.253877316231915
2025-06-11 22:00:00,2.2725355292111997,0.0,5.310324690978154
2025-06-11 23:00:00,1.8604925021035028,0.0,4.809767009582653
2025-06-12 00:00:00,1.4607379358627681,0.0,5.211652844385061
2025-06-12 01:00:00,1.3917117704579123,0.0,5.153058261589761
2025-06-12 02:00:00,1.3224012385708408,0.0,4.98886323532828
2025-06-12 03:00:00,1.315445859786312,0.0,5.135325991814096
2025-06-12 04:00:00,1.2649948933435597,0.0,4.974065403375794
2025-06-12 05:00:00,1.69693966936857,0.0,5.214185247971037
2025-06-12 06:00:00,2.385062738057964,0.0,8.655581528634613
2025-06-12 07:00:00,2.5384411849852615,1.2459347608177866,7.597628302809538
2025-06-12 08:00:00,2.7947851962592223,1.9450137949560462,7.043556101618546
2025-06-12 09:00:00,3.046887832480566,3.1910573717495287,7.875297719916226
2025-06-12 10:00:00,2.1957727530975513,3.2225334168250486,5.854792230025791
2025-06-12 11:00:00,1.9055885089855884,3.6225083255826536,5.886729547380607
2025-06-12 12:00:00,1.7231052813252588,4.842495046274355,5.722068313821716
2025-06-12 13:00:00,1.672641475022129,3.5445072768094077,6.261730250760477
2025-06-12 14:00:00,1.4318208428617485,3.0565479140200904,5.585601163235494
2025-06-12 15:00:00,1.888464840091224,3.2901840482203375,6.135232531716498
2025-06-12 16:00:00,2.17701808177531,2.01781109967536,6.191539685357113
2025-06-12 17:00:00,3.469902178774235,1.0577268085863472,12.094939772112184
2025-06-12 18:00:00,3.4978671712363463,5.743989407732119e-16,12.146142982747778
2025-06-12 19:00:00,3.8428239730329343,0.0,12.28478017671824
2025-06-12 20:00:00,3.5810081639575913,0.0,12.01606958467707
2025-06-12 21:00:00,2.8784518995691633,0.0,11.896051015882303
2025-06-12 22:00:00,2.622587689392123,0.0,5.145911131587459
2025-06-12 23:00:00,2.28590047367769,0.0,5.180109871283597
2025-06-13 00:00:00,1.4286912013775699,0.0,5.266904306365626
2025-06-13 01:00:00,1.3025270315343218,0.0,4.4862821720328565
2025-06-13 02:00:00,1.169187842588792,0.0,4.944940543794632
2025-06-13 03:00:00,1.4908571505558945,0.0,4.680389513772793
2025-06-13 04:00:00,1.5685022972254528,0.0,5.168289447983607
2025-06-13 05:00:00,1.7576972199400671,0.0,5.218012751401329
2025-06-13 06:00:00,2.3241449416536217,0.0,7.917676195652875
2025-06-13 07:00:00,2.837491936209577,1.0800309482362942,7.78121960541247
2025-06-13 08:00:00,3.048466111887903,2.277256868261321,8.179089060477828
2025-06-13 09:00:00,2.730834316000356,3.3469992946362996,7.960027304902113
2025-06-13 10:00:00,2.12600388613865,3.386538294845098,6.427939998636991
2025-06-13 11:00:00,1.9573065722818703,3.5477719506536456,6.531885916244846
2025-06-13 12:00:00,1.628634773263414,4.430338958226205,6.300213314590467
2025-06-13 13:00:00,1.7065161842801344,4.229274173943122,6.069797221814431
2025-06-13 14:00:00,1.778679309873792,3.3768280676298,6.547672465854793
2025-06-13 15:00:00,1.7098594817190804,3.090234337314576,6.07221608717394
2025-06-13 16:00:00,2.2046188410844283,2.3391236291734807,5.856241832875318
2025-06-13 17:00:00,2.989623392126607,1.0401304160981828,11.79739786906918
2025-06-13 18:00:00,3.578658649595086,4.724034266614947e-16,11.788949531264665
2025-06-13 19:00:00,4.113287772259823,0.0,11.998089075799482
2025-06-13 20:00:00,3.789794743582005,0.0,12.13892604484868
2025-06-13 21:00:00,3.2678285701453915,0.0,11.575452918154225
2025-06-13 22:00:00,2.479171625540279,0.0,4.8653222217297
2025-06-13 23:00:00,1.953830725796171,0.0,5.0638553041842185
2025-06-14 00:00:00,1.6800130363260881,0.0,5.193087880748265
2025-06-14 01:00:00,1.5710496045212405,0.0,4.992223174376053
2025-06-14 02:00:00,1.5149418119133529,0.0,5.073352440148502
2025-06-14 03:00:00,1.7495414134238125,0.0,4.628443277902836
2025-06-14 04:00:00,1.6332342431725877,0.0,4.726463978696742
2025-06-14 05:00:00,1.8097405481564006,0.0,4.981741448814778
2025-06-14 06:00:00,2.16526516474054,0.0,8.153165334556999
2025-06-14 07:00:00,2.8836697836440655,1.2643445353639808,8.069390987654558
2025-06-14 08:00:00,3.185561204473588,1.8625702643963626,7.745352684031385
2025-06-14 09:00:00,2.7706649365806144,3.461768921531234,7.929031401935542
2025-06-14 10:00:00,2.487434504141765,3.681290985294683,6.453551502863043
2025-06-14 11:00:00,1.5619293528151266,4.589999689153453,6.1632774697789685
2025-06-14 12:00:00,1.6184397031289974,3.9208419730660937,5.951240086993078
2025-06-14 13:00:00,1.5672483187392714,4.2942492047884215,5.692248971484106
2025-06-14 14:00:00,1.5511188215918554,3.749777115987659,5.785988664857977
2025-06-14 15:00:00,2.280702947773429,3.451104355448536,6.001977108670222
2025-06-14 16:00:00,2.4098232772997545,1.8822945795150332,6.082784129580002
2025-06-14 17:00:00,3.0417948841970213,0.9841471294444899,12.169669033530468
2025-06-14 18:00:00,3.740992777853712,6.022510511904643e-16,12.116395675316644
2025-06-14 19:00:00,3.699577945084533,0.0,11.888929091319394
2025-06-14 20:00:00,3.62311810338208,0.0,11.846668530182226
2025-06-14 21:00:00,3.250436966494406,0.0,12.614096664686901
2025-06-14 22:00:00,2.325356799688725,0.0,4.8330598034216345
2025-06-14 23:00:00,1.798202014095125,0.0,4.612488891410631
2025-06-15 00:00:00,1.6964824147516226,0.0,4.5083847565842685
2025-06-15 01:00:00,1.7016286637037576,0.0,4.894043333861086
2025-06-15 02:00:00,1.5822752382218663,0.0,5.281995146200049
2025-06-15 03:00:00,1.4592058582284098,0.0,4.827215693197642
2025-06-15 04:00:00,1.5800364509322207,0.0,5.443254362582978
2025-06-15 05:00:00,1.7347691446578448,0.0,4.997815536458433
2025-06-15 06:00:00,2.141722685702891,0.0,8.332867420024023
2025-06-15 07:00:00,2.6215534915409893,1.0304419843978498,7.77268366024173
2025-06-15 08:00:00,2.9072954621794365,2.3205561228543097,7.777334981624063
2025-06-15 09:00:00,2.623044898192917,2.8416786404344516,8.027313710998992
2025-06-15 10:00:00,2.056691392793317,3.9070046464473185,6.144766399903469
2025-06-15 11:00:00,1.8903420080739488,4.023495189969042,5.946312827230214
2025-06-15 12:00:00,1.6619470464842,4.40810616188118,6.087739635204236
2025-06-15 13:00:00,1.8283814693191844,4.578151687169903,6.17654578603507
2025-06-15 14:00:00,1.559917222199752,3.6958517157868784,5.57384829606799
2025-06-15 15:00:00,1.9675388805196383,2.9764396661637766,5.897718765243258
2025-06-15 16:00:00,2.466659059094289,1.948639157709845,5.844395241282073
2025-06-15 17:00:00,3.0648788657688564,1.1052527096886275,11.85896335271374
2025-06-15 18:00:00,3.848748499151138,4.764415426018719e-16,12.122063318555504
2025-06-15 19:00:00,4.116284383891014,0.0,11.84856316932532
2025-06-15 20:00:00,3.7862099564634484,0.0,11.39847670913645
2025-06-15 21:00:00,3.0646050153204256,0.0,11.929044404449703
2025-06-15 22:00:00,2.3660690866454615,0.0,4.680678190622507
2025-06-15 23:00:00,1.7173702036956067,0.0,5.148899594354764
2025-06-16 00:00:00,1.3791659024818088,0.0,5.241709097556116
2025-06-16 01:00:00,1.40728937497573,0.0,4.34755134199299
2025-06-16 02:00:00,1.33613090303328,0.0,4.7677303789879035
2025-06-16 03:00:00,1.5934620533373594,0.0,5.106011907025763
2025-06-16 04:00:00,1.7954512910477207,0.0,4.577337459439531
2025-06-16 05:00:00,1.7191822740447162,0.0,5.2347982631540635
2025-06-16 06:00:00,2.333454868918883,0.0,8.314794960458666
2025-06-16 07:00:00,2.6230992938577975,1.1435310946276236,7.951395309832029
2025-06-16 08:00:00,2.9542652975563435,2.342644154390085,7.767826520144473
2025-06-16 09:00:00,2.6747036099189625,3.2877118296999632,7.306829712357406
2025-06-16 10:00:00,2.3815315078657555,3.664156442063661,6.24420758842833
2025-06-16 11:00:00,1.7556133815345363,4.438706642777622,6.600761093602906
2025-06-16 12:00:00,1.7785067714061815,4.373039064102068,6.5386953595005455
2025-06-16 13:00:00,1.5364044395056071,3.6706468922378144,5.941507944752849
2025-06-16 14:00:00,1.5627274210137327,3.1022441226706303,5.67219725468463
2025-06-16 15:00:00,1.7351280027243732,2.865253581628433,6.25128726789844
2025-06-16 16:00:00,2.457732848747371,1.7954931387741295,5.961939367154392
2025-06-16 17:00:00,3.2372372602716135,1.05865545632215,12.143439517093025
2025-06-16 18:00:00,3.7780966493192176,5.805782033950146e-16,12.090825510989083
2025-06-16 19:00:00,4.335824755825571,0.0,12.027901039253942
2025-06-16 20:00:00,3.95156641005438,0.0,12.308554141044759
2025-06-16 21:00:00,3.056821806370043,0.0,12.319700420709186
2025-06-16 22:00:00,2.3719944878575814,0.0,4.843193694586531
2025-06-16 23:00:00,1.9929877964379685,0.0,4.723066258584073
2025-06-17 00:00:00,1.3743506922106097,0.0,4.250265248134943
2025-06-17 01:00:00,1.6755337495408562,0.0,4.896151591970062
2025-06-17 02:00:00,1.5589667456742327,0.0,4.6720024524466
2025-06-17 03:00:00,1.5659422949629898,0.0,5.1257590756991265
2025-06-17 04:00:00,1.7190001608652918,0.0,4.899239919546371
2025-06-17 05:00:00,2.1138161213994477,0.0,4.931771404910812
2025-06-17 06:00:00,2.3165819563853134,0.0,8.243589828725565
2025-06-17 07:00:00,2.7612599091565464,1.174435145421094,8.119176404010123
2025-06-17 08:00:00,3.2263115666956046,2.4327740248811365,7.964992982019003
2025-06-17 09:00:00,2.923385609194299,2.5103439176919937,8.505927702780578
2025-06-17 10:00:00,2.243100184517231,3.845264800312055,6.22144467489991
2025-06-17 11:00:00,1.858209574909716,3.695683732272735,5.8752417438767575
2025-06-17 12:00:00,1.6560648467410044,4.209888886948405,5.888624020214361
2025-06-17 13:00:00,1.6275344972456842,3.9937917637830287,6.236513908051211
2025-06-17 14:00:00,1.4566779998120902,3.53658036404069,6.060853709513846
2025-06-17 15:00:00,1.6917511009059136,2.675939262448893,5.663652086899806
2025-06-17 16:00:00,2.2866436689027005,2.351251478371677,6.268413851933421
2025-06-17 17:00:00,2.9582437334859852,1.052877825739896,12.377169660059064
2025-06-17 18:00:00,3.640524858742811,5.914165673799278e-16,12.354416660401753
2025-06-17 19:00:00,4.0952066021769085,0.0,12.46282470045434
2025-06-17 20:00:00,3.7117589187351063,0.0,12.620759438867097
2025-06-17 21:00:00,3.132410161829123,0.0,12.518987710596871
2025-06-17 22:00:00,2.2360530914223022,0.0,5.102198534527917
2025-06-17 23:00:00,1.8532869580770237,0.0,4.937471637412708
2025-06-18 00:00:00,1.5881422185361886,0.0,4.451119490899359
2025-06-18 01:00:00,1.5898333722875035,0.0,5.0032603536320135
2025-06-18 02:00:00,1.396040593169509,0.0,5.1557408176735855
2025-06-18 03:00:00,1.5517228162911427,0.0,5.013065871628206
2025-06-18 04:00:00,1.9457842887220191,0.0,4.433533700398275
2025-06-18 05:00:00,1.852751949505743,0.0,4.914013595375878
2025-06-18 06:00:00,2.1869606116358207,0.0,8.193599614657005
2025-06-18 07:00:00,2.75215160638293,1.060890787874505,7.692225489510826
2025-06-18 08:00:00,3.0138301893262427,2.089435299545918,8.04970737357116
2025-06-18 09:00:00,2.7555777896920466,3.116443136305414,8.129488100263774
2025-06-18 10:00:00,2.286543955473314,4.312396294607874,6.335390292307723
2025-06-18 11:00:00,1.640914588070337,3.757881804401141,6.513781617838207
2025-06-18 12:00:00,1.482363138087292,3.8473520191372086,5.8866521812168005
2025-06-18 13:00:00,1.5508622699942123,3.636484814233313,6.055127214537211
2025-06-18 14:00:00,1.6353777819495918,3.9261142227141796,6.064520751767256
2025-06-18 15:00:00,1.8381954008471477,2.9507678544772427,6.19481245781651
2025-06-18 16:00:00,2.393200134291603,2.0411485414315087,6.161220925692404
2025-06-18 17:00:00,3.112106728249817,0.9849526086452833,12.427501668089931
2025-06-18 18:00:00,3.8705104793173652,5.922369963791507e-16,11.30061098093375
2025-06-18 19:00:00,3.9851182455795,0.0,12.125406323466898
2025-06-18 20:00:00,3.7969637729785553,0.0,12.14622330270727
2025-06-18 21:00:00,3.021710925862507,0.0,11.92943123024101
2025-06-18 22:00:00,2.5055129614684137,0.0,4.320797077251324
2025-06-18 23:00:00,1.978892833157019,0.0,4.98170116676791
2025-06-19 00:00:00,1.6299261197514354,0.0,4.7868317711930075
2025-06-19 01:00:00,1.6076095729276565,0.0,5.503386622977117
2025-06-19 02:00:00,1.593037010829867,0.0,5.112587410948362
2025-06-19 03:00:00,1.5127108470355428,0.0,4.761354551751722
2025-06-19 04:00:00,1.6526979947563396,0.0,4.384206498561456
2025-06-19 05:00:00,2.014917978161818,0.0,5.177185304665513
2025-06-19 06:00:00,2.1931274681467685,0.0,8.208844758123094
2025-06-19 07:00:00,2.6839547979827243,0.9556649310503011,7.935266944653938
2025-06-19 08:00:00,3.027218332889772,1.7532983923900645,8.181102644646682
2025-06-19 09:00:00,2.840545000335447,3.213348081347288,7.895518841461006
2025-06-19 10:00:00,2.1676311856851886,4.240665672701683,6.320164582550449
2025-06-19 11:00:00,1.8462172230988667,4.281092534108659,6.297805450731159
2025-06-19 12:00:00,1.6126578932158668,3.6441343481024226,5.508322388579123
2025-06-19 13:00:00,1.2409705382144163,4.814409419652571,5.581442446817666
2025-06-19 14:00:00,1.6272288790641434,4.298212210809534,6.6093845169130585
2025-06-19 15:00:00,1.8995261171488778,2.9713738773728195,6.279658905008127
2025-06-19 16:00:00,2.395708230779616,1.8308171437711096,5.621285698491432
2025-06-19 17:00:00,3.3153416411242764,1.1856233512615675,11.528885988473128
2025-06-19 18:00:00,3.554728716062355,6.052172009527755e-16,12.062331619683036
2025-06-19 19:00:00,3.8763066201827154,0.0,11.657305382438018
2025-06-19 20:00:00,3.345268922435917,0.0,11.904987783622545
2025-06-19 21:00:00,3.030813471151474,0.0,11.985816243119773
2025-06-19 22:00:00,2.3603520698097413,0.0,4.972868483340585
2025-06-19 23:00:00,1.8460367120650272,0.0,5.337961484534747
2025-06-20 00:00:00,1.6662051701970266,0.0,5.550426871737651
2025-06-20 01:00:00,1.6296831319115277,0.0,4.8563246441503525
2025-06-20 02:00:00,1.5164051760377908,0.0,4.660802250859028
2025-06-20 03:00:00,1.4718815003032304,0.0,5.116653846495073
2025-06-20 04:00:00,1.769885560915699,0.0,5.489444034332816
2025-06-20 05:00:00,1.852427959918711,0.0,4.879035453098107
2025-06-20 06:00:00,2.1681981477194188,0.0,8.255107667604264
2025-06-20 07:00:00,2.520778663164571,1.1256994899743753,7.748859322239764
2025-06-20 08:00:00,2.9338064491128653,2.05092584219519,8.006381410430036
2025-06-20 09:00:00,2.89144958937152,3.05991783670078,7.651417315309953
2025-06-20 10:00:00,2.6327279640062526,3.4266503306280858,6.003249618143774
2025-06-20 11:00:00,1.8666731595392845,4.744803635874438,5.96506350638532
2025-06-20 12:00:00,1.511954382082139,4.387012663368323,6.182436869748623
2025-06-20 13:00:00,1.3955177743123048,4.773413617366325,6.533418482606857
2025-06-20 14:00:00,1.7429612118987972,3.485753529229847,5.883331373727197
2025-06-20 15:00:00,1.6584313842185074,2.4772975671336637,5.400081255796293
2025-06-20 16:00:00,2.5023039374138016,2.335944847420711,5.939368833246127
2025-06-20 17:00:00,3.2256112408771234,1.2270764928573115,12.08979528704653
2025-06-20 18:00:00,3.802540378823616,4.394092050131047e-16,12.060570026477022
2025-06-20 19:00:00,3.967050755072624,0.0,11.952773156914423
2025-06-20 20:00:00,3.8218393902158394,0.0,12.446314482238906
2025-06-20 21:00:00,3.12859172674684,0.0,12.040864361960345
2025-06-20 22:00:00,2.3029800266495526,0.0,4.96856112046416
2025-06-20 23:00:00,2.200095136871419,0.0,4.766688161950708
2025-06-21 00:00:00,1.4473016623328852,0.0,4.475986793797642
2025-06-21 01:00:00,1.6169533486284697,0.0,5.0987695808953815
2025-06-21 02:00:00,1.141934524993338,0.0,5.073625369960207
2025-06-21 03:00:00,1.7189440907513491,0.0,4.682200839521548
2025-06-21 04:00:00,1.8362716723978565,0.0,4.986688292134454
2025-06-21 05:00:00,1.8598667069630845,0.0,4.9568445699418655
2025-06-21 06:00:00,2.3747543087678515,0.0,7.8126498426772475
2025-06-21 07:00:00,2.8619932420283885,1.0718361515685177,7.76200678605523
2025-06-21 08:00:00,2.9035860877511093,1.9612839835343368,8.121524501331457
2025-06-21 09:00:00,2.86032139261153,3.1378901808392374,7.932256489534895
2025-06-21 10:00:00,2.169952590093906,3.6625065264508505,5.822701922571673
2025-06-21 11:00:00,1.766118069064064,4.436560224607673,5.741498392278929
2025-06-21 12:00:00,1.7957991808320295,4.034700295071093,5.96100448027124
2025-06-21 13:00:00,1.7194612091599673,3.5702603536914816,6.277345070660931
2025-06-21 14:00:00,1.5542116521355884,4.151356232159179,6.061992022264045
2025-06-21 15:00:00,1.8130873405509915,3.353094254650131,5.928863393407609
2025-06-21 16:00:00,2.322912681834418,2.013216582941799,6.092547127370526
2025-06-21 17:00:00,3.21285043490751,1.1738613497628863,12.409315504400281
2025-06-21 18:00:00,3.587100743717127,5.19070674006898e-16,12.14712421055404
2025-06-21 19:00:00,4.053506901718801,0.0,12.078060294471857
2025-06-21 20:00:00,3.8491253137789614,0.0,12.191558851277966
2025-06-21 21:00:00,3.08971415353363,0.0,11.9525958790433
2025-06-21 22:00:00,2.571208157458381,0.0,5.055220346230857
2025-06-21 23:00:00,1.8768867630916968,0.0,4.853313372836197
2025-06-22 00:00:00,1.4679752291253754,0.0,4.53483400359934
2025-06-22 01:00:00,1.3540035688912049,0.0,5.1028507557162035
2025-06-22 02:00:00,1.657303269540726,0.0,5.104004025330661
2025-06-22 03:00:00,1.4124953912873792,0.0,4.913686112518923
2025-06-22 04:00:00,1.6684228833569281,0.0,5.31074632058053
2025-06-22 05:00:00,1.8446942288251986,0.0,4.78351900374151
2025-06-22 06:00:00,2.133021194090438,0.0,7.468584676440594
2025-06-22 07:00:00,2.686850493213756,1.1950606016608247,7.790865246243441
2025-06-22 08:00:00,3.207434459053328,2.393328240912906,7.537718209234404
2025-06-22 09:00:00,2.808501678190801,2.836446340521249,8.101410906647203
2025-06-22 10:00:00,2.139874609369763,4.0704378778620685,5.774376639088314
2025-06-22 11:00:00,1.9032308507131668,3.564252896702631,6.295406757748733
2025-06-22 12:00:00,1.6048406046110029,4.122551157441975,6.289139640767838
2025-06-22 13:00:00,2.091369515891564,3.521777840649539,5.722507772028561
2025-06-22 14:00:00,1.7029365536542982,3.0990435276034365,5.757567941023406
2025-06-22 15:00:00,1.866030065016193,2.5430845631823322,6.160331895805095
2025-06-22 16:00:00,2.6327563598711343,1.8283980893491432,6.293951934434397
2025-06-22 17:00:00,2.8267990748437595,1.2302076921292084,11.396213816513061
2025-06-22 18:00:00,3.751246484295851,5.284502891134392e-16,12.084501261008867
2025-06-22 19:00:00,4.299164280065568,0.0,11.34072282214702
2025-06-22 20:00:00,3.719668399529854,0.0,11.835445167030372
2025-06-22 21:00:00,2.8429558143803835,0.0,12.328097042368869
2025-06-22 22:00:00,2.360310908267052,0.0,5.902931040025808
2025-06-22 23:00:00,2.1407109946590213,0.0,4.92835284975531
2025-06-23 00:00:00,1.5564640087225783,0.0,4.625865236488987
2025-06-23 01:00:00,1.3747620871341055,0.0,4.84595234767548
2025-06-23 02:00:00,1.4019402463208415,0.0,5.019820906412091
2025-06-23 03:00:00,1.4435184176617377,0.0,4.798927628138337
2025-06-23 04:00:00,1.6701367933077687,0.0,4.722552897206058
2025-06-23 05:00:00,2.056121058834887,0.0,4.8719449980582965
2025-06-23 06:00:00,2.4488021054770632,0.0,8.118673179867573
2025-06-23 07:00:00,2.8466177921036233,0.9539212217960198,7.9491773182830965
2025-06-23 08:00:00,2.800256909188595,2.240009487110081,7.73551915997209
2025-06-23 09:00:00,2.579063169696613,3.321687256043469,7.798981250094262
2025-06-23 10:00:00,2.3712349637568537,3.4787710690113833,5.87584243509887
2025-06-23 11:00:00,1.655610942920929,4.125344039943343,5.700172080724735
2025-06-23 12:00:00,1.592922656189894,3.6736686243178442,5.78785650108367
2025-06-23 13:00:00,1.6188851224828635,4.728145175119874,6.193090800181122
2025-06-23 14:00:00,1.489528878148554,3.172671740280973,5.930903711632353
2025-06-23 15:00:00,1.7694844419223181,2.695286998965143,5.473953912274794
2025-06-23 16:00:00,2.4056340125178957,1.9734166001870916,6.307484609719492
2025-06-23 17:00:00,3.1785020430662945,1.2261872223417125,12.125015945935521
2025-06-23 18:00:00,3.89632627640075,5.572099095590579e-16,11.58506011087584
2025-06-23 19:00:00,4.09105802107899,0.0,11.890386298165831
2025-06-23 20:00:00,3.7481467814326463,0.0,11.762370351282664
2025-06-23 21:00:00,2.9910217580440377,0.0,12.20307171272389
2025-06-23 22:00:00,2.2590625535519635,0.0,4.888504332185703
2025-06-23 23:00:00,1.8459017252657934,0.0,4.978167999834212
2025-06-24 00:00:00,1.5615439070215476,0.0,4.943241674047323
2025-06-24 01:00:00,1.5510840595550845,0.0,4.555959641082382
2025-06-24 02:00:00,1.1897413695389267,0.0,5.421618850387147
2025-06-24 03:00:00,1.4096219040940843,0.0,5.198699017155056
2025-06-24 04:00:00,1.7966332434405927,0.0,4.77578491968504
2025-06-24 05:00:00,1.8672738960647097,0.0,5.057558576298603
2025-06-24 06:00:00,2.0783873165917397,0.0,8.292235374454217
2025-06-24 07:00:00,3.131589142026977,1.1610117695672713,8.016722303827278
2025-06-24 08:00:00,2.9956623633500032,2.4307921766070315,8.467026256000427
2025-06-24 09:00:00,2.8359031406926403,3.337718348230371,8.875355252575341
2025-06-24 10:00:00,2.3511758739815596,3.5685696875970536,5.962163479226585
2025-06-24 11:00:00,1.802292287686835,4.018715310075144,5.825241077087741
2025-06-24 12:00:00,1.5176216570769754,4.828305256213273,5.703177224393783
2025-06-24 13:00:00,1.891513803314828,3.4291137017514486,5.335927613071414
2025-06-24 14:00:00,1.81064885789562,3.0594470166130234,6.374443515434893
2025-06-24 15:00:00,2.0464143722424493,2.6920307757390787,5.893951856981015
2025-06-24 16:00:00,2.5061955509608,2.369728669404365,6.26260672424102
2025-06-24 17:00:00,2.9524568913834335,0.9649462611503117,12.322935651266645
2025-06-24 18:00:00,3.9287279895997274,4.808309520002709e-16,11.675708931020694
2025-06-24 19:00:00,3.873530107161645,0.0,11.720755741576443
2025-06-24 20:00:00,3.779591311906414,0.0,12.523406066835129
2025-06-24 21:00:00,2.8570424852579097,0.0,11.978980455061919
2025-06-24 22:00:00,2.1135697753315137,0.0,4.801913738864389
2025-06-24 23:00:00,1.9702769689131328,0.0,4.686448011528735
2025-06-25 00:00:00,1.3786886791952264,0.0,4.957563265879666
2025-06-25 01:00:00,1.2022153678663923,0.0,5.452368326293483
2025-06-25 02:00:00,1.5858180928397565,0.0,5.205631394528938
2025-06-25 03:00:00,1.845485573991828,0.0,5.054528703893238
2025-06-25 04:00:00,1.8243911494866785,0.0,5.476556283077315
2025-06-25 05:00:00,1.8167939561042379,0.0,5.418732549491152
2025-06-25 06:00:00,2.2922654495617296,0.0,8.100236663216757
2025-06-25 07:00:00,2.911371903304841,1.0424162588699095,8.832835897260841
2025-06-25 08:00:00,3.168322826172454,1.9246647655491995,7.925773053321947
2025-06-25 09:00:00,2.7267226889717744,3.489648872928755,8.329408549147757
2025-06-25 10:00:00,2.2963738179334756,3.6306091871148127,5.882101018487361
2025-06-25 11:00:00,1.9025238286255435,4.723325834394532,6.270854530925826
2025-06-25 12:00:00,1.7098391573920093,3.743496438566026,5.925483844930567
2025-06-25 13:00:00,1.5533010892532468,3.6441256063014276,6.138410494775107
2025-06-25 14:00:00,1.6421551906926457,3.8028087851099404,6.717040772964765
2025-06-25 15:00:00,2.130098641539306,2.759275044919163,6.285555540414382
2025-06-25 16:00:00,2.6011802775695014,1.8874413229906593,6.143052333806955
2025-06-25 17:00:00,3.1745660859530997,0.941996348047265,11.767589162346482
2025-06-25 18:00:00,3.9949648213421254,4.4234129574999e-16,12.056468611350969
2025-06-25 19:00:00,3.942033141529445,0.0,11.697599249527645
2025-06-25 20:00:00,3.9805443094782245,0.0,12.26609290447111
2025-06-25 21:00:00,3.1843282876079275,0.0,12.258563291906952
2025-06-25 22:00:00,2.91035252126083,0.0,4.946109366225923
2025-06-25 23:00:00,1.7436609994977939,0.0,5.499059596065113
2025-06-26 00:00:00,1.3966517814418613,0.0,5.456868820810998
2025-06-26 01:00:00,1.5634101777910654,0.0,5.044893979533786
2025-06-26 02:00:00,1.564311775344544,0.0,5.169653336496342
2025-06-26 03:00:00,1.8199943059604626,0.0,4.823462834617669
2025-06-26 04:00:00,1.5157009082047392,0.0,4.918345841811024
2025-06-26 05:00:00,1.9911294166981715,0.0,4.676597685810928
2025-06-26 06:00:00,2.465308104259487,0.0,7.8564989030837005
2025-06-26 07:00:00,2.883913139620351,0.9050565902359795,7.968683340723257
2025-06-26 08:00:00,2.85585417190857,2.1481247380953716,7.501889826003486
2025-06-26 09:00:00,2.989416867583759,2.747397025041567,8.173044192498837
2025-06-26 10:00:00,2.4756459002721014,3.563798831616441,6.306638481157882
2025-06-26 11:00:00,1.9473692855794196,3.9858094559169137,5.997624679527203
2025-06-26 12:00:00,1.6574098624315277,4.08363012401309,5.1908273824684485
2025-06-26 13:00:00,1.6071787570615925,4.668502228713823,5.924102170675471
2025-06-26 14:00:00,1.6483576086170508,3.724326127464594,5.581984136289756
2025-06-26 15:00:00,2.019241562214044,3.4300807635131765,5.817114290238974
2025-06-26 16:00:00,2.4244224001448154,2.2928100876771915,6.435580890188557
2025-06-26 17:00:00,2.97567575363479,1.0411612692436483,11.269658075139139
2025-06-26 18:00:00,3.5798097141145475,5.187842020162559e-16,11.755091242533792
2025-06-26 19:00:00,3.887194567815564,0.0,12.248870883556467
2025-06-26 20:00:00,3.770418128566235,0.0,11.789422164135402
2025-06-26 21:00:00,3.098907595612314,0.0,11.766470946848422
2025-06-26 22:00:00,2.452000171921954,0.0,5.609721850582258
2025-06-26 23:00:00,1.9976552585470821,0.0,5.1135162180231575
2025-06-27 00:00:00,1.4059554303869306,0.0,5.280290723309593
2025-06-27 01:00:00,1.7204395288127854,0.0,5.148400915362266
2025-06-27 02:00:00,1.464570043340574,0.0,5.0485092174796335
2025-06-27 03:00:00,1.4624594106169835,0.0,5.379207472991637
2025-06-27 04:00:00,1.688315046299537,0.0,5.571603981340186
2025-06-27 05:00:00,1.5799151085378278,0.0,4.494944922616806
2025-06-27 06:00:00,2.1723584860987497,0.0,7.989404793143886
2025-06-27 07:00:00,2.925376884591029,1.042135419736635,7.987040375480472
2025-06-27 08:00:00,2.739390333837901,2.2247682878897654,7.871216829406325
2025-06-27 09:00:00,2.9458891763356023,3.051818721283815,8.29431818884203
2025-06-27 10:00:00,2.5179176455286596,3.2600973908583546,6.077066304755717
2025-06-27 11:00:00,1.8020133069373008,4.439293042083682,6.577641859332834
2025-06-27 12:00:00,1.670529624464131,4.179875452537473,6.330079922788831
2025-06-27 13:00:00,1.741125618282591,4.174080954081734,6.409410731336647
2025-06-27 14:00:00,1.5901495992464294,3.899611390609104,5.6402507340041295
2025-06-27 15:00:00,2.053290120155075,3.1630772399201437,5.758174222794884
2025-06-27 16:00:00,2.3190798529334677,2.308578991322851,5.782892563539068
2025-06-27 17:00:00,3.0313141559377095,0.9848036558482154,12.396935640675135
2025-06-27 18:00:00,3.6171979911899403,4.482995136506147e-16,11.709847114160457
2025-06-27 19:00:00,4.051397085742628,0.0,11.718619695236772
2025-06-27 20:00:00,3.9107936500686495,0.0,11.663593374779833
2025-06-27 21:00:00,3.0753340312600206,0.0,12.825908165663625
2025-06-27 22:00:00,2.229011228941781,0.0,4.957330427100163
2025-06-27 23:00:00,1.7601272651721431,0.0,5.158966404967719
2025-06-28 00:00:00,1.5592434824800436,0.0,4.657814804601439
2025-06-28 01:00:00,1.7772079655701236,0.0,5.287777519975994
2025-06-28 02:00:00,1.5637854172948547,0.0,4.467900012427254
2025-06-28 03:00:00,1.4694389757365218,0.0,4.706299176439867
2025-06-28 04:00:00,1.7308847057272119,0.0,4.7805878301584
2025-06-28 05:00:00,1.8194668435560768,0.0,5.065661461552482
2025-06-28 06:00:00,2.2341958709525565,0.0,7.762075305773842
2025-06-28 07:00:00,2.6344470989329642,0.9580928307435492,8.4571994303287
2025-06-28 08:00:00,3.211270949834171,2.3170271863004746,8.150966961327928
2025-06-28 09:00:00,2.3973718591712796,2.484248137859883,7.793118972174715
2025-06-28 10:00:00,2.4109260406166797,3.552977757864397,6.2992851231205504
2025-06-28 11:00:00,1.7878698669412325,3.7324565044036517,5.882014628618083
2025-06-28 12:00:00,1.5652065996324427,4.547915134985528,5.822869008827967
2025-06-28 13:00:00,1.8271098289726089,3.397954387695881,6.268744694248588
2025-06-28 14:00:00,1.5530483136229498,3.628553844541286,5.264152627233541
2025-06-28 15:00:00,1.8211134189718863,3.208154818881265,6.220445120018613
2025-06-28 16:00:00,2.400193036365139,1.7818563248581116,5.786071561735903
2025-06-28 17:00:00,3.165031607809522,1.2520339849484177,11.785617808904288
2025-06-28 18:00:00,3.670820093494756,4.940975997619339e-16,12.587441080476816
2025-06-28 19:00:00,3.7639211662830245,0.0,11.840636168469057
2025-06-28 20:00:00,3.607243565051552,0.0,12.286774389828718
2025-06-28 21:00:00,3.295151049547273,0.0,12.083773418749507
2025-06-28 22:00:00,2.4309151212989684,0.0,5.114897307604872
2025-06-28 23:00:00,1.9901963810707388,0.0,4.924837322651875
2025-06-29 00:00:00,1.4608403881985068,0.0,4.909185349297131
2025-06-29 01:00:00,1.4016658491349927,0.0,5.458396517048568
2025-06-29 02:00:00,1.7563620848790067,0.0,5.27913802093647
2025-06-29 03:00:00,1.4992446797765477,0.0,4.8500957124196855
2025-06-29 04:00:00,1.5494516287706004,0.0,4.686237157793172
2025-06-29 05:00:00,2.0198129938473897,0.0,4.824657879985801
2025-06-29 06:00:00,2.18258459972708,0.0,8.294448581015235
2025-06-29 07:00:00,2.6890068632211546,0.9896188024532317,8.353607532399922
2025-06-29 08:00:00,3.0015406257997523,2.2099098885875708,8.16648308060478
2025-06-29 09:00:00,2.778293562408856,3.4724684562646466,7.514968720637475
2025-06-29 10:00:00,2.3301888627602714,3.710890820159632,6.226133724158614
2025-06-29 11:00:00,2.1711819710201863,4.785295693606443,6.391073461080871
2025-06-29 12:00:00,1.6771949463030402,3.9560902389321027,6.052066963703411
2025-06-29 13:00:00,1.216554461142317,4.188832394887633,6.5939409166805
2025-06-29 14:00:00,1.7091128189676916,3.427357402336285,5.603708803227333
2025-06-29 15:00:00,1.9288057912495875,2.4732055397900257,6.205442256134092
2025-06-29 16:00:00,2.4262696758557873,2.492324442268885,5.6939335924611
2025-06-29 17:00:00,3.139846596347112,0.9968024699362966,12.317562572539124
2025-06-29 18:00:00,3.7327967176874663,6.060069081312872e-16,12.183858256722308
2025-06-29 19:00:00,3.9921081919050994,0.0,12.540406745028818
2025-06-29 20:00:00,3.829054923649435,0.0,12.149912577212467
2025-06-29 21:00:00,3.02163885149842,0.0,11.878798194581877
2025-06-29 22:00:00,2.277545652582765,0.0,4.8526789362736915
2025-06-29 23:00:00,2.376100506408524,0.0,4.924946827696171
2025-06-30 00:00:00,1.3926749527072775,0.0,4.846782787632244
2025-06-30 01:00:00,1.5156119404299946,0.0,5.404132691254186
2025-06-30 02:00:00,1.28037762976639,0.0,5.382691483028517
2025-06-30 03:00:00,1.544943720591923,0.0,4.551029766517295
2025-06-30 04:00:00,1.475973278096269,0.0,5.0115080429247945
2025-06-30 05:00:00,1.7890206974665872,0.0,5.018747455040044
2025-06-30 06:00:00,2.4476983534228562,0.0,7.765611415459806
2025-06-30 07:00:00,2.849017400043965,0.9916085461140417,8.131474997622153
2025-06-30 08:00:00,3.085265051883441,2.1295253026742325,8.438255251348401
2025-06-30 09:00:00,2.5125723210368496,3.1638123389780244,8.26754269518598
2025-06-30 10:00:00,2.566781436049141,3.872077473743749,6.404120516682601
2025-06-30 11:00:00,1.6786494109695818,4.662565148305336,5.784459645739302
2025-06-30 12:00:00,1.8560418314942644,4.935568778390236,6.01095233183
2025-06-30 13:00:00,1.72649413545216,4.6581304027274975,5.770305696220157
2025-06-30 14:00:00,1.7467678887206595,3.825937215322056,6.07182902117417
2025-06-30 15:00:00,1.7948760749398904,2.6855509152205888,6.098835272732174
2025-06-30 16:00:00,2.442490648925997,2.45068163673402,6.287951401620272
2025-06-30 17:00:00,3.0323162883409576,0.9710158537549871,12.394047556154087
2025-06-30 18:00:00,3.74145439656448,4.551603644890618e-16,12.206693149183728
2025-06-30 19:00:00,3.9625191670005737,0.0,11.741949041147736
2025-06-30 20:00:00,3.431306716197956,0.0,11.594348185702735
2025-06-30 21:00:00,3.2712185937252833,0.0,12.156006009211598
2025-06-30 22:00:00,2.4075325294462373,0.0,5.450156332658364
2025-06-30 23:00:00,1.84981322858983,0.0,4.992562436879528
2025-07-01 00:00:00,1.4160044843499975,0.0,4.541781931360094
2025-07-01 01:00:00,1.5543594400159984,0.0,5.625426787012405
2025-07-01 02:00:00,1.3706632166535242,0.0,5.146821365048433
2025-07-01 03:00:00,1.1891971245631032,0.0,5.051342454814738
2025-07-01 04:00:00,1.6770265811809106,0.0,4.649608654698087
2025-07-01 05:00:00,1.933257088587612,0.0,5.004864866868636
2025-07-01 06:00:00,2.2609938798555427,0.0,8.206065248658666
2025-07-01 07:00:00,2.606030533508753,0.9114087793815091,8.150906216166064
2025-07-01 08:00:00,3.0133439543306104,2.3257556474290917,7.79603386155427
2025-07-01 09:00:00,2.5585731915485908,3.5062550425198404,7.98288041511275
2025-07-01 10:00:00,2.13716257107164,3.8745899506753694,5.81519798938897
2025-07-01 11:00:00,1.7448269171352389,4.221322510138419,6.499248474868918
2025-07-01 12:00:00,1.753348569983918,4.845496760080835,6.268462193590834
2025-07-01 13:00:00,1.5188709129893994,3.737334786654216,5.842699539420107
2025-07-01 14:00:00,1.5929880156864884,3.106780938125037,5.6494591023434895
2025-07-01 15:00:00,2.2163276693878347,3.0054805536673865,6.0833445246693785
2025-07-01 16:00:00,2.4726215467813755,1.9386190630657574,5.852154783084817
2025-07-01 17:00:00,3.15380367650891,1.0772981836628577,11.874508000889218
2025-07-01 18:00:00,3.6816433490573703,5.106974539453595e-16,11.659435759931867
2025-07-01 19:00:00,3.910544255717891,0.0,11.696577382643477
2025-07-01 20:00:00,3.4091373261812445,0.0,12.048801045768158
2025-07-01 21:00:00,3.2482620508661286,0.0,11.919936465647393
2025-07-01 22:00:00,2.4869450587920983,0.0,5.748954315806208
2025-07-01 23:00:00,1.8956583895331536,0.0,5.178276029800344
2025-07-02 00:00:00,1.479469563999024,0.0,4.654491445576396
2025-07-02 01:00:00,1.6110121429001414,0.0,4.539309127094866
2025-07-02 02:00:00,1.2715201564357173,0.0,5.11945141659743
2025-07-02 03:00:00,1.4389912586011389,0.0,4.880939871581895
2025-07-02 04:00:00,1.4455116812657898,0.0,5.399442484851397
2025-07-02 05:00:00,2.1211180312671005,0.0,5.084559151537982
2025-07-02 06:00:00,2.4222869833351828,0.0,7.4052439070917
2025-07-02 07:00:00,2.4478120686169493,1.229998227980532,7.69417271047474
2025-07-02 08:00:00,2.7729393792012216,2.361507071319688,7.797415383197861
2025-07-02 09:00:00,2.7584011957920063,3.2920485146511713,8.132611081510472
2025-07-02 10:00:00,2.2203811287639255,3.8140017421523797,5.684174271045376
2025-07-02 11:00:00,1.6587742763993298,4.410943853999372,6.045845278187573
2025-07-02 12:00:00,1.918472044997758,4.5889349287088415,5.5991550536362755
2025-07-02 13:00:00,1.6201435426523239,4.650218017946719,6.001855625693536
2025-07-02 14:00:00,1.731390425882421,3.966193004280282,6.111007795334464
2025-07-02 15:00:00,1.8193215496913155,3.2427311986209655,6.438453095207388
2025-07-02 16:00:00,2.528093294279769,2.343466834601685,6.0736726270815495
2025-07-02 17:00:00,3.0458895857903845,1.1172853919160992,11.754979522724765
2025-07-02 18:00:00,3.6945969847825615,4.658519571928035e-16,12.447901526087447
2025-07-02 19:00:00,4.091650299837196,0.0,11.945046589137661
2025-07-02 20:00:00,3.492748657424772,0.0,12.232070030430434
2025-07-02 21:00:00,3.3425051500552425,0.0,11.816131268648956
2025-07-02 22:00:00,2.447056985137223,0.0,5.027233477967724
2025-07-02 23:00:00,2.1146749198322294,0.0,4.7596196196266165
2025-07-03 00:00:00,1.3387406057816398,0.0,5.096677986604763
2025-07-03 01:00:00,1.3621157349567543,0.0,5.241148428549085
2025-07-03 02:00:00,1.3304416341577232,0.0,4.851560217342634
2025-07-03 03:00:00,1.5650181092339357,0.0,4.834697624183998
2025-07-03 04:00:00,1.6258546059874062,0.0,5.107045465539189
2025-07-03 05:00:00,1.7857298660094116,0.0,4.752495209006064
2025-07-03 06:00:00,2.138828274624396,0.0,7.544616893799355
2025-07-03 07:00:00,2.5882265243276277,1.1466567240802683,8.10595892552037
2025-07-03 08:00:00,2.9927310381266192,1.7620124823539722,7.96769084701402
2025-07-03 09:00:00,2.708415029857339,3.0027375806946983,7.961342182567827
2025-07-03 10:00:00,2.18840611172105,3.063345236461344,6.156321124374372
2025-07-03 11:00:00,2.0894950305306046,4.341235216818049,6.198225105729123
2025-07-03 12:00:00,1.6144088576212745,4.880185023413929,5.95169943252384
2025-07-03 13:00:00,1.7637689956439757,4.673060440028576,5.663199178413015
2025-07-03 14:00:00,1.580180150050553,3.282491824945321,5.808423959048656
2025-07-03 15:00:00,1.9598402346459463,3.2469144227896516,6.175489179139617
2025-07-03 16:00:00,2.4114307697646185,2.333549388608132,6.040920799033494
2025-07-03 17:00:00,2.848311153509968,1.2354825403868583,11.835072190272756
2025-07-03 18:00:00,3.951349206778273,4.740285803398466e-16,11.764684054249463
2025-07-03 19:00:00,3.9797269648085454,0.0,12.185346843076777
2025-07-03 20:00:00,3.849061025128761,0.0,11.933504278331384
2025-07-03 21:00:00,2.9901466627083613,0.0,12.22581503363164
2025-07-03 22:00:00,2.394971945691677,0.0,5.263800739231568
2025-07-03 23:00:00,1.7925054345266624,0.0,4.906148074914444
2025-07-04 00:00:00,1.6854533416889717,0.0,5.28489424545083
2025-07-04 01:00:00,1.5473019056785846,0.0,5.04152292633858
2025-07-04 02:00:00,1.5597846963998283,0.0,5.080327471275212
2025-07-04 03:00:00,1.7312010803999567,0.0,4.343375271466413
2025-07-04 04:00:00,1.7894083052345227,0.0,4.708723610502964
2025-07-04 05:00:00,1.9701930193145316,0.0,4.724991690836768
2025-07-04 06:00:00,2.0776795515015682,0.0,7.9044035832789294
2025-07-04 07:00:00,2.6738640968597513,0.9417089733699734,8.034305302296133
2025-07-04 08:00:00,2.849420402795515,1.788741150438979,8.046575097512292
2025-07-04 09:00:00,2.887383100839499,3.4262482071725713,8.085724084037375
2025-07-04 10:00:00,2.316844951837297,3.1927087942884493,5.794516622620149
2025-07-04 11:00:00,1.6488547425662738,3.925570406594231,6.207408889132451
2025-07-04 12:00:00,1.5984460773985005,4.390247629304848,6.5427865330654775
2025-07-04 13:00:00,1.34914570519712,3.6671932590504537,5.894002533765262
2025-07-04 14:00:00,1.6521945042424935,3.305208381189116,5.800899549769905
2025-07-04 15:00:00,1.6748179164780699,2.9528389257145076,5.794400452826738
2025-07-04 16:00:00,2.4990762962107604,2.0094033265184734,6.025640347959148
2025-07-04 17:00:00,3.1596488938427973,1.1620165004037337,11.8422710671161
2025-07-04 18:00:00,4.023290734840718,4.399505726798351e-16,11.480901476075037
2025-07-04 19:00:00,4.127180999288009,0.0,11.562974438264499
2025-07-04 20:00:00,3.673661153810442,0.0,12.306057041840234
2025-07-04 21:00:00,3.225661485068768,0.0,12.384538212037013
2025-07-04 22:00:00,2.210049020786865,0.0,5.479966876387392
2025-07-04 23:00:00,1.7781623979630028,0.0,5.067891331633813
2025-07-05 00:00:00,1.550024949085729,0.0,4.702728347613856
2025-07-05 01:00:00,1.1768530541487943,0.0,4.868595155252845
2025-07-05 02:00:00,1.4991525496576126,0.0,4.552583709506045
2025-07-05 03:00:00,1.3744339645164467,0.0,4.541032403137407
2025-07-05 04:00:00,1.6311531689726588,0.0,5.076578813168818
2025-07-05 05:00:00,1.6937311851869992,0.0,5.161703464822105
2025-07-05 06:00:00,2.354575874175466,0.0,8.587512066717872
2025-07-05 07:00:00,2.7811150783373626,1.0532601528247592,7.975071927144201
2025-07-05 08:00:00,3.2100585107294175,1.920426296021506,7.592649556758319
2025-07-05 09:00:00,2.779263226910872,3.0245459505505115,7.963423884873491
2025-07-05 10:00:00,2.1759507398305695,3.509402720030372,5.91526224026598
2025-07-05 11:00:00,1.8203987292367705,4.496628214348097,5.852630496960466
2025-07-05 12:00:00,1.425122249797675,4.953698110891222,6.103124870242462
2025-07-05 13:00:00,1.6341831437607528,4.11711700661056,5.6356582412681915
2025-07-05 14:00:00,1.7486455144002482,3.5947281873356656,6.039216429847788
2025-07-05 15:00:00,2.2935031975800704,2.820514601969291,6.1954689797158435
2025-07-05 16:00:00,2.326476773612408,2.464101163617256,6.425921331069589
2025-07-05 17:00:00,3.0627853138864087,1.086479082528117,12.093112754710782
2025-07-05 18:00:00,3.650734682172954,4.583656591996863e-16,12.312936135155782
2025-07-05 19:00:00,4.031817061033091,0.0,11.866831187908172
2025-07-05 20:00:00,3.794351872355759,0.0,11.908712917776233
2025-07-05 21:00:00,3.0949447444133185,0.0,12.404354112364693
2025-07-05 22:00:00,2.582647490459596,0.0,4.5885246725108555
2025-07-05 23:00:00,1.829986362951949,0.0,4.879057909326322
2025-07-06 00:00:00,1.6479796764580694,0.0,5.338533892017789
2025-07-06 01:00:00,1.5813651816071457,0.0,4.936666485574246
2025-07-06 02:00:00,1.502922179412853,0.0,4.9143193904386235
2025-07-06 03:00:00,1.480232962220638,0.0,4.920400365030046
2025-07-06 04:00:00,1.9799572745093748,0.0,5.035145532454174
2025-07-06 05:00:00,1.7328403412827769,0.0,5.3258251525757725
2025-07-06 06:00:00,2.33562863010245,0.0,8.277269455496965
2025-07-06 07:00:00,2.665683104250934,0.9396992094494218,8.003437172449688
2025-07-06 08:00:00,3.2678467354904135,2.033768031698009,8.327716570247238
2025-07-06 09:00:00,2.9112769961155096,3.335913689841886,8.10253788899892
2025-07-06 10:00:00,2.1894946787486176,3.530057847939176,6.257736050346249
2025-07-06 11:00:00,1.9343208566255472,3.779997945378185,5.691489157772101
2025-07-06 12:00:00,1.665412067541668,4.886418213194044,6.521565820029919
2025-07-06 13:00:00,1.495768841258726,3.5380493741039882,6.066063916243628
2025-07-06 14:00:00,1.7738926100371835,4.150005226980196,5.175507195804656
2025-07-06 15:00:00,1.9815196007418092,2.5221539289252575,6.4978581520408065
2025-07-06 16:00:00,2.4521069792859613,2.045095851246265,6.0015164793631985
2025-07-06 17:00:00,3.096666543251337,1.14270887059683,11.881351811654582
2025-07-06 18:00:00,3.8017566347286342,4.929732132870784e-16,11.818295080443841
2025-07-06 19:00:00,4.034408155087276,0.0,12.131850560560311
2025-07-06 20:00:00,3.7459622921375697,0.0,11.733483324318813
2025-07-06 21:00:00,3.0067985836794606,0.0,11.82692806119878
2025-07-06 22:00:00,2.6737635390430157,0.0,4.8341365688564935
2025-07-06 23:00:00,1.7649702970128835,0.0,4.912325886889329
2025-07-07 00:00:00,1.5641990021064243,0.0,4.845437525080442
2025-07-07 01:00:00,1.4525543922157682,0.0,5.255844239496459
2025-07-07 02:00:00,1.76865875781509,0.0,5.08131869143931
2025-07-07 03:00:00,1.3919510777506336,0.0,5.117911021503285
2025-07-07 04:00:00,1.5056676214356195,0.0,5.183180664055186
2025-07-07 05:00:00,1.709918929404815,0.0,4.97207171895029
2025-07-07 06:00:00,2.339458411199779,0.0,7.693907201262853
2025-07-07 07:00:00,2.5722583658519578,0.9279437891365001,8.541551743813065
2025-07-07 08:00:00,2.928224348983553,1.890775775903959,8.278260396388823
2025-07-07 09:00:00,2.4553981733674863,3.230269519088649,8.483848104180675
2025-07-07 10:00:00,2.3273103636940027,3.1957311712039624,6.3103615262884345
2025-07-07 11:00:00,1.7823993787974237,3.705663026471196,5.861888578840356
2025-07-07 12:00:00,1.4035491977604067,4.439324874871589,5.29560661850134
2025-07-07 13:00:00,1.7361039660010458,4.400119176722637,5.631271072341677
2025-07-07 14:00:00,1.4640179426952165,3.072397179407289,6.190956614012471
2025-07-07 15:00:00,2.04266534558038,2.5875998667635494,5.96947562419905
2025-07-07 16:00:00,2.3145960486048978,2.0673772315536283,5.874045042325276
2025-07-07 17:00:00,3.3431902066220003,1.1266272238113464,11.251333949504597
2025-07-07 18:00:00,3.8495310416776083,5.077574714020822e-16,11.996061820726716
2025-07-07 19:00:00,3.8487928252323034,0.0,11.67546643492431
2025-07-07 20:00:00,3.599535909352271,0.0,11.782685225770223
2025-07-07 21:00:00,3.1937797518612414,0.0,12.255031229069141
2025-07-07 22:00:00,2.3803418833221164,0.0,4.691257413774797
2025-07-07 23:00:00,1.8971319124619608,0.0,4.719893208388043
2025-07-08 00:00:00,1.6908893985402773,0.0,5.055674098223036
2025-07-08 01:00:00,1.3882871725554897,0.0,5.261708627483992
2025-07-08 02:00:00,1.5184207332240134,0.0,4.879188231377961
2025-07-08 03:00:00,1.6706676273820558,0.0,5.440164621506872
2025-07-08 04:00:00,1.7373247339575093,0.0,4.616399246622452
2025-07-08 05:00:00,1.8314497387659878,0.0,4.563783319817477
2025-07-08 06:00:00,2.247602771429289,0.0,7.538214200514423
2025-07-08 07:00:00,2.5173936454091144,1.279008318609951,7.504344870676871
2025-07-08 08:00:00,2.8415668742974383,1.8736168078469846,8.100964689548034
2025-07-08 09:00:00,2.826006930781839,3.2693647766780205,7.706663204183248
2025-07-08 10:00:00,2.270564832233454,4.062675825788399,5.576942290845234
2025-07-08 11:00:00,1.868670669395797,3.925529643362929,6.113939008540681
2025-07-08 12:00:00,1.7826457507952937,4.388294754085566,6.2471847741572155
2025-07-08 13:00:00,1.3951640891955956,3.9700795008568224,6.31525751907462
2025-07-08 14:00:00,1.62474093211806,3.340625346194372,6.262585339400932
2025-07-08 15:00:00,1.9514304365878303,2.8997273024504233,5.724568960187224
2025-07-08 16:00:00,2.314128181566891,1.8045938896692613,6.082827289334912
2025-07-08 17:00:00,3.317676067026799,1.1693929011887922,12.149061473217728
2025-07-08 18:00:00,3.8733864810806584,5.755648943713366e-16,11.857535026473272
2025-07-08 19:00:00,4.043520004926721,0.0,12.049425631171415
2025-07-08 20:00:00,4.0062330590831055,0.0,11.624514531011496
2025-07-08 21:00:00,2.878116679136074,0.0,11.81171994717174
2025-07-08 22:00:00,2.4185396607627894,0.0,5.111536191676425
2025-07-08 23:00:00,1.9774838338552747,0.0,5.452262796304158
2025-07-09 00:00:00,1.3628703122553742,0.0,5.345431883996552
2025-07-09 01:00:00,1.5456976848336426,0.0,5.198257543320295
2025-07-09 02:00:00,1.3387392933295135,0.0,5.023910011632433
2025-07-09 03:00:00,1.6310570560753477,0.0,4.977430846107405
2025-07-09 04:00:00,1.7746323259190053,0.0,4.565720013833705
2025-07-09 05:00:00,1.896241649063338,0.0,4.749348039833149
2025-07-09 06:00:00,2.0130189812974457,0.0,7.759143543621892
2025-07-09 07:00:00,2.633196936612349,1.092564992455645,8.172427794662195
2025-07-09 08:00:00,3.084710123679192,1.8811028992987113,8.283484331445749
2025-07-09 09:00:00,2.781432843322484,3.3419929830315858,8.22097202585794
2025-07-09 10:00:00,1.8871467679209162,3.4370932511638084,6.354799931420939
2025-07-09 11:00:00,2.043856165191099,3.4931993479955,6.021677265457944
2025-07-09 12:00:00,1.6472561852882595,4.081410182390906,5.705120945221834
2025-07-09 13:00:00,1.4504013559549302,4.168843337512522,5.985020131095223
2025-07-09 14:00:00,1.809411317087957,3.783866818443121,5.782548872870256
2025-07-09 15:00:00,1.8214927901401128,3.326456596422379,6.197357997526829
2025-07-09 16:00:00,2.3164843545624363,2.1337880619066674,5.892273779070782
2025-07-09 17:00:00,3.1567073975897917,0.9824649860613255,11.970440514829663
2025-07-09 18:00:00,4.0042542297250305,4.717705629112193e-16,12.208086668901325
2025-07-09 19:00:00,4.243538082559341,0.0,11.77767171312253
2025-07-09 20:00:00,3.791055017019433,0.0,12.289192975746674
2025-07-09 21:00:00,3.172308819905143,0.0,11.595721094412117
2025-07-09 22:00:00,2.538423442741365,0.0,5.091965290381648
2025-07-09 23:00:00,1.7339857372097631,0.0,4.972730300803218
2025-07-10 00:00:00,1.59667581984726,0.0,5.248202538927194
2025-07-10 01:00:00,1.390479483339454,0.0,4.587687811440804
2025-07-10 02:00:00,1.5524983774171823,0.0,4.540762663162637
2025-07-10 03:00:00,1.4933533141931092,0.0,5.225013315758341
2025-07-10 04:00:00,1.6911383597668015,0.0,4.882723357535244
2025-07-10 05:00:00,1.8731071586450578,0.0,4.972759368869538
2025-07-10 06:00:00,1.8299841129339927,0.0,7.802075251727259
2025-07-10 07:00:00,2.805049721543031,1.2418734449099371,8.273843113948171
2025-07-10 08:00:00,3.0963265660421073,1.9249654722643648,8.089764863123012
2025-07-10 09:00:00,2.845142299046397,3.3917553479440428,8.072199226417114
2025-07-10 10:00:00,2.275859268643502,3.1359717539257344,5.649113859547541
2025-07-10 11:00:00,2.103755861400424,4.742376021913067,6.150451665961321
2025-07-10 12:00:00,1.6734636787184338,3.7043797590290986,5.702336124372756
2025-07-10 13:00:00,1.6389135505839028,3.723369383570518,5.802434091695618
2025-07-10 14:00:00,1.8168417615605428,3.120432452177008,5.5903957005644545
2025-07-10 15:00:00,1.9775127420306375,3.2892112105021356,5.953037557624676
2025-07-10 16:00:00,2.285049509190938,2.459689999037443,6.319341978020193
2025-07-10 17:00:00,2.737203887870743,1.0094713999612002,12.068008496748954
2025-07-10 18:00:00,3.665530325535974,4.828487733003564e-16,11.867453728051048
2025-07-10 19:00:00,4.114141834745575,0.0,12.032743895430357
2025-07-10 20:00:00,3.6841338424711463,0.0,12.031084191640264
2025-07-10 21:00:00,3.2231277269198544,0.0,12.019820605177948
2025-07-10 22:00:00,2.4420078293166827,0.0,5.053200329077947
2025-07-10 23:00:00,2.1157431990544935,0.0,4.688001693816492
2025-07-11 00:00:00,1.4557710632063634,0.0,5.031961508009063
2025-07-11 01:00:00,1.5707327275461365,0.0,4.473425489209883
2025-07-11 02:00:00,1.580609427077999,0.0,5.172687082521193
2025-07-11 03:00:00,1.7527137392288887,0.0,4.669175242426886
2025-07-11 04:00:00,1.3599615147495276,0.0,5.353279349047675
2025-07-11 05:00:00,1.786630397711115,0.0,4.266429120901459
2025-07-11 06:00:00,2.4182160693654633,0.0,8.502327482758014
2025-07-11 07:00:00,3.010100436754051,0.9206422082211803,7.508233796966626
2025-07-11 08:00:00,3.03601435009353,2.315903701494604,7.640019611258861
2025-07-11 09:00:00,2.734347422132406,2.83787125421252,8.089717111382301
2025-07-11 10:00:00,2.404814915875956,3.8501823241340314,6.185614495327374
2025-07-11 11:00:00,1.9877370088956154,4.395534857593622,5.9149843720451845
2025-07-11 12:00:00,1.5728084575500885,4.08109889962421,6.2677818156773615
2025-07-11 13:00:00,1.6228086523815688,3.543184532734019,5.761033724173182
2025-07-11 14:00:00,1.837247066814753,3.488814867750315,5.880092415965388
2025-07-11 15:00:00,2.2066926410673156,3.3558550919450685,5.909376617255289
2025-07-11 16:00:00,2.5311429160883625,1.9730881521824009,5.838481242546525
2025-07-11 17:00:00,3.109575334437525,0.9184465062369905,11.419746427682632
2025-07-11 18:00:00,3.728987184433,5.971809288431415e-16,11.992599880047452
2025-07-11 19:00:00,4.083609489442451,0.0,11.96549785388918
2025-07-11 20:00:00,3.7197473658119,0.0,12.323454829113102
2025-07-11 21:00:00,3.1313970459309535,0.0,11.614216675288832
2025-07-11 22:00:00,2.2610171632490106,0.0,4.808177802779093
2025-07-11 23:00:00,2.1170918679888393,0.0,5.361047367657063
2025-07-12 00:00:00,1.3290258602021607,0.0,5.087986658385305
2025-07-12 01:00:00,1.4357737394930314,0.0,5.164813905846912
2025-07-12 02:00:00,1.5193656565254672,0.0,5.13603008700186
2025-07-12 03:00:00,1.8261214903175056,0.0,5.137361494230366
2025-07-12 04:00:00,1.55255466297182,0.0,5.546314998454305
2025-07-12 05:00:00,1.7554892668000293,0.0,5.027462197394096
2025-07-12 06:00:00,2.2083161159571185,0.0,7.6965970169471785
2025-07-12 07:00:00,3.027050539928951,1.2630872613211386,8.191639245868368
2025-07-12 08:00:00,2.5781515741713146,2.0750522356816314,7.830034497731868
2025-07-12 09:00:00,2.627842344973341,3.260329630339656,7.967018907074513
2025-07-12 10:00:00,2.700940466948722,3.83213847019262,6.111054300526716
2025-07-12 11:00:00,1.9460639186346085,4.0742894476507985,5.753593705434343
2025-07-12 12:00:00,1.4608599669493016,3.5137745574786408,5.84691157565407
2025-07-12 13:00:00,1.566974858228721,4.273337656161137,6.142754571321124
2025-07-12 14:00:00,1.6702861623631367,3.8122823133933776,5.835406508637279
2025-07-12 15:00:00,2.0500425789619885,2.571197594566569,6.292015594797107
2025-07-12 16:00:00,2.695677472626453,2.3144189282756433,5.70415272064121
2025-07-12 17:00:00,3.1612372521295686,1.0721041693515163,11.703142687076529
2025-07-12 18:00:00,3.6561302153867423,4.814073224724809e-16,12.571816759726596
2025-07-12 19:00:00,4.118062672178138,0.0,11.540932067522114
2025-07-12 20:00:00,3.632360387654388,0.0,11.991985041300513
2025-07-12 21:00:00,2.9479503466792405,0.0,12.55544515426887
2025-07-12 22:00:00,2.1557122721351747,0.0,4.991422565630218
2025-07-12 23:00:00,1.6877640293401055,0.0,5.404031200719199
2025-07-13 00:00:00,1.3655867958558217,0.0,5.1957424593215045
2025-07-13 01:00:00,1.3239220384058525,0.0,4.99783943472956
2025-07-13 02:00:00,1.5517121465039028,0.0,4.960806421561138
2025-07-13 03:00:00,1.3475631844606044,0.0,4.364204775757177
2025-07-13 04:00:00,1.1444071653959578,0.0,4.904266502034392
2025-07-13 05:00:00,1.6988048727056688,0.0,5.069665551749358
2025-07-13 06:00:00,2.2201597063989746,0.0,8.069498872907772
2025-07-13 07:00:00,2.687398541606459,1.0063977048159585,8.739757627146169
2025-07-13 08:00:00,3.2279323250935956,2.4030349631076597,8.084287419844852
2025-07-13 09:00:00,2.6862216629022564,2.945777180062203,8.189043596238154
2025-07-13 10:00:00,2.423385680054669,3.771140829757128,6.3494889502229706
2025-07-13 11:00:00,1.8545842176587337,4.322493848381421,6.1621503934583375
2025-07-13 12:00:00,1.6204120004992948,4.734328240305369,5.974185279978993
2025-07-13 13:00:00,1.4479555122277312,3.5146850255111177,5.975643794838179
2025-07-13 14:00:00,1.6513505797158423,3.0896570882480487,5.894803655329116
2025-07-13 15:00:00,1.8083593730415353,3.475429648716191,6.133263308740974
2025-07-13 16:00:00,2.4452558193412544,1.730063716056342,5.948903783706037
2025-07-13 17:00:00,3.0675170550441333,1.162928467089717,12.187480917159482
2025-07-13 18:00:00,3.5954042708599463,5.326873802076779e-16,11.69727380690109
2025-07-13 19:00:00,4.148784156818497,0.0,12.044054537522593
2025-07-13 20:00:00,3.801124364187031,0.0,12.465620196422211
2025-07-13 21:00:00,3.0357415609562577,0.0,11.932612950796555
2025-07-13 22:00:00,2.4415225599839383,0.0,5.5529004880900334
2025-07-13 23:00:00,1.909959910289871,0.0,5.049101434198678
2025-07-14 00:00:00,1.3699149286849714,0.0,4.9830475423562
2025-07-14 01:00:00,1.5111649379141578,0.0,5.03498555069116
2025-07-14 02:00:00,1.411574904176589,0.0,4.9065730267508645
2025-07-14 03:00:00,1.3857333829911949,0.0,4.405833178668076
2025-07-14 04:00:00,1.3725420111596907,0.0,5.264052457466946
2025-07-14 05:00:00,1.801600535863294,0.0,5.657813949184134
2025-07-14 06:00:00,2.3759842524947463,0.0,8.144128781009801
2025-07-14 07:00:00,2.674017061780425,0.9289327193905846,8.162396288406939
2025-07-14 08:00:00,3.378109927020913,2.275622297771991,7.945222194332601
2025-07-14 09:00:00,2.911105894843539,2.658377602456338,8.347336729649193
2025-07-14 10:00:00,2.486896680473861,2.989715119860555,5.988218514462067
2025-07-14 11:00:00,1.976718059421927,3.6963910607597743,6.080166029459069
2025-07-14 12:00:00,1.9046874555909705,4.703535720473179,5.530435059760733
2025-07-14 13:00:00,1.4552122580340556,3.526202634176438,5.841197438926665
2025-07-14 14:00:00,1.2760573696041642,3.1480725653635013,6.110205944454371
2025-07-14 15:00:00,1.8562049508232152,3.2050372931664652,6.272163520375197
2025-07-14 16:00:00,2.503484958535199,2.0209003948553192,6.2804819226388515
2025-07-14 17:00:00,3.1256820456998833,0.9476313403913651,11.526245725404674
2025-07-14 18:00:00,3.778419352483854,4.631151723478392e-16,11.556666067425576
2025-07-14 19:00:00,4.1981365062638885,0.0,12.175241130316564
2025-07-14 20:00:00,3.794406928353192,0.0,11.77595748359855
2025-07-14 21:00:00,3.2227879102162484,0.0,12.268377781812532
2025-07-14 22:00:00,2.278764191650728,0.0,4.510949537275395
2025-07-14 23:00:00,1.7582242351327602,0.0,4.970477016879966
2025-07-15 00:00:00,1.7421706577281357,0.0,4.989728954827065
2025-07-15 01:00:00,1.5157257338330434,0.0,5.144140129100974
2025-07-15 02:00:00,1.4112422898807748,0.0,4.690652001156094
2025-07-15 03:00:00,1.434264284302142,0.0,4.409970781602375
2025-07-15 04:00:00,1.5185886424539308,0.0,5.051381828463705
2025-07-15 05:00:00,1.7490477857372124,0.0,5.157929081763643
2025-07-15 06:00:00,2.098466483166639,0.0,8.30223648878991
2025-07-15 07:00:00,2.5531529044541776,1.0738699356622714,7.892434503984755
2025-07-15 08:00:00,2.970752966549055,2.1666150059976075,8.232704492304634
2025-07-15 09:00:00,2.689314166247569,2.556781932603667,8.145732132466529
2025-07-15 10:00:00,2.4573210533912837,3.7551862456405583,6.396721523314301
2025-07-15 11:00:00,1.9013931056009006,4.1105111641997425,5.983383625186734
2025-07-15 12:00:00,1.666555361361882,4.810324182630804,5.481030209161776
2025-07-15 13:00:00,1.4617944944217693,3.9070160748668576,5.979702097914226
2025-07-15 14:00:00,1.642013715085961,3.9746604595801025,6.026535224538813
2025-07-15 15:00:00,1.9772739576208638,2.747489559435919,6.155458272719549
2025-07-15 16:00:00,2.52718153315997,2.145153699682788,5.540195290097815
2025-07-15 17:00:00,3.0888707259599317,1.2431127338521093,11.906386555557638
2025-07-15 18:00:00,3.8989670277373176,5.337337318540643e-16,12.260431071469384
2025-07-15 19:00:00,4.0011984021995985,0.0,11.96877436418366
2025-07-15 20:00:00,3.8560253599614693,0.0,11.908279685360375
2025-07-15 21:00:00,3.0294731397892227,0.0,12.57189791933505
2025-07-15 22:00:00,2.1478103479433455,0.0,4.678998743950534
2025-07-15 23:00:00,1.962787136717944,0.0,5.3699464129952945
2025-07-16 00:00:00,1.6088521787464565,0.0,5.3063749207622575
2025-07-16 01:00:00,1.5868926033321187,0.0,4.932450061514912
2025-07-16 02:00:00,1.568054666613311,0.0,4.990132834075302
2025-07-16 03:00:00,1.4751854134409617,0.0,4.989062380114351
2025-07-16 04:00:00,1.4949451729828305,0.0,5.054584326903061
2025-07-16 05:00:00,1.9381508792506559,0.0,4.821637592768663
2025-07-16 06:00:00,2.354905765986929,0.0,7.871555532071399
2025-07-16 07:00:00,2.69408110116068,0.945054966953209,7.893432640730657
2025-07-16 08:00:00,3.1664172515760263,1.7367065082985191,7.903010689820335
2025-07-16 09:00:00,2.6458232196134888,3.1782528093417475,7.906773130834379
2025-07-16 10:00:00,2.203718653756133,3.3871330119973257,5.327752563289178
2025-07-16 11:00:00,2.1028953894621125,3.554865050656221,6.0292947263788355
2025-07-16 12:00:00,1.7570450000102715,4.185863100950726,5.84175966595382
2025-07-16 13:00:00,1.5195611596712835,3.7749713912136977,5.4399566740155905
2025-07-16 14:00:00,1.70327508389949,3.4731782989503666,5.894984695526719
2025-07-16 15:00:00,1.9463426287547234,2.7552405061730965,5.8857127565977825
2025-07-16 16:00:00,2.007910092456462,1.719104419050393,6.382573358124741
2025-07-16 17:00:00,2.966983407516679,1.1504210106071624,11.838231012471175
2025-07-16 18:00:00,3.729471468272294,4.4028201708680147e-16,12.200337053962048
2025-07-16 19:00:00,3.9465082843795116,0.0,12.414843601015715
2025-07-16 20:00:00,3.77416367690838,0.0,11.811579387293522
2025-07-16 21:00:00,3.272373318019783,0.0,11.985750837041474
2025-07-16 22:00:00,2.3714682352305525,0.0,5.5186075324729105
2025-07-16 23:00:00,1.7638850690967358,0.0,5.068692846544774
2025-07-17 00:00:00,1.5487813180511194,0.0,5.112124952620678
2025-07-17 01:00:00,1.4515970035258128,0.0,4.877823822809502
2025-07-17 02:00:00,1.4813171422744098,0.0,5.206115249129672
2025-07-17 03:00:00,1.483707400461248,0.0,4.988107215894325
2025-07-17 04:00:00,1.9522327807013171,0.0,4.450369118636042
2025-07-17 05:00:00,1.519285999744397,0.0,4.893430239805155
2025-07-17 06:00:00,2.2326885680872905,0.0,7.645046362934065
2025-07-17 07:00:00,2.7776626109399953,1.180879887633514,8.033672289281764
2025-07-17 08:00:00,2.882832249354801,1.7587651088506555,7.7249482708823365
2025-07-17 09:00:00,2.9132269216148714,2.9058711461556057,8.143438539707743
2025-07-17 10:00:00,2.413235812382735,4.16846961849846,6.013429026280139
2025-07-17 11:00:00,1.8502684148375819,3.535842564964635,5.6255972989263405
2025-07-17 12:00:00,1.5861566460486305,3.722848107609608,5.852238565315895
2025-07-17 13:00:00,1.5564690304201898,4.162195071060649,6.186168810489325
2025-07-17 14:00:00,1.6444499794057859,4.214296053949765,6.34439791074419
2025-07-17 15:00:00,1.9113678378572834,2.8240320660486056,5.72927363061782
2025-07-17 16:00:00,2.391552306975549,2.189893071401374,5.670767851517686
2025-07-17 17:00:00,3.1408218971265454,0.944897465813948,12.585295482090316
2025-07-17 18:00:00,3.850080270562866,5.350654160193424e-16,11.997069616051498
2025-07-17 19:00:00,3.815460983723621,0.0,12.027440680596593
2025-07-17 20:00:00,3.579498707298845,0.0,11.778182683469506
2025-07-17 21:00:00,2.8406732666550667,0.0,12.064566068562115
2025-07-17 22:00:00,2.5496582129822816,0.0,5.514528702962052
2025-07-17 23:00:00,1.960081782493735,0.0,5.07630958065708
2025-07-18 00:00:00,1.575843696664378,0.0,5.3194889747418035
2025-07-18 01:00:00,1.2861657678064629,0.0,5.008695156960898
2025-07-18 02:00:00,1.7724688858297157,0.0,4.692259042812817
2025-07-18 03:00:00,1.4361458221124062,0.0,4.795028999212102
2025-07-18 04:00:00,1.6411879817663577,0.0,4.664659347408551
2025-07-18 05:00:00,1.9835493379958447,0.0,5.065335975076006
2025-07-18 06:00:00,2.142891690187777,0.0,8.367166638095
2025-07-18 07:00:00,2.696267311010354,1.2290993746165502,8.048303282645247
2025-07-18 08:00:00,3.026879389387349,2.1622882316243057,7.90766545441092
2025-07-18 09:00:00,3.206874008115335,2.856363251423738,7.763108074313788
2025-07-18 10:00:00,2.336415872002593,3.514784713191505,6.106633758853552
2025-07-18 11:00:00,2.098385780205471,4.3787136829121005,5.628560384161913
2025-07-18 12:00:00,1.807608681128978,4.643854872033342,5.659769676521083
2025-07-18 13:00:00,1.6284640610291148,4.449405924043426,6.270048980292175
2025-07-18 14:00:00,1.5117886117083557,3.6116465723128868,5.9166794812978205
2025-07-18 15:00:00,2.082086833698883,2.8043119110283925,5.910763742094995
2025-07-18 16:00:00,2.1950356209558617,2.4040976528305658,5.949280195106176
2025-07-18 17:00:00,3.3430857684892503,1.1262876239362256,12.217761320023781
2025-07-18 18:00:00,3.7670992570714246,5.166616865556104e-16,12.04965080190731
2025-07-18 19:00:00,3.602466473768681,0.0,11.777075567500226
2025-07-18 20:00:00,3.6860223779290413,0.0,11.78787233491545
2025-07-18 21:00:00,3.2010431442160363,0.0,11.94146675674589
2025-07-18 22:00:00,2.3841450219726767,0.0,5.090665922808093
2025-07-18 23:00:00,2.0297841601642017,0.0,4.989347016950623
2025-07-19 00:00:00,1.372549944117618,0.0,4.962652944148075
2025-07-19 01:00:00,1.304693147642842,0.0,5.013885067718042
2025-07-19 02:00:00,1.4940098569405542,0.0,4.989132678471745
2025-07-19 03:00:00,1.532208308427697,0.0,4.765885129230819
2025-07-19 04:00:00,1.5636994580403212,0.0,5.332115273701633
2025-07-19 05:00:00,2.0394853108904174,0.0,4.85530656344245
2025-07-19 06:00:00,2.163407547286329,0.0,8.038766165205217
2025-07-19 07:00:00,2.8251908058871065,0.9193745634892894,7.38189942618849
2025-07-19 08:00:00,3.0101991188717614,1.918395143077278,7.935447713582506
2025-07-19 09:00:00,2.5447456539752165,3.3117544423499887,7.670123250976091
2025-07-19 10:00:00,2.0933926330245125,4.149398838198931,5.706293469090213
2025-07-19 11:00:00,1.8592182600481577,3.9019195920642415,6.726655784090035
2025-07-19 12:00:00,1.9239377091532293,3.6980400375032247,6.074857770189258
2025-07-19 13:00:00,1.6601530273397584,3.894006778927502,6.36780665341466
2025-07-19 14:00:00,1.4013227536812625,3.5367073568074128,6.256591074996236
2025-07-19 15:00:00,1.456550582308247,2.9533446190730652,6.294972864599419
2025-07-19 16:00:00,2.5297102111537257,1.9088312283143172,5.94027850152207
2025-07-19 17:00:00,3.0885224774984565,1.0025863544490796,12.481920603573458
2025-07-19 18:00:00,3.908288356265242,5.358798730052558e-16,12.254006189572948
2025-07-19 19:00:00,3.8678923177566915,0.0,12.012400485540692
2025-07-19 20:00:00,3.789630166862596,0.0,12.078986887337283
2025-07-19 21:00:00,3.2298769905317744,0.0,11.95898027506125
2025-07-19 22:00:00,2.3525790571976692,0.0,5.015671755459913
2025-07-19 23:00:00,1.8586204529805057,0.0,4.986919779473977
2025-07-20 00:00:00,1.503842993939221,0.0,5.114460089370947
2025-07-20 01:00:00,1.5819919555450326,0.0,5.521992140423139
2025-07-20 02:00:00,1.5025765667209086,0.0,4.638435764912379
2025-07-20 03:00:00,1.6735729089981328,0.0,5.342706429052642
2025-07-20 04:00:00,1.5466668323096149,0.0,4.889529654886619
2025-07-20 05:00:00,1.6561323580746223,0.0,5.3808989444794415
2025-07-20 06:00:00,2.5874849587741644,0.0,7.899966391095752
2025-07-20 07:00:00,2.687520904305887,1.2014246268628803,8.123826102962076
2025-07-20 08:00:00,2.9147373106395555,1.8227179453453428,7.952346725361391
2025-07-20 09:00:00,2.7683825486348015,3.025542314227425,7.4808223629865225
2025-07-20 10:00:00,2.3013243270228863,3.459481391883722,6.521693062888196
2025-07-20 11:00:00,1.7994290612376207,4.685648723357012,5.71717391594341
2025-07-20 12:00:00,1.6241426248078332,4.4645058911067625,6.025164858346895
2025-07-20 13:00:00,1.5672982208407107,3.308897269715965,5.684273464147478
2025-07-20 14:00:00,1.6863908765060784,4.015842515466772,5.5988995045537635
2025-07-20 15:00:00,1.5695006732280503,3.1380690819507437,5.93851804809326
2025-07-20 16:00:00,2.701883618254246,2.115022737097202,5.821946621378919
2025-07-20 17:00:00,3.0808612529075026,0.9719429011235865,11.649355493608072
2025-07-20 18:00:00,3.824191853755734,4.443535980838449e-16,11.989370215581845
2025-07-20 19:00:00,3.793284804633304,0.0,11.55542798307065
2025-07-20 20:00:00,3.6664482529964295,0.0,12.037642139524356
2025-07-20 21:00:00,3.002103591129533,0.0,11.961801954300755
2025-07-20 22:00:00,2.640157167604923,0.0,4.255878189649617
2025-07-20 23:00:00,1.8346612474897832,0.0,4.843067029085047
2025-07-21 00:00:00,1.6137655673154763,0.0,5.140523003068026
2025-07-21 01:00:00,1.4030274356600039,0.0,4.680936234513044
2025-07-21 02:00:00,1.4368338264496034,0.0,5.153537658330743
2025-07-21 03:00:00,1.4906409335541069,0.0,5.129803762974073
2025-07-21 04:00:00,1.8085338797240644,0.0,4.6946835719143385
2025-07-21 05:00:00,1.5719137400395709,0.0,4.996315309008205
2025-07-21 06:00:00,2.0935891202660226,0.0,8.247497325004296
2025-07-21 07:00:00,2.4861201899337813,1.1724040291722788,7.737073330861845
2025-07-21 08:00:00,2.836878305233,1.7856930440940924,7.938256832725614
2025-07-21 09:00:00,2.656513039116813,2.9809376470219484,8.345071735394342
2025-07-21 10:00:00,2.0490749724612307,3.6982241675902303,5.742710380572237
2025-07-21 11:00:00,1.7473094456186626,3.319353973583269,6.137747485740635
2025-07-21 12:00:00,1.3245505372101722,3.456700577568403,5.676242667512318
2025-07-21 13:00:00,1.4205642469897848,3.72258561806193,5.951711429041498
2025-07-21 14:00:00,1.8402310374394875,3.7176787188734965,6.1340180143721685
2025-07-21 15:00:00,1.9836620026183132,3.400208824560601,5.278641963018988
2025-07-21 16:00:00,2.447872323028948,1.7683237116111847,5.83970307566441
2025-07-21 17:00:00,2.952537716495819,1.1465874295539689,12.128799578155913
2025-07-21 18:00:00,3.506685716981978,5.406610583603412e-16,12.06775323275952
2025-07-21 19:00:00,3.8291265945332653,0.0,11.843286484608862
2025-07-21 20:00:00,3.730616818149415,0.0,11.668625398325648
2025-07-21 21:00:00,3.2331774880365955,0.0,12.188539464658273
2025-07-21 22:00:00,2.5550537154989397,0.0,4.903277978743455
2025-07-21 23:00:00,2.0171251428876653,0.0,5.163604160488702
2025-07-22 00:00:00,1.3894200396642709,0.0,5.114066940655253
2025-07-22 01:00:00,1.5042729784215814,0.0,4.865774514329454
2025-07-22 02:00:00,1.4565252878921082,0.0,5.321768522898395
2025-07-22 03:00:00,1.4972949938099973,0.0,4.821716716989152
2025-07-22 04:00:00,1.9215262952436412,0.0,5.357136192245571
2025-07-22 05:00:00,1.591091603343547,0.0,5.396387759164259
2025-07-22 06:00:00,2.2557371311688486,0.0,8.315034402347067
2025-07-22 07:00:00,2.9599783008666773,1.1349134293888363,7.945831653990111
2025-07-22 08:00:00,2.780119898942187,1.9481459660249885,8.764123743310396
2025-07-22 09:00:00,2.6816909330056915,3.0810371787524016,8.045553337726773
2025-07-22 10:00:00,2.2118913859396434,3.4627007046538267,6.072316943653938
2025-07-22 11:00:00,1.8239381493027653,3.294947308950542,5.993381596428567
2025-07-22 12:00:00,1.387364135409252,3.7348327899223728,5.661070056883097
2025-07-22 13:00:00,1.6625554646056429,3.3418642418792324,6.388521971215429
2025-07-22 14:00:00,1.760111069829929,3.481644931145641,5.8282789711008185
2025-07-22 15:00:00,1.99938009082884,3.267836374352441,6.275883307811194
2025-07-22 16:00:00,2.2891961210594065,2.2363838636568754,6.347865932495563
2025-07-22 17:00:00,3.1159311185557805,1.1768283779600641,12.180996414164786
2025-07-22 18:00:00,3.602182424903323,5.600980507474027e-16,11.792409217230508
2025-07-22 19:00:00,3.9501105067476807,0.0,11.897676523346345
2025-07-22 20:00:00,4.060118481259449,0.0,11.196877145795604
2025-07-22 21:00:00,3.1173052777170334,0.0,11.965059703090022
2025-07-22 22:00:00,2.2415696165305654,0.0,5.240813056309995
2025-07-22 23:00:00,1.9495835896147526,0.0,4.928748476275423
2025-07-23 00:00:00,1.2972841803649662,0.0,4.822975912322802
2025-07-23 01:00:00,1.3207389446837314,0.0,4.91067592276715
2025-07-23 02:00:00,1.3485581970053766,0.0,5.364609791095705
2025-07-23 03:00:00,1.4608270405048573,0.0,4.983690293331961
2025-07-23 04:00:00,1.7565024600380494,0.0,5.5573748529225835
2025-07-23 05:00:00,1.9421513685966145,0.0,4.828779948534583
2025-07-23 06:00:00,2.3693879527942867,0.0,8.065169535539379
2025-07-23 07:00:00,2.6133772799486725,0.9699762138130182,7.869979422311892
2025-07-23 08:00:00,2.9188064698818703,2.0534110150687206,8.622345924127396
2025-07-23 09:00:00,2.8190532128281074,2.899104080598646,8.053911593392808
2025-07-23 10:00:00,2.1969991627665273,3.2757136962028213,6.638422841160354
2025-07-23 11:00:00,1.8156766415656982,3.7839625031059714,5.873961733529304
2025-07-23 12:00:00,1.692961513229677,3.661453082199036,6.458273752756519
2025-07-23 13:00:00,1.5209466533747416,4.076553078389795,6.0354010116820485
2025-07-23 14:00:00,1.6940769158182611,4.086625611602927,6.250996678363679
2025-07-23 15:00:00,2.162033060479083,2.7236954906191078,5.634086706627285
2025-07-23 16:00:00,2.393973352355019,2.0650906522342956,6.104524184762792
2025-07-23 17:00:00,3.2798551713955675,1.2020804497771023,11.67926386860279
2025-07-23 18:00:00,3.82100397093479,4.959103748062512e-16,12.077128920211509
2025-07-23 19:00:00,3.7799137068403925,0.0,11.544482984088553
2025-07-23 20:00:00,3.5717777377942888,0.0,11.971775094128573
2025-07-23 21:00:00,2.977911588617111,0.0,12.328683611138011
2025-07-23 22:00:00,2.291473365388724,0.0,5.164266163698262
2025-07-23 23:00:00,1.9089898265991434,0.0,4.629814985122735
2025-07-24 00:00:00,1.5922501764867358,0.0,4.430484085148871
2025-07-24 01:00:00,1.6888642660666917,0.0,5.149083374138231
2025-07-24 02:00:00,1.5509529307064573,0.0,5.474359638607524
2025-07-24 03:00:00,1.4606215249262282,0.0,4.71081618893895
2025-07-24 04:00:00,1.3036209241551882,0.0,5.629221223452909
2025-07-24 05:00:00,1.8659800752066895,0.0,4.9980520135493
2025-07-24 06:00:00,2.2948041826114363,0.0,7.41239193989769
2025-07-24 07:00:00,2.8056552778180976,1.2126900845897293,7.5317358929859495
2025-07-24 08:00:00,3.3159396678527178,2.073300680189881,8.230984744811424
2025-07-24 09:00:00,2.9643425287245897,2.6775816116813567,8.03887041225051
2025-07-24 10:00:00,2.409006298312287,3.147650544316875,6.444666289737979
2025-07-24 11:00:00,1.713120038100123,3.6503786800324316,5.640562569990545
2025-07-24 12:00:00,1.5498084969706731,4.517664612225328,6.035548439449133
2025-07-24 13:00:00,1.5590358645156615,3.724664961680661,6.002028318416507
2025-07-24 14:00:00,1.5438569088514045,3.8042781911995576,5.957095643082828
2025-07-24 15:00:00,1.9981934708239155,2.593908672787062,5.885217831405902
2025-07-24 16:00:00,2.4732884995854243,2.0396751041937167,5.891190187338456
2025-07-24 17:00:00,2.9397083309794825,1.0083527006082145,12.052393747284112
2025-07-24 18:00:00,3.916620967203105,5.040373539826674e-16,12.090774308351465
2025-07-24 19:00:00,4.0153465559347365,0.0,12.075771855030974
2025-07-24 20:00:00,3.4777376201724794,0.0,12.361796252672136
2025-07-24 21:00:00,3.0952495423258495,0.0,11.639616446313385
2025-07-24 22:00:00,2.4618795713170774,0.0,4.45649493964858
2025-07-24 23:00:00,2.0684521427305267,0.0,5.305089516316359
2025-07-25 00:00:00,1.44943210880547,0.0,4.7169424877273025
2025-07-25 01:00:00,1.6247812436780642,0.0,4.886157254415447
2025-07-25 02:00:00,1.5327979654132275,0.0,4.816370108035167
2025-07-25 03:00:00,1.330215266978573,0.0,4.8099463033724685
2025-07-25 04:00:00,1.4036820946772923,0.0,4.562520788532523
2025-07-25 05:00:00,2.023775619416491,0.0,4.8291417236795855
2025-07-25 06:00:00,2.470336280314453,0.0,8.194799333683859
2025-07-25 07:00:00,2.8266523493479623,1.0035321597916746,7.998820568117007
2025-07-25 08:00:00,3.224359631374222,1.9721318306185553,8.151352138552074
2025-07-25 09:00:00,2.93674452415187,2.961313489174627,7.851175400766546
2025-07-25 10:00:00,2.3937914699967475,3.344028874587029,6.270853797234579
2025-07-25 11:00:00,1.7207348843008123,4.228232420720711,5.84749143739694
2025-07-25 12:00:00,1.8864720220050362,4.3162912774669815,5.3674328098422315
2025-07-25 13:00:00,1.6537077703861778,3.975010128526069,6.094987137877889
2025-07-25 14:00:00,1.6022921612612142,2.9935000497771,6.230215430708604
2025-07-25 15:00:00,1.822883291280353,3.347778636322804,5.832228296274232
2025-07-25 16:00:00,2.458269739430147,1.9872727822489369,6.359761880222524
2025-07-25 17:00:00,2.852295637211918,1.0428373284100403,11.744792343688552
2025-07-25 18:00:00,3.8420494521416155,4.946030342005051e-16,12.2012180438602
2025-07-25 19:00:00,3.8569643836593035,0.0,12.523432782647145
2025-07-25 20:00:00,3.7926895085074603,0.0,12.011019295311465
2025-07-25 21:00:00,3.024707920473871,0.0,11.932055074193093
2025-07-25 22:00:00,2.380035796019936,0.0,4.968298497357781
2025-07-25 23:00:00,1.808996807600406,0.0,5.488488616085539
2025-07-26 00:00:00,1.4758691545973424,0.0,5.1208347721373535
2025-07-26 01:00:00,1.7839974354635864,0.0,5.643260803165601
2025-07-26 02:00:00,1.7124856114549911,0.0,5.083775416383206
2025-07-26 03:00:00,1.5806453015835282,0.0,4.803861002028877
2025-07-26 04:00:00,1.6121629708649265,0.0,4.824947919436037
2025-07-26 05:00:00,1.9820218174980215,0.0,5.018482179647884
2025-07-26 06:00:00,2.460434212673321,0.0,7.3876032152090945
2025-07-26 07:00:00,2.6537432074561247,1.0622433828681552,7.857503048983812
2025-07-26 08:00:00,2.9883877930523877,1.996294197762954,7.864160649785069
2025-07-26 09:00:00,2.504959312360417,3.4015857646263354,8.07193692662566
2025-07-26 10:00:00,2.4597124771139236,3.755017637855228,6.582545466120435
2025-07-26 11:00:00,2.1671852462659915,3.973997819964944,6.016444946522753
2025-07-26 12:00:00,1.6387701030436475,3.9465905311833156,5.42320227386209
2025-07-26 13:00:00,1.2545110368194845,3.70972153498567,5.725827705036911
2025-07-26 14:00:00,1.751501554939512,3.8026140450805563,6.078686358561274
2025-07-26 15:00:00,1.7875104171537857,2.9847320334424707,6.027898427903609
2025-07-26 16:00:00,2.3202497559533994,2.298585498091187,6.487336656693775
2025-07-26 17:00:00,3.196940958406337,1.0796508408702499,12.288023189511412
2025-07-26 18:00:00,3.775281579665595,5.159465163217022e-16,12.279034642133315
2025-07-26 19:00:00,3.926783689562617,0.0,11.934860072354248
2025-07-26 20:00:00,3.6396574472935677,0.0,12.329736310965263
2025-07-26 21:00:00,3.12182637936072,0.0,11.731223062140813
2025-07-26 22:00:00,2.3582787700517867,0.0,5.290488292788121
2025-07-26 23:00:00,1.7561477184747145,0.0,4.91527432905279
2025-07-27 00:00:00,1.4501690920527086,0.0,4.565601978211842
2025-07-27 01:00:00,1.5515293970492607,0.0,5.1779710101844625
2025-07-27 02:00:00,1.4780111473747501,0.0,5.419263085584316
2025-07-27 03:00:00,1.315447168596982,0.0,4.878019438605211
2025-07-27 04:00:00,1.7643168039060002,0.0,5.468828525073038
2025-07-27 05:00:00,1.4445699233525886,0.0,4.503217725703536
2025-07-27 06:00:00,2.223983880302922,0.0,7.640962028967091
2025-07-27 07:00:00,2.6851861966041666,1.1661516801401215,7.955982187474358
2025-07-27 08:00:00,3.02223045487793,2.2648199225331602,7.888770834221692
2025-07-27 09:00:00,2.8625023179660394,2.402466771806246,7.799859984182233
2025-07-27 10:00:00,2.4602618818139446,4.097342231503698,6.040103315645467
2025-07-27 11:00:00,1.750570876608039,3.8709463340145187,5.8414228626508935
2025-07-27 12:00:00,1.7147450599502068,4.66988768920799,5.89230760085918
2025-07-27 13:00:00,1.602635313737156,4.3476702768876,6.083527521105111
2025-07-27 14:00:00,1.403437071175474,4.038473823670984,5.799738935258592
2025-07-27 15:00:00,2.208204830391264,3.2288029647101664,5.968194551604308
2025-07-27 16:00:00,2.2039359031170385,2.38449136297161,5.8063382860921235
2025-07-27 17:00:00,3.1658790907841436,1.1055880923301489,11.638313874971992
2025-07-27 18:00:00,3.7955924524683486,4.52167825094891e-16,12.229110652402111
2025-07-27 19:00:00,4.041345523212769,0.0,12.512338332252604
2025-07-27 20:00:00,3.662911759859576,0.0,12.319371598522174
2025-07-27 21:00:00,3.2270388687486706,0.0,12.099514824558394
2025-07-27 22:00:00,2.185643481837177,0.0,4.80754146717921
2025-07-27 23:00:00,1.912658970214077,0.0,4.9139243827451775
2025-07-28 00:00:00,1.4154723677915937,0.0,5.317106378140199
2025-07-28 01:00:00,1.3989958122509285,0.0,4.315553969892975
2025-07-28 02:00:00,1.569038835515727,0.0,4.891021932681845
2025-07-28 03:00:00,1.6890952397421621,0.0,5.22023477592328
2025-07-28 04:00:00,1.5644687464241394,0.0,4.658515885344649
2025-07-28 05:00:00,1.9724938023829555,0.0,5.127016485273661
2025-07-28 06:00:00,2.2983997533738774,0.0,8.113096781229707
2025-07-28 07:00:00,2.6443061334015527,1.167155464085015,7.563700270921252
2025-07-28 08:00:00,2.9613108092110583,2.2685410046240366,8.02609343304288
2025-07-28 09:00:00,2.7333301631768867,2.6743794722117737,7.814766419599544
2025-07-28 10:00:00,2.1867481736989722,2.9376127794944416,6.12482960276506
2025-07-28 11:00:00,1.9217040469092381,3.8422305581106255,6.200936605767379
2025-07-28 12:00:00,1.6619546375058984,3.6019340994020634,6.119681680131945
2025-07-28 13:00:00,1.3346651008145243,4.380574275500405,6.021777697272929
2025-07-28 14:00:00,1.4124390781670537,3.2328807060827813,6.086661381726771
2025-07-28 15:00:00,1.986826460057011,3.334125120976552,5.647180473325199
2025-07-28 16:00:00,2.2974592078838882,2.3778100252220193,5.990774464841033
2025-07-28 17:00:00,3.148260673202735,1.2073936898641309,11.7610550259834
2025-07-28 18:00:00,3.854238197555065,5.168115068593645e-16,12.309461626046115
2025-07-28 19:00:00,3.809357080252574,0.0,12.204971446794431
2025-07-28 20:00:00,3.5253677039973894,0.0,12.204120405035962
2025-07-28 21:00:00,3.3541157234368892,0.0,12.514047466729194
2025-07-28 22:00:00,2.4724342203730103,0.0,4.901006760559896
2025-07-28 23:00:00,1.8596471900141749,0.0,4.8352977943367454
2025-07-29 00:00:00,1.359962501377523,0.0,4.893919185122767
2025-07-29 01:00:00,1.4240243762248912,0.0,4.519329077648539
2025-07-29 02:00:00,1.3261408169806985,0.0,4.542925063746198
2025-07-29 03:00:00,1.6599852844477982,0.0,5.186330902690433
2025-07-29 04:00:00,1.4994444376587213,0.0,4.581457960722852
2025-07-29 05:00:00,2.019421827126529,0.0,4.677526230496983
2025-07-29 06:00:00,2.230844315591686,0.0,7.969484036868512
2025-07-29 07:00:00,2.6217134372446567,1.001857447498411,7.8763317191787
2025-07-29 08:00:00,2.936058384995148,1.9487164113078863,8.26569570733882
2025-07-29 09:00:00,2.3846280301704166,2.6170097993092845,8.018138391500448
2025-07-29 10:00:00,2.2731318740736883,3.2428743765205312,5.76045939624834
2025-07-29 11:00:00,1.8319137289413392,3.8663310157075097,6.291489902922923
2025-07-29 12:00:00,1.7504691213323798,3.706215474476916,6.218637415451635
2025-07-29 13:00:00,1.29031681635743,3.88265513479165,5.57670496872783
2025-07-29 14:00:00,1.8344479315824895,3.618990353121323,6.07567999339801
2025-07-29 15:00:00,2.046213686325796,3.0906887744283,5.785476963124456
2025-07-29 16:00:00,2.607558706757868,2.1610647470361615,5.77756866215995
2025-07-29 17:00:00,3.0950462935370657,0.9569517598698065,12.560854398393753
2025-07-29 18:00:00,3.8891829859540996,4.1714154354299e-16,12.037281416535537
2025-07-29 19:00:00,3.779313400627372,0.0,11.934738453445815
2025-07-29 20:00:00,3.844055426964497,0.0,12.025485367588686
2025-07-29 21:00:00,2.987276556762603,0.0,12.262272078848788
2025-07-29 22:00:00,2.171988328065201,0.0,4.789518657213967
2025-07-29 23:00:00,1.7539122107905114,0.0,4.8407450091677
2025-07-30 00:00:00,1.5008832400688532,0.0,5.197001437443898
2025-07-30 01:00:00,1.3769456223283427,0.0,4.545083212852889
2025-07-30 02:00:00,1.5611376971520652,0.0,5.2972315522727875
2025-07-30 03:00:00,1.2562378250836073,0.0,4.518446079552932
2025-07-30 04:00:00,1.29689247915729,0.0,4.926269957427377
2025-07-30 05:00:00,2.061249754015625,0.0,4.520350138049798
2025-07-30 06:00:00,2.426508672967403,0.0,7.683124501419697
2025-07-30 07:00:00,2.6208214394001828,0.9731709153864286,8.389300057581487
2025-07-30 08:00:00,2.999553676676637,1.9341122791405698,8.313337362150417
2025-07-30 09:00:00,2.9311791058258274,3.194613933350176,8.345396689933432
2025-07-30 10:00:00,2.35412725181838,3.764866726137464,5.565303514938479
2025-07-30 11:00:00,1.8796650720383847,3.5742752812976724,5.684683152539501
2025-07-30 12:00:00,1.791030821547074,4.361668148059475,6.101961770649339
2025-07-30 13:00:00,1.463655684274754,3.7534811573333986,6.214595247053804
2025-07-30 14:00:00,1.6648447447526518,3.586565004584321,5.760145894470413
2025-07-30 15:00:00,1.920446496332289,2.738596228313424,5.826323585236824
2025-07-30 16:00:00,2.3788378650524122,2.0448173653689463,5.660595706182409
2025-07-30 17:00:00,3.0444836732245735,1.135655917135938,12.497473587174463
2025-07-30 18:00:00,3.74802869651296,5.375878654106763e-16,11.857513260283945
2025-07-30 19:00:00,4.005161130261237,0.0,12.009387691083829
2025-07-30 20:00:00,3.5798341458036385,0.0,12.025093380666789
2025-07-30 21:00:00,3.223220357562662,0.0,12.331686136042142
2025-07-30 22:00:00,2.273240821763703,0.0,4.714260030610277
2025-07-30 23:00:00,1.8897982718330895,0.0,5.350478250267846
2025-07-31 00:00:00,1.4557614983664549,0.0,4.616383785313492
2025-07-31 01:00:00,1.5543060454598656,0.0,5.349716077333317
2025-07-31 02:00:00,1.186861076365095,0.0,4.485410124468576
2025-07-31 03:00:00,1.6611099305736285,0.0,4.968633304439568
2025-07-31 04:00:00,1.5144085585578446,0.0,5.487631166510868
2025-07-31 05:00:00,2.038386133110647,0.0,5.2091768324736965
2025-07-31 06:00:00,2.2192139148797643,0.0,8.126372686592374
2025-07-31 07:00:00,2.7708894269271522,1.1694000036037473,7.685475457512748
2025-07-31 08:00:00,3.2870715292074815,2.184111639959928,7.779559626749493
2025-07-31 09:00:00,2.736652315476579,3.2299976803039607,8.403318746309347
2025-07-31 10:00:00,2.477074643275808,3.8965280170479963,6.141701847377094
2025-07-31 11:00:00,1.863288370445547,3.602582935664335,6.267074774100169
2025-07-31 12:00:00,1.689070533894208,4.753793940030392,6.022138143744222
2025-07-31 13:00:00,1.583756343966643,4.51459133882534,5.915480554795955
2025-07-31 14:00:00,1.787345721397976,3.420378783563682,6.22999848914263
2025-07-31 15:00:00,1.82029405014819,2.4057131995958296,6.0778059103367905
2025-07-31 16:00:00,2.2721448937501907,1.8842346662905163,5.949011999673587
2025-07-31 17:00:00,3.007168071381133,1.1723786551176365,11.57579788303758
2025-07-31 18:00:00,3.7520550172873,5.748093156373922e-16,12.286172489195872
2025-07-31 19:00:00,3.966877188030858,0.0,12.132007893491815
2025-07-31 20:00:00,3.8436395236544936,0.0,11.818121385255644
2025-07-31 21:00:00,3.298660726050823,0.0,12.353775820238415
2025-07-31 22:00:00,2.2733228523433904,0.0,5.073143749719987
2025-07-31 23:00:00,1.8124409697730757,0.0,5.079019651728523
2025-08-01 00:00:00,1.2846176565275345,0.0,5.26516867287345
2025-08-01 01:00:00,1.8051464521748488,0.0,5.20061198609159
2025-08-01 02:00:00,1.550427092265969,0.0,5.088102343739253
2025-08-01 03:00:00,1.5994438063419465,0.0,4.943424483936501
2025-08-01 04:00:00,1.4149258529450122,0.0,5.595099246270359
2025-08-01 05:00:00,1.8552161405430576,0.0,4.779859753740796
2025-08-01 06:00:00,2.3673258512191504,0.0,8.223791551698223
2025-08-01 07:00:00,2.74030231120709,1.08187368061894,7.974842250088302
2025-08-01 08:00:00,3.161359466921177,2.347912568865317,8.13641408823895
2025-08-01 09:00:00,3.1250277156420534,3.1151167708425427,8.370026995511083
2025-08-01 10:00:00,2.1491877365106964,3.6784635618754633,5.906526471909363
2025-08-01 11:00:00,1.7041185207143585,4.237924869023428,6.180550902640099
2025-08-01 12:00:00,1.4950942995208982,4.352434090596059,6.079667184152932
2025-08-01 13:00:00,1.8141924295574106,4.164129621142797,5.807609551716505
2025-08-01 14:00:00,1.81652127500741,3.4941042634956907,6.377429699615762
2025-08-01 15:00:00,1.9027946194071004,2.9239412515271117,6.213356338702167
2025-08-01 16:00:00,2.4252361218632,1.992430667203354,5.869635020546499
2025-08-01 17:00:00,2.980472956008178,1.0068057291643473,12.331078133171424
2025-08-01 18:00:00,3.870602534500164,4.547025279282505e-16,11.75057410497809
2025-08-01 19:00:00,3.9430147322471245,0.0,11.99131972113446
2025-08-01 20:00:00,3.698086811265567,0.0,11.871232849633165
2025-08-01 21:00:00,3.1942694368069837,0.0,12.225393596705997
2025-08-01 22:00:00,2.3914993622161584,0.0,4.856094993340061
2025-08-01 23:00:00,1.8872883894904886,0.0,5.227544935088313
2025-08-02 00:00:00,1.5016398501038237,0.0,5.17833804277671
2025-08-02 01:00:00,1.6198938156299447,0.0,4.887425255776048
2025-08-02 02:00:00,1.75170062872027,0.0,5.54891527743689
2025-08-02 03:00:00,1.6152963931711222,0.0,4.77642960508296
2025-08-02 04:00:00,1.7364542442433093,0.0,4.577295774182971
2025-08-02 05:00:00,1.82541352957892,0.0,5.256829741000606
2025-08-02 06:00:00,2.18476897408188,0.0,7.355177617763762
2025-08-02 07:00:00,2.876313899622521,0.9283748865881375,8.447545047899192
2025-08-02 08:00:00,3.0256897468873034,2.011194903309424,8.03052616295791
2025-08-02 09:00:00,2.5648587494831667,2.9243008710219427,7.571904477558428
2025-08-02 10:00:00,2.2420367170609494,4.02402714122105,5.715460649256789
2025-08-02 11:00:00,1.84499705408863,4.106469827276378,5.509773397345496
2025-08-02 12:00:00,1.5501890292959128,3.3630066948087,6.114864885811063
2025-08-02 13:00:00,1.795522894736256,3.7288540533339103,5.601925748702323
2025-08-02 14:00:00,1.7321438329882899,3.851597843884002,6.150626709208784
2025-08-02 15:00:00,2.129100029759445,2.6088497814043254,5.908552754563928
2025-08-02 16:00:00,2.4592659614508925,2.3172531067028848,5.857390757936372
2025-08-02 17:00:00,3.115162675401448,1.053730644065153,12.152803790058478
2025-08-02 18:00:00,3.596608788197149,4.2254599817800096e-16,12.187053398888427
2025-08-02 19:00:00,4.001789435842893,0.0,12.343740861613636
2025-08-02 20:00:00,3.7390563810351334,0.0,11.809866499130814
2025-08-02 21:00:00,2.8978838884724603,0.0,11.99105716120172
2025-08-02 22:00:00,2.3387694824630825,0.0,4.809401860240577
2025-08-02 23:00:00,1.8740408987377113,0.0,5.048896242664038
2025-08-03 00:00:00,1.5620755008828207,0.0,4.76651309441896
2025-08-03 01:00:00,1.569793020358839,0.0,4.872770980849845
2025-08-03 02:00:00,1.4175288951029144,0.0,4.874299847068682
2025-08-03 03:00:00,1.5978038987154926,0.0,5.088008283208163
2025-08-03 04:00:00,1.5886452712973917,0.0,5.000886490170373
2025-08-03 05:00:00,1.4249486351658454,0.0,5.151890481730616
2025-08-03 06:00:00,2.218233348764456,0.0,7.967901025356224
2025-08-03 07:00:00,2.9400642608086107,0.9377221594130069,7.8260741999571595
2025-08-03 08:00:00,2.747732759703066,1.94140491927273,8.057384869177241
2025-08-03 09:00:00,2.79515672685796,2.4042375338117545,7.724844816982749
2025-08-03 10:00:00,2.5290363427025824,3.922150860660002,6.170747344733806
2025-08-03 11:00:00,1.743339664659291,3.2298617856182954,5.914360443610548
2025-08-03 12:00:00,1.6270800714143374,4.280520946600736,6.06135582290986
2025-08-03 13:00:00,1.3776601169707487,3.5723372047558,6.066007201483578
2025-08-03 14:00:00,1.9042526487024931,3.4521733069501526,6.480463645315662
2025-08-03 15:00:00,1.9106238980266557,2.6234965077140964,6.114475110468834
2025-08-03 16:00:00,2.4267461986221712,1.939168731450531,6.021965685920931
2025-08-03 17:00:00,3.30609956976353,1.0576628716141685,11.792288754041863
2025-08-03 18:00:00,3.8363202200355087,5.16804986959654e-16,12.240715546479151
2025-08-03 19:00:00,3.8686556959888967,0.0,11.918938343876244
2025-08-03 20:00:00,3.6400066035707197,0.0,11.542355956222066
2025-08-03 21:00:00,3.17719066675609,0.0,11.9414735333216
2025-08-03 22:00:00,2.3260804446692007,0.0,5.0574469383104645
2025-08-03 23:00:00,1.6049467916970865,0.0,4.754448290704194
2025-08-04 00:00:00,1.4920674494786008,0.0,4.9645459084670795
2025-08-04 01:00:00,1.2785586043922619,0.0,4.9785551490052695
2025-08-04 02:00:00,1.747168930432254,0.0,4.983227631717254
2025-08-04 03:00:00,1.5539916039986827,0.0,5.370392560914636
2025-08-04 04:00:00,1.480180852188133,0.0,4.606532641644587
2025-08-04 05:00:00,1.7505967766947208,0.0,5.610140737755669
2025-08-04 06:00:00,2.0075290153760994,0.0,7.990149403942637
2025-08-04 07:00:00,2.6132966817701786,1.2116742959929778,8.174063370185738
2025-08-04 08:00:00,3.1524521035783226,1.8288927673352586,8.038350879961357
2025-08-04 09:00:00,3.113020968619488,3.1282886377164565,7.482192928470443
2025-08-04 10:00:00,2.400206637554633,3.480423745428208,5.683026703504237
2025-08-04 11:00:00,1.8436252268177087,3.4316476763471986,5.842717236108663
2025-08-04 12:00:00,1.561963803002097,4.213171442178082,6.2981159454350895
2025-08-04 13:00:00,1.4297881835184825,4.273157404859524,5.584703659275085
2025-08-04 14:00:00,1.9691328623539186,3.557057057270003,5.743278771887676
2025-08-04 15:00:00,1.8948114867964914,3.173208896144972,6.049455252083477
2025-08-04 16:00:00,2.7370966467124442,1.9100944069041066,6.141856934334881
2025-08-04 17:00:00,3.3119824263791955,1.1894373245519958,12.13281626304945
2025-08-04 18:00:00,3.475978996136745,5.167940018294785e-16,11.704798465882885
2025-08-04 19:00:00,3.9001071464995136,0.0,11.520602591942598
2025-08-04 20:00:00,3.6367415235577436,0.0,12.16171789296391
2025-08-04 21:00:00,3.0909740164617343,0.0,12.429937182461918
2025-08-04 22:00:00,2.4106514649615787,0.0,4.896409515387294
2025-08-04 23:00:00,2.371969152824887,0.0,4.65659405465479
2025-08-05 00:00:00,1.3384693881032488,0.0,4.871035903260547
2025-08-05 01:00:00,1.5349359939106417,0.0,5.118218772015419
2025-08-05 02:00:00,1.5972028287678657,0.0,4.93005705296701
2025-08-05 03:00:00,1.5272376576638302,0.0,5.422158092454444
2025-08-05 04:00:00,1.632484197366873,0.0,5.2774912158212866
2025-08-05 05:00:00,1.6986703047481007,0.0,5.055301419861276
2025-08-05 06:00:00,2.3069115827475897,0.0,7.413703130111191
2025-08-05 07:00:00,2.8549258142134097,1.0806220365779744,7.792320911347664
2025-08-05 08:00:00,3.049143710837887,2.245296812088683,7.8355933020963
2025-08-05 09:00:00,2.8637831823824427,3.0295764875758375,7.776015205505602
2025-08-05 10:00:00,2.503138345670224,2.9773775449958477,6.0572463815594775
2025-08-05 11:00:00,1.9979765888980143,3.68209792410593,6.063432624310569
2025-08-05 12:00:00,1.6374519013748001,4.073987188192974,5.497777539553434
2025-08-05 13:00:00,1.397498802772445,4.210784098929869,6.2413794186183456
2025-08-05 14:00:00,1.5701671862462896,3.517145082153488,6.0048371118979
2025-08-05 15:00:00,1.8901791192885353,3.105298615293936,6.107292424052583
2025-08-05 16:00:00,2.4576040469042857,2.238170477154659,6.223447900460557
2025-08-05 17:00:00,3.031204585712777,0.9493957507458725,11.76990908419795
2025-08-05 18:00:00,3.5967384809610334,5.098987133533074e-16,12.377671706794747
2025-08-05 19:00:00,3.821770202495357,0.0,11.957461932873848
2025-08-05 20:00:00,3.4894216283254877,0.0,12.45376416797008
2025-08-05 21:00:00,3.0677083655114097,0.0,11.731820269415648
2025-08-05 22:00:00,2.199248786618096,0.0,5.431473982079267
2025-08-05 23:00:00,1.7724544358915568,0.0,4.728804792689733
2025-08-06 00:00:00,1.4409682883478172,0.0,5.764634385981677
2025-08-06 01:00:00,1.300202907152268,0.0,4.714449870984771
2025-08-06 02:00:00,1.5616894956724996,0.0,5.316976016136618
2025-08-06 03:00:00,1.6385069178750629,0.0,4.891281732892249
2025-08-06 04:00:00,1.5335430577333595,0.0,5.214506715099964
2025-08-06 05:00:00,1.7898375427525886,0.0,4.9878424798623
2025-08-06 06:00:00,2.371553119078049,0.0,7.672630887391186
2025-08-06 07:00:00,2.671116700202052,0.9070188103122167,7.160950952806274
2025-08-06 08:00:00,2.8825935364576236,1.8727677419007966,8.752274988857868
2025-08-06 09:00:00,2.9577278185235727,2.7582649281209806,8.021907267684504
2025-08-06 10:00:00,2.4238753213817072,3.7450040467363594,5.116940976620083
2025-08-06 11:00:00,1.947664107962451,4.309975794118909,6.090782581939472
2025-08-06 12:00:00,1.7656044025592985,3.3677490939606303,6.2068759969589475
2025-08-06 13:00:00,1.2766707467498324,4.250528502683176,5.785475764945801
2025-08-06 14:00:00,1.8632433094719234,3.723727028201163,5.787493638628918
2025-08-06 15:00:00,1.981933109563709,3.2137673119352983,5.994047445888005
2025-08-06 16:00:00,2.571369379803929,2.2765532571189637,6.3607782692286525
2025-08-06 17:00:00,3.1610287668051407,1.1336379492031154,12.029988035946907
2025-08-06 18:00:00,3.74443718454071,4.351291641969803e-16,12.438967591302745
2025-08-06 19:00:00,3.9587036240090994,0.0,12.339365751759072
2025-08-06 20:00:00,3.792169948716748,0.0,11.931364567720948
2025-08-06 21:00:00,3.0561887847419125,0.0,11.528842872242048
2025-08-06 22:00:00,2.5498800179384085,0.0,4.931998748361094
2025-08-06 23:00:00,1.6845647918323357,0.0,5.157944720118506
2025-08-07 00:00:00,1.4188171900053208,0.0,5.017968042913841
2025-08-07 01:00:00,1.8073139908324802,0.0,5.190327449507389
2025-08-07 02:00:00,1.4108145978618363,0.0,5.259025992844916
2025-08-07 03:00:00,1.4916708998746881,0.0,5.159257566024766
2025-08-07 04:00:00,1.483569970697158,0.0,4.917401433784303
2025-08-07 05:00:00,1.9057684898269622,0.0,5.155965042497604
2025-08-07 06:00:00,2.180498920035858,0.0,8.670645269458682
2025-08-07 07:00:00,2.7503743245661965,0.9290954687549539,7.553036131798697
2025-08-07 08:00:00,3.1273336036024784,2.1957286117019392,8.146186240067438
2025-08-07 09:00:00,2.673438533973407,2.8332412974407037,8.54960098551672
2025-08-07 10:00:00,2.4095388284645725,2.942904710702254,5.647623001174668
2025-08-07 11:00:00,1.9807660049449165,3.528349923501385,6.300330027553775
2025-08-07 12:00:00,1.7850011235580787,3.731596254155018,6.340415173369988
2025-08-07 13:00:00,1.594343704792643,3.600380277767722,5.556946153527341
2025-08-07 14:00:00,2.146356838999475,3.9049064386370427,6.213708514325457
2025-08-07 15:00:00,2.08130384655746,2.97422842790982,5.918605229651661
2025-08-07 16:00:00,2.4684838158640927,2.1542678815301888,5.981866261047044
2025-08-07 17:00:00,2.971565837825426,0.8529632530546365,11.902513582434091
2025-08-07 18:00:00,3.722539591957565,4.747793290510066e-16,12.39380672743039
2025-08-07 19:00:00,4.213949052398412,0.0,11.966363693880172
2025-08-07 20:00:00,3.9935284845277574,0.0,11.86100593960481
2025-08-07 21:00:00,3.3247003361436294,0.0,11.866087345997338
2025-08-07 22:00:00,2.5374774489380845,0.0,4.897703013233273
2025-08-07 23:00:00,1.7341842575708297,0.0,4.676139344020839
2025-08-08 00:00:00,1.573127841948313,0.0,4.858359782729157
2025-08-08 01:00:00,1.3143801468530336,0.0,5.035300887411026
2025-08-08 02:00:00,1.2816059883905813,0.0,5.121314425994753
2025-08-08 03:00:00,1.5633472610207955,0.0,5.361211717352842
2025-08-08 04:00:00,1.694437027790132,0.0,5.072293669862527
2025-08-08 05:00:00,1.9908982036662095,0.0,4.857659081120939
2025-08-08 06:00:00,2.365509089615102,0.0,7.696688001855512
2025-08-08 07:00:00,2.857953862648666,0.9188367023272491,8.08834606424198
2025-08-08 08:00:00,2.852305735448361,1.7718371040218397,7.964788765772648
2025-08-08 09:00:00,2.762506544092929,2.7519751968213164,7.974704826795747
2025-08-08 10:00:00,2.0651796427296163,3.9758859172763827,6.07875885514443
2025-08-08 11:00:00,1.5569262382008338,3.9482479437174174,6.155816724373419
2025-08-08 12:00:00,1.7378541158266456,4.156956937693355,6.080920567240941
2025-08-08 13:00:00,1.460293896486293,3.1694678077550478,5.94884456902659
2025-08-08 14:00:00,1.7910427527744155,2.8985261641249727,5.759585458786971
2025-08-08 15:00:00,2.0893759287581535,2.376854872789751,5.8161645693371895
2025-08-08 16:00:00,2.326854573509589,2.2077436550429606,6.254477947537628
2025-08-08 17:00:00,3.1915011641209814,0.9315769534810628,11.872924128480983
2025-08-08 18:00:00,3.63792495154664,4.565674310915944e-16,11.596187162268762
2025-08-08 19:00:00,3.7231181746693838,0.0,12.34787240445367
2025-08-08 20:00:00,3.755594702850186,0.0,11.717286452330754
2025-08-08 21:00:00,3.032319889120231,0.0,12.010574131142107
2025-08-08 22:00:00,2.353685251340572,0.0,5.147348925562835
2025-08-08 23:00:00,2.2188347561919946,0.0,5.000965512661334
2025-08-09 00:00:00,1.2711750218645617,0.0,4.2565586312865396
2025-08-09 01:00:00,1.5580211738667038,0.0,5.117146398982018
2025-08-09 02:00:00,1.3555055818259825,0.0,5.397938975037624
2025-08-09 03:00:00,1.6637126697243083,0.0,5.235959668399957
2025-08-09 04:00:00,1.660721796125929,0.0,4.36280180540136
2025-08-09 05:00:00,1.9122932912711808,0.0,5.638173296900811
2025-08-09 06:00:00,2.1492052109168487,0.0,7.602244534419707
2025-08-09 07:00:00,2.6633777777940053,1.0088699964844556,7.676474162106636
2025-08-09 08:00:00,3.139091199299101,1.9182656004013754,8.234563278061188
2025-08-09 09:00:00,3.0438727050547634,3.1355512101768857,8.135852435267696
2025-08-09 10:00:00,2.3632933331584174,3.476011643398658,6.024100531571943
2025-08-09 11:00:00,1.722818499495148,3.972283033308727,5.829178127341067
2025-08-09 12:00:00,1.677598487719495,3.5414185823385878,6.399257018468945
2025-08-09 13:00:00,1.9373833622055783,3.251532236022089,5.988202244945508
2025-08-09 14:00:00,1.675531399060794,3.659375017249285,5.530254897112634
2025-08-09 15:00:00,2.142399920985188,2.917107215446901,6.369689984993539
2025-08-09 16:00:00,2.308702767327262,2.2104977846166864,6.065785497890152
2025-08-09 17:00:00,3.096641592192228,1.1487034990963425,12.334502012186391
2025-08-09 18:00:00,3.830033241757518,5.069890558445388e-16,12.171764587036748
2025-08-09 19:00:00,4.059599252102837,0.0,12.717486823861707
2025-08-09 20:00:00,3.622139990167143,0.0,11.907008918462331
2025-08-09 21:00:00,2.981523352508005,0.0,12.004827972396365
2025-08-09 22:00:00,2.56794126339404,0.0,5.215949193187938
2025-08-09 23:00:00,2.101265910412687,0.0,4.908862314257988
2025-08-10 00:00:00,1.7268751029927505,0.0,5.240791312649088
2025-08-10 01:00:00,1.7711800760489134,0.0,4.115776080203697
2025-08-10 02:00:00,1.5249195828460846,0.0,4.978165023252297
2025-08-10 03:00:00,1.4807935716994707,0.0,4.969102259400063
2025-08-10 04:00:00,1.8186057515164396,0.0,4.958235435953559
2025-08-10 05:00:00,1.9623520311718268,0.0,4.736921915447466
2025-08-10 06:00:00,2.143570364757049,0.0,8.27183685156389
2025-08-10 07:00:00,2.623170614959417,0.9059446712807353,7.848666552868419
2025-08-10 08:00:00,3.073793153400664,2.1432872684122755,8.060082320021596
2025-08-10 09:00:00,2.751661847573029,2.9849822472293575,7.988850908085693
2025-08-10 10:00:00,2.2872826673636846,3.456059949046443,6.150109262356139
2025-08-10 11:00:00,2.018311612317392,3.349529413472397,6.429288239671166
2025-08-10 12:00:00,1.74061328109794,4.024937339716351,6.05853115656401
2025-08-10 13:00:00,1.7727435428177016,3.2734122649206983,6.252419107914448
2025-08-10 14:00:00,1.3704375614969524,3.2233927582108826,6.043461051551876
2025-08-10 15:00:00,1.9611334796593278,2.6643712401447646,5.848197541822053
2025-08-10 16:00:00,2.52395545056265,2.239855500718221,5.957532739032017
2025-08-10 17:00:00,2.873966621434534,0.9907999047039809,11.914937285573156
2025-08-10 18:00:00,3.6388641146421907,5.000082569706597e-16,12.170448639575861
2025-08-10 19:00:00,3.87392723151407,0.0,12.031995612680754
2025-08-10 20:00:00,3.7403530178428044,0.0,11.7617206252314
2025-08-10 21:00:00,3.347129066381705,0.0,11.933411320766039
2025-08-10 22:00:00,2.7230870136283767,0.0,4.542224990277174
2025-08-10 23:00:00,1.8003901555541733,0.0,4.944619043404875
2025-08-11 00:00:00,1.5790371568484987,0.0,5.000391760371275
2025-08-11 01:00:00,1.5844101813823306,0.0,5.542534460115782
2025-08-11 02:00:00,1.5628705331249073,0.0,5.404535618253343
2025-08-11 03:00:00,1.587320403545095,0.0,4.689777620706085
2025-08-11 04:00:00,1.6615184860673684,0.0,5.060530825799534
2025-08-11 05:00:00,2.1085271570150517,0.0,5.065793094236624
2025-08-11 06:00:00,2.4563086307123965,0.0,7.930868794170563
2025-08-11 07:00:00,2.619192880147514,1.00807967534324,7.949993442535635
2025-08-11 08:00:00,3.1193617853293003,1.8054503612924266,7.893815077012341
2025-08-11 09:00:00,2.912109052972347,3.2609520763611806,8.561812546064992
2025-08-11 10:00:00,2.3384922536475576,3.3148820340934915,5.875144723969817
2025-08-11 11:00:00,2.0271452631862723,3.6280252979070178,6.1022811430797805
2025-08-11 12:00:00,1.65496881449504,3.2886821944242812,5.241290959881249
2025-08-11 13:00:00,1.6033327137163744,3.368878352201637,6.247070515019956
2025-08-11 14:00:00,1.6783540591545139,3.77916202638777,6.355276442175731
2025-08-11 15:00:00,1.6203871792061975,2.765083308171817,5.684390991269813
2025-08-11 16:00:00,2.4076924131171875,2.283050279396845,5.846433974973474
2025-08-11 17:00:00,3.002716913769501,0.8687572391305727,12.135451056037914
2025-08-11 18:00:00,3.5591312641098027,5.015480714311094e-16,12.005838208323734
2025-08-11 19:00:00,4.215102748574336,0.0,12.139910877155767
2025-08-11 20:00:00,3.812729419963986,0.0,11.91382768062757
2025-08-11 21:00:00,3.098476308935913,0.0,12.558979616115456
2025-08-11 22:00:00,2.3349781002632777,0.0,4.799077960358297
2025-08-11 23:00:00,1.9669587262094765,0.0,5.807472413914464
2025-08-12 00:00:00,1.6487689832720895,0.0,5.372577175204741
2025-08-12 01:00:00,1.376545627028942,0.0,5.249634586215297
2025-08-12 02:00:00,1.5040024115562036,0.0,4.68785670969281
2025-08-12 03:00:00,1.6576834331618857,0.0,5.272904715108492
2025-08-12 04:00:00,1.3255569413370498,0.0,5.181181529204185
2025-08-12 05:00:00,1.8467561745332781,0.0,4.364116879198122
2025-08-12 06:00:00,2.2265449479750568,0.0,7.578619907833633
2025-08-12 07:00:00,2.758141486123999,0.9059489603644727,8.107288377924649
2025-08-12 08:00:00,2.924759339741432,1.7764690306539348,7.960010083500257
2025-08-12 09:00:00,2.7988967375767233,2.8901737744943374,7.8450565371347505
2025-08-12 10:00:00,2.579791243638197,2.890638862480395,6.323684758336639
2025-08-12 11:00:00,1.8088432365215803,3.166151376506514,5.734866213474203
2025-08-12 12:00:00,1.6705143607143005,3.319331519923623,5.863427717095182
2025-08-12 13:00:00,1.8724745183163038,3.285469448805565,5.805891063594913
2025-08-12 14:00:00,1.5776656406970742,3.312511593517768,6.1530507773639185
2025-08-12 15:00:00,2.195325094415493,3.0963367200125225,5.484162540053697
2025-08-12 16:00:00,2.4205506231971348,1.8520942517607781,5.850698444444879
2025-08-12 17:00:00,3.3702389338174252,0.9893753904653275,11.483170433801194
2025-08-12 18:00:00,3.8496286295806343,4.974268051055854e-16,11.906137357427431
2025-08-12 19:00:00,4.046066260250771,0.0,12.216914702927255
2025-08-12 20:00:00,3.727253689900829,0.0,12.222268948574133
2025-08-12 21:00:00,3.0093447550957135,0.0,11.78172050016976
2025-08-12 22:00:00,2.4310673354232946,0.0,5.1599965858747785
2025-08-12 23:00:00,2.0571375073681692,0.0,4.944450973326519
2025-08-13 00:00:00,1.498086854624962,0.0,5.408325491923523
2025-08-13 01:00:00,1.4530970828017045,0.0,4.961011141557815
2025-08-13 02:00:00,1.4671092872710292,0.0,4.108085791315034
2025-08-13 03:00:00,1.6763449503716679,0.0,5.268404302613292
2025-08-13 04:00:00,1.7997313289646477,0.0,4.862270240228273
2025-08-13 05:00:00,1.7553190618288332,0.0,4.91774001435517
2025-08-13 06:00:00,2.1906504749400644,0.0,8.100777041672151
2025-08-13 07:00:00,2.835119802737321,0.8673399173220165,7.572587626077579
2025-08-13 08:00:00,3.229133432910806,2.254468478527894,8.022396072463595
2025-08-13 09:00:00,2.950151593042513,3.0353935109274763,8.160349098465655
2025-08-13 10:00:00,2.1034693287478023,2.963293422782351,6.109219256838921
2025-08-13 11:00:00,1.8178202121120837,4.396878632618945,5.820320624689973
2025-08-13 12:00:00,1.4871671761467578,3.3953526095621704,6.297579589056373
2025-08-13 13:00:00,1.533135677267648,3.717671359672008,5.700751215226217
2025-08-13 14:00:00,1.9008294768582605,2.979647706883972,5.8123435102864995
2025-08-13 15:00:00,1.7097336947586952,2.4242967317385644,5.959199569341856
2025-08-13 16:00:00,2.17692237821104,2.2785901482634885,6.088640507781554
2025-08-13 17:00:00,2.978671376922646,1.0381089630502751,11.902637004493203
2025-08-13 18:00:00,3.7801950512250855,4.3829184401847997e-16,12.368576069700477
2025-08-13 19:00:00,4.093113228959521,0.0,12.088585864080345
2025-08-13 20:00:00,3.8027155574130473,0.0,12.022697389109961
2025-08-13 21:00:00,3.2793037815622474,0.0,12.078040847736952
2025-08-13 22:00:00,2.155235763793552,0.0,5.2198717792885105
2025-08-13 23:00:00,2.100783769269006,0.0,5.072232467942305
2025-08-14 00:00:00,1.4532392712675188,0.0,4.457144950055276
2025-08-14 01:00:00,1.6103146500317134,0.0,5.326852659208662
2025-08-14 02:00:00,1.3062128533832145,0.0,5.035902562422829
2025-08-14 03:00:00,1.5282169628855704,0.0,5.205455842166524
2025-08-14 04:00:00,1.6513977262880213,0.0,4.878216942190052
2025-08-14 05:00:00,2.0287542945188513,0.0,4.4519850361739275
2025-08-14 06:00:00,2.0531504601660227,0.0,7.3163271140376995
2025-08-14 07:00:00,2.78282884706749,1.050521826694767,7.716689663192669
2025-08-14 08:00:00,2.8372183295258964,2.2287244599597322,8.155188271057265
2025-08-14 09:00:00,2.8540774534268705,2.7487174945100246,8.389367286489284
2025-08-14 10:00:00,2.4078296410432083,3.4413783890943246,6.090591367582775
2025-08-14 11:00:00,2.050507143987076,3.6645522739372343,5.684331777187751
2025-08-14 12:00:00,1.5465032912039285,4.185302283739107,5.764762756906906
2025-08-14 13:00:00,1.7123465284082555,3.23588168043496,6.408234929595353
2025-08-14 14:00:00,1.8643032155745154,2.8391133079625614,5.606765738837535
2025-08-14 15:00:00,1.6766367465978278,2.894998848797836,6.6305318644543085
2025-08-14 16:00:00,2.5116039102178362,1.973811023486246,6.562811257747389
2025-08-14 17:00:00,3.246731188004702,0.9762941732487856,12.640416620960966
2025-08-14 18:00:00,3.698289502880571,4.495844500524912e-16,12.114210446245334
2025-08-14 19:00:00,3.8183839692346413,0.0,11.897542554720452
2025-08-14 20:00:00,3.8785416556002668,0.0,12.106903879845461
2025-08-14 21:00:00,2.9230246469439316,0.0,12.272575485315583
2025-08-14 22:00:00,2.3929458877520062,0.0,4.804767228262905
2025-08-14 23:00:00,1.9165146798446662,0.0,4.669639028652152
2025-08-15 00:00:00,1.6073842770300624,0.0,4.9148190517908015
2025-08-15 01:00:00,1.4065957696341034,0.0,4.76830766674029
2025-08-15 02:00:00,1.402039114073517,0.0,5.372265943595108
2025-08-15 03:00:00,1.5423107801486764,0.0,4.815071145881205
2025-08-15 04:00:00,1.7669156823426317,0.0,5.028692439979203
2025-08-15 05:00:00,2.198509138992061,0.0,5.2949121561823524
2025-08-15 06:00:00,2.0648164735903713,0.0,8.383952693103751
2025-08-15 07:00:00,2.8255172674552407,0.9281519054715602,8.062567784556416
2025-08-15 08:00:00,2.837023369262074,2.216948766057989,8.115288870983976
2025-08-15 09:00:00,2.9310747332766405,2.980247649668422,7.694902811748958
2025-08-15 10:00:00,2.1504654784784045,3.877179656982604,6.306916994077171
2025-08-15 11:00:00,1.7562343748835145,4.2613093359283125,6.37905697268918
2025-08-15 12:00:00,1.5383670804905851,3.6305407150575015,5.438894078274264
2025-08-15 13:00:00,1.5618327147469664,3.9306861070873613,6.528883746160687
2025-08-15 14:00:00,1.7086476169817635,3.2227064949036928,5.789802159938906
2025-08-15 15:00:00,1.9956790011174248,2.9402627977232436,6.178389266440582
2025-08-15 16:00:00,2.418887040275651,1.8398847530940357,6.023268517444766
2025-08-15 17:00:00,2.903470846571599,0.829113402923396,11.981887246166828
2025-08-15 18:00:00,3.8462663833852146,4.078730482773945e-16,11.938044606516941
2025-08-15 19:00:00,3.9920562063139533,0.0,11.702231000392933
2025-08-15 20:00:00,3.911358510686022,0.0,12.157148403194393
2025-08-15 21:00:00,2.9967901541556046,0.0,11.914186599373295
2025-08-15 22:00:00,2.1793573938259923,0.0,4.607173303602683
2025-08-15 23:00:00,1.9174293881127042,0.0,4.689498593465289
2025-08-16 00:00:00,1.6944464725171022,0.0,4.612266120892585
2025-08-16 01:00:00,1.524731824053391,0.0,4.8426228349093945
2025-08-16 02:00:00,1.4747761975217666,0.0,5.145529792529707
2025-08-16 03:00:00,1.3969214056855948,0.0,4.786664584820336
2025-08-16 04:00:00,1.8796220807017927,0.0,5.2926324670209866
2025-08-16 05:00:00,1.700951249661372,0.0,4.964235656174791
2025-08-16 06:00:00,2.1821295149129516,0.0,7.913178523447589
2025-08-16 07:00:00,2.863721094199857,0.9826581615621802,8.00502962908882
2025-08-16 08:00:00,2.7216005197141993,1.670163213179891,8.418546479526897
2025-08-16 09:00:00,2.96944164660283,2.3776700932283816,7.588598392417308
2025-08-16 10:00:00,2.3848761277073924,3.2362876106356993,6.496910091425743
2025-08-16 11:00:00,1.9923162683825295,4.007396012906315,6.28804803267739
2025-08-16 12:00:00,1.7104752611426328,3.6552776403454983,5.993503051488781
2025-08-16 13:00:00,1.5490940279364813,3.9941009126930296,6.354907705431034
2025-08-16 14:00:00,1.500695670929644,3.71794563727531,5.903258144377706
2025-08-16 15:00:00,1.9021124758924035,3.1057055677584438,6.0857035125980925
2025-08-16 16:00:00,2.2734667254401733,1.6264416274191207,5.83757564773748
2025-08-16 17:00:00,3.175877796449144,1.1000021771381527,12.289942549165588
2025-08-16 18:00:00,3.8581154354209017,4.1552079452996517e-16,11.7878233184293
2025-08-16 19:00:00,4.221521300543139,0.0,11.984589663299477
2025-08-16 20:00:00,3.7928634382667465,0.0,12.203741645497558
2025-08-16 21:00:00,3.241637274566873,0.0,12.314456892446454
2025-08-16 22:00:00,2.37512689234412,0.0,4.753653487469335
2025-08-16 23:00:00,1.8507917178139364,0.0,5.225941470536109
2025-08-17 00:00:00,1.5711043528969828,0.0,4.705404475662146
2025-08-17 01:00:00,1.442619572653447,0.0,4.354900752317321
2025-08-17 02:00:00,1.5451045357218438,0.0,4.775580905830764
2025-08-17 03:00:00,1.3682946299338967,0.0,5.250397992822895
2025-08-17 04:00:00,1.483712958328224,0.0,4.996334936306646
2025-08-17 05:00:00,1.9507030340468323,0.0,4.839500608473142
2025-08-17 06:00:00,2.423942164868102,0.0,8.016643497047303
2025-08-17 07:00:00,2.630367539442252,1.0812975790367931,8.006719901905026
2025-08-17 08:00:00,3.100595769773181,2.132128137706276,8.186569564659298
2025-08-17 09:00:00,2.6983426958403376,3.128565453430945,7.5164870226723055
2025-08-17 10:00:00,2.2937229370048358,2.8504857656248412,5.969294112949645
2025-08-17 11:00:00,2.06997326997946,3.826048247128782,6.037283181462457
2025-08-17 12:00:00,1.7478807944536268,4.202679530062618,5.590388950843723
2025-08-17 13:00:00,1.6926433537582657,3.358991250138241,5.586275273629609
2025-08-17 14:00:00,1.9464865312215025,3.0667126524447306,5.890587474305283
2025-08-17 15:00:00,1.817541890918678,2.50718388040716,6.002557284981037
2025-08-17 16:00:00,2.271870925954187,1.9810427984276446,6.0036138075166585
2025-08-17 17:00:00,2.994636159403398,0.9527046977505012,11.833095455597027
2025-08-17 18:00:00,3.698923302827694,5.008727682125601e-16,11.820799622109863
2025-08-17 19:00:00,3.6468174137196234,0.0,11.88144710355622
2025-08-17 20:00:00,3.7059840566792954,0.0,12.089556528404623
2025-08-17 21:00:00,3.0212653612933584,0.0,12.373386302037995
2025-08-17 22:00:00,2.5372625680383116,0.0,4.333880934066764
2025-08-17 23:00:00,1.9753961953666717,0.0,5.186900636390548
2025-08-18 00:00:00,1.409949075109062,0.0,4.966654501641956
2025-08-18 01:00:00,1.589084630365419,0.0,5.1577166843296505
2025-08-18 02:00:00,1.6132161263712606,0.0,5.355663001178296
2025-08-18 03:00:00,1.4121915898654982,0.0,4.773462177255028
2025-08-18 04:00:00,1.5420034723923066,0.0,5.283291403369174
2025-08-18 05:00:00,1.5215871608293914,0.0,4.623787140701621
2025-08-18 06:00:00,2.127339657401795,0.0,8.038279769830178
2025-08-18 07:00:00,2.6668455307237173,0.8321652399805528,7.927244969199205
2025-08-18 08:00:00,3.011128549688121,1.8595288970594535,8.013883840402217
2025-08-18 09:00:00,2.6364456448916567,3.0087514410508662,7.70328971454515
2025-08-18 10:00:00,2.2142293625174228,3.2768252769578026,6.131065036815061
2025-08-18 11:00:00,1.6736320053734732,4.164963800313702,6.4758861796544345
2025-08-18 12:00:00,1.652424794129875,3.2361137910507054,5.708442938755087
2025-08-18 13:00:00,1.637119744742673,3.6801457951741905,6.056893656498967
2025-08-18 14:00:00,1.7205227797159308,3.6730898655932123,6.256761936323704
2025-08-18 15:00:00,1.9249779618619367,2.89108124133579,5.910977781550365
2025-08-18 16:00:00,2.1885912227278594,2.1653438599009998,6.4081178764669975
2025-08-18 17:00:00,3.009961450353759,0.9171802587787464,11.871093497574385
2025-08-18 18:00:00,3.676002459990914,4.717678647794781e-16,11.965111589040362
2025-08-18 19:00:00,3.9395057089253136,0.0,11.702053741072028
2025-08-18 20:00:00,3.7483454748822926,0.0,12.037977107120936
2025-08-18 21:00:00,3.316782176933248,0.0,12.00090688364969
2025-08-18 22:00:00,2.5415130348313317,0.0,5.19077037345346
2025-08-18 23:00:00,1.7744056215378614,0.0,4.8091381878733115
2025-08-19 00:00:00,1.6018140005689576,0.0,4.795401312634827
2025-08-19 01:00:00,1.5966358587108436,0.0,5.138747635369994
2025-08-19 02:00:00,1.3838165464549603,0.0,5.419157147022369
2025-08-19 03:00:00,1.6548033467295256,0.0,5.188703074289295
2025-08-19 04:00:00,1.5919006153078799,0.0,5.554223674583343
2025-08-19 05:00:00,1.643898615391922,0.0,5.166592241366586
2025-08-19 06:00:00,2.359219062252759,0.0,8.15578785675631
2025-08-19 07:00:00,2.810760238329433,0.9036815389804899,8.203787864200976
2025-08-19 08:00:00,2.9658519788193436,1.9009529176255147,8.44645122673375
2025-08-19 09:00:00,2.772635084048134,3.107277583318759,8.371271019835156
2025-08-19 10:00:00,2.18338433874152,2.858661437932267,5.674536530067369
2025-08-19 11:00:00,1.9489511831804294,4.2682852101418005,6.240174566283021
2025-08-19 12:00:00,1.6202401141738456,3.822606010180423,6.079606951739552
2025-08-19 13:00:00,1.598229882147171,4.222208655137402,5.941789495233322
2025-08-19 14:00:00,1.7137392661172883,3.466777020054214,5.468121253362773
2025-08-19 15:00:00,1.749935949912199,2.878573101399617,5.537951726921916
2025-08-19 16:00:00,2.2856097189207607,2.1042496189778115,5.890659833966071
2025-08-19 17:00:00,2.771462830995255,0.8417315334222861,11.560622547469578
2025-08-19 18:00:00,3.8218097996122475,4.912984107098252e-16,11.896872954373826
2025-08-19 19:00:00,3.8181685023013925,0.0,12.214302375828588
2025-08-19 20:00:00,3.756983748668165,0.0,11.825713102963153
2025-08-19 21:00:00,3.158599204818528,0.0,12.025038780825371
2025-08-19 22:00:00,2.51005152876252,0.0,4.679014412516279
2025-08-19 23:00:00,1.7419307514397566,0.0,5.08963018549125
2025-08-20 00:00:00,1.490279326553359,0.0,5.1524406174408695
2025-08-20 01:00:00,1.7511325666791455,0.0,4.573119722895758
2025-08-20 02:00:00,1.7618738693953426,0.0,4.774434111020604
2025-08-20 03:00:00,1.6755719224382524,0.0,4.619848919777794
2025-08-20 04:00:00,1.6665810815224953,0.0,5.152764439045356
2025-08-20 05:00:00,1.7046256805672821,0.0,5.049201968164454
2025-08-20 06:00:00,2.3987318973658454,0.0,7.985086461729326
2025-08-20 07:00:00,2.7545127804752276,0.9208538253165791,7.961515538557604
2025-08-20 08:00:00,3.0840828644881446,1.7060430988216548,8.096850630629778
2025-08-20 09:00:00,2.6833265285678114,2.9929087618727976,8.102855447603421
2025-08-20 10:00:00,2.2653071936488,3.8564734805752203,5.851326751855937
2025-08-20 11:00:00,1.8820537116223268,3.862328252971439,5.8093209588388754
2025-08-20 12:00:00,1.6636994230742634,4.427538339022194,5.982301441488939
2025-08-20 13:00:00,1.647320962723974,4.196408889412687,5.94307953060008
2025-08-20 14:00:00,1.5732887297742224,2.9835890459771393,6.618204667514796
2025-08-20 15:00:00,1.7216311242596172,2.374596397961411,5.884831598288676
2025-08-20 16:00:00,2.6634699281880376,1.7182951276351177,6.086899593634314
2025-08-20 17:00:00,3.47634262529119,0.8491303603680367,12.139777946484944
2025-08-20 18:00:00,3.8042115675190433,4.822626388400807e-16,12.420157287184258
2025-08-20 19:00:00,3.801401191653891,0.0,11.75664462247616
2025-08-20 20:00:00,3.6211190246573857,0.0,12.401894348742502
2025-08-20 21:00:00,3.1793186064352406,0.0,11.955781327703749
2025-08-20 22:00:00,2.6208659446808347,0.0,5.750403568893921
2025-08-20 23:00:00,1.7405996933338872,0.0,5.108780665767845
2025-08-21 00:00:00,1.4814036461471274,0.0,4.631321261194739
2025-08-21 01:00:00,1.5299803132275787,0.0,4.940852398207134
2025-08-21 02:00:00,1.6344134350905763,0.0,5.400880807198476
2025-08-21 03:00:00,1.475933294174153,0.0,5.024462346323368
2025-08-21 04:00:00,1.3813849070013806,0.0,4.982112377720869
2025-08-21 05:00:00,1.9485712728120241,0.0,5.215699149160305
2025-08-21 06:00:00,2.4596580483328734,0.0,7.896500692799734
2025-08-21 07:00:00,2.7658272455254798,1.00579502507552,7.936780047265119
2025-08-21 08:00:00,3.0607896368931824,1.9083592482829779,7.716597647020535
2025-08-21 09:00:00,2.7070793623815685,2.2564928239463695,8.518646234289918
2025-08-21 10:00:00,2.164381241365905,2.8210067305630577,5.633216616225741
2025-08-21 11:00:00,2.0113954596929458,3.061775751810842,6.050839997929047
2025-08-21 12:00:00,1.6848820865223537,3.5361003420084782,6.14396536442458
2025-08-21 13:00:00,1.6468178454652191,3.102950445797396,5.9959046640244615
2025-08-21 14:00:00,1.8854852496521493,3.212879612519003,5.623841161353053
2025-08-21 15:00:00,1.7648974419283618,2.9940679544988464,5.70037079168666
2025-08-21 16:00:00,2.3369482319791555,1.9832666349477934,6.156755075506985
2025-08-21 17:00:00,3.1266445022628906,1.0475008465927886,11.766036207421154
2025-08-21 18:00:00,3.6524514751745,3.8977999198753396e-16,11.378394833253461
2025-08-21 19:00:00,4.117470486154275,0.0,12.11609349683673
2025-08-21 20:00:00,3.7089884090482195,0.0,11.738251386013266
2025-08-21 21:00:00,2.9540710499530167,0.0,12.189365782071075
2025-08-21 22:00:00,2.4295643542067906,0.0,4.939513610532715
2025-08-21 23:00:00,1.9480841041361838,0.0,4.925056301445859
2025-08-22 00:00:00,1.640255878708912,0.0,5.015671454905123
2025-08-22 01:00:00,1.5595616390330969,0.0,4.658452000981885
2025-08-22 02:00:00,1.5738986261016705,0.0,4.752364073720717
2025-08-22 03:00:00,1.5755172109352935,0.0,4.922022785373601
2025-08-22 04:00:00,1.5877237325058797,0.0,4.656697122568829
2025-08-22 05:00:00,1.747958771627399,0.0,5.214145297838493
2025-08-22 06:00:00,2.334264406306094,0.0,7.907786305853573
2025-08-22 07:00:00,2.7282472499047077,1.1518897529395462,7.565169019504728
2025-08-22 08:00:00,3.25347701626337,2.221908081375451,7.832291306363292
2025-08-22 09:00:00,2.979580391011612,2.5194426627663487,8.030360769476573
2025-08-22 10:00:00,2.3861730304275306,2.990508383531135,5.866172863946434
2025-08-22 11:00:00,1.9142016485048108,3.3205392890724856,6.1199447659187065
2025-08-22 12:00:00,1.613563851703008,3.780183454842873,6.172210904853792
2025-08-22 13:00:00,1.3840939958528666,3.313087407490495,6.7205100827859345
2025-08-22 14:00:00,1.6277421439546627,3.463816883884663,6.345193260408218
2025-08-22 15:00:00,1.938333797086936,2.284075852886483,5.509088896690999
2025-08-22 16:00:00,2.454170643369768,1.6344394374981936,5.891930254500398
2025-08-22 17:00:00,3.1733849549900603,0.9061971310305064,11.92000761226561
2025-08-22 18:00:00,3.8752979905203393,5.110002219071376e-16,12.172521276727391
2025-08-22 19:00:00,3.8961768951094773,0.0,11.719924178789487
2025-08-22 20:00:00,3.6346369511024657,0.0,11.840624350740498
2025-08-22 21:00:00,3.3205794730390688,0.0,11.626676437227204
2025-08-22 22:00:00,2.5353458413076138,0.0,4.819320282952548
2025-08-22 23:00:00,1.8639176471951675,0.0,4.830510335824377
2025-08-23 00:00:00,1.483971893931627,0.0,4.906098256143083
2025-08-23 01:00:00,1.4851834115597484,0.0,4.644046178924073
2025-08-23 02:00:00,1.5094627857399026,0.0,5.294607721820268
2025-08-23 03:00:00,1.5983759221700018,0.0,5.141664158850015
2025-08-23 04:00:00,1.9962060226146439,0.0,4.565351068185665
2025-08-23 05:00:00,1.8838551230684866,0.0,5.0077918817502285
2025-08-23 06:00:00,2.390328376120975,0.0,7.530423536077235
2025-08-23 07:00:00,2.5252444588587326,1.1240256926350143,8.40267671780799
2025-08-23 08:00:00,2.9272686242803925,1.650804867587144,8.484232511946988
2025-08-23 09:00:00,2.9625752972031196,2.8241871598821278,7.983278811833436
2025-08-23 10:00:00,2.3515944692782815,2.930896180056487,5.7442064497936
2025-08-23 11:00:00,1.1990644198811375,3.370480743247733,5.800719201721327
2025-08-23 12:00:00,1.7278611896976142,3.818030159472273,5.863877375317259
2025-08-23 13:00:00,1.8609872147492523,3.9709234838348917,5.96795182922262
2025-08-23 14:00:00,1.3607818395349884,3.5365080660203096,6.411140894221898
2025-08-23 15:00:00,2.1510319434229745,3.027409515674242,6.286680543092719
2025-08-23 16:00:00,2.0039588276091793,1.933378826293232,6.291301351120229
2025-08-23 17:00:00,3.243654341695698,1.1277893953598952,12.051173481201854
2025-08-23 18:00:00,3.7358011669368505,5.273377253633664e-16,11.653916482817484
2025-08-23 19:00:00,3.6475043235767153,0.0,11.768982987110512
2025-08-23 20:00:00,3.804018966269785,0.0,12.018216378945729
2025-08-23 21:00:00,3.2755769334504037,0.0,11.639669970946773
2025-08-23 22:00:00,2.4742816535018775,0.0,5.091194885165632
2025-08-23 23:00:00,2.0102574340741075,0.0,5.2415370564231045
2025-08-24 00:00:00,1.4383021524236033,0.0,5.163603617587498
2025-08-24 01:00:00,1.22138204027783,0.0,5.151556841875499
2025-08-24 02:00:00,1.6085062707482547,0.0,4.44011520501308
2025-08-24 03:00:00,1.789936546251154,0.0,5.400006739001329
2025-08-24 04:00:00,1.7853942388337882,0.0,4.529784400990396
2025-08-24 05:00:00,1.5572102644538868,0.0,4.954175235846253
2025-08-24 06:00:00,2.0637044924755474,0.0,8.185563063135822
2025-08-24 07:00:00,2.651320803517653,1.0498833606365991,8.107579257795447
2025-08-24 08:00:00,2.7610573055051963,1.8251018789780733,7.616649101886211
2025-08-24 09:00:00,2.7848815347290348,2.3336491402085415,7.670502313128892
2025-08-24 10:00:00,2.3502595313518677,3.396650111964583,6.086121486722035
2025-08-24 11:00:00,1.642893615124508,3.6749240371957916,6.153253504130848
2025-08-24 12:00:00,1.7433269782415137,4.416325287538549,5.667838846616152
2025-08-24 13:00:00,1.663428147157939,3.9656244852413067,6.117777791689493
2025-08-24 14:00:00,1.577944108726402,3.829653578289226,5.5454179560917805
2025-08-24 15:00:00,1.8972454941785502,2.3734844293456794,6.187316777191137
2025-08-24 16:00:00,2.127281995855114,2.0614631162375896,5.734847453469891
2025-08-24 17:00:00,3.053115176494625,0.9947014065338147,12.024154037375462
2025-08-24 18:00:00,3.7382062069582354,4.969049324258174e-16,11.973780692311347
2025-08-24 19:00:00,4.025312145147636,0.0,12.34819719837338
2025-08-24 20:00:00,3.793929828986843,0.0,12.072639008610102
2025-08-24 21:00:00,3.1395872325621808,0.0,11.820269443607845
2025-08-24 22:00:00,2.380047048338791,0.0,5.107877811663252
2025-08-24 23:00:00,1.965462529898313,0.0,5.642723971766293
2025-08-25 00:00:00,1.6503583682709997,0.0,5.222036876386051
2025-08-25 01:00:00,1.4862657925645366,0.0,4.9822498958798915
2025-08-25 02:00:00,1.5523659010224466,0.0,4.749916108598607
2025-08-25 03:00:00,1.499547798934592,0.0,4.815052549817685
2025-08-25 04:00:00,1.5189432732277337,0.0,5.203997876490569
2025-08-25 05:00:00,1.9338235889317295,0.0,4.734259228303498
2025-08-25 06:00:00,2.2076547619316567,0.0,8.00080662832374
2025-08-25 07:00:00,2.8361379999360827,1.0491460493933369,8.431285673701824
2025-08-25 08:00:00,3.0042419289237245,1.9815911712013794,8.045117717907097
2025-08-25 09:00:00,2.7326628453176074,2.8673257922009405,7.67626046261077
2025-08-25 10:00:00,2.24202573575279,2.8492901651303186,6.653354355801783
2025-08-25 11:00:00,1.78121345874851,4.174967489468438,6.528734489383773
2025-08-25 12:00:00,1.3798875335368326,3.4769141014186897,6.150352967513728
2025-08-25 13:00:00,1.6306968198291907,4.064637196815156,6.382726623401726
2025-08-25 14:00:00,1.6949000012447055,3.7095919830839312,5.919906095659708
2025-08-25 15:00:00,2.0505743299434216,2.8015568140856977,6.217336343299635
2025-08-25 16:00:00,2.3400336368570493,1.9458722803363548,5.872938058445774
2025-08-25 17:00:00,3.3872620437591863,0.8391590899601303,11.593375491013514
2025-08-25 18:00:00,3.6801380686612415,4.502516778520689e-16,12.777576783252202
2025-08-25 19:00:00,3.868733559534203,0.0,11.57803858001301
2025-08-25 20:00:00,3.5880455542074174,0.0,12.089267439317371
2025-08-25 21:00:00,2.8428626105931456,0.0,12.085763005553451
2025-08-25 22:00:00,2.649592786787611,0.0,5.154801675256856
2025-08-25 23:00:00,2.128193397130465,0.0,4.973094720142446
2025-08-26 00:00:00,1.5901653437071763,0.0,4.976225047031568
2025-08-26 01:00:00,1.3661771823946163,0.0,5.041523520017098
2025-08-26 02:00:00,1.776416819631563,0.0,5.143960544402235
2025-08-26 03:00:00,1.4747155841059614,0.0,4.999455091570931
2025-08-26 04:00:00,1.5756032360156715,0.0,4.979491656252531
2025-08-26 05:00:00,2.0709805009595,0.0,4.6036670171181875
2025-08-26 06:00:00,2.3897752412293185,0.0,8.604104740909213
2025-08-26 07:00:00,3.108381435600443,0.9641142275170258,8.16070974479071
2025-08-26 08:00:00,3.0373119622450706,1.579775646880711,8.062672028391246
2025-08-26 09:00:00,2.71869842685882,2.9558674293784843,7.812659811698117
2025-08-26 10:00:00,2.19947642805582,2.8032349079898515,5.698915742145046
2025-08-26 11:00:00,1.580382181032269,3.2585869148831303,6.257995934414261
2025-08-26 12:00:00,1.5849683434292539,3.6949943164205714,5.952041284474639
2025-08-26 13:00:00,1.7449515563790439,3.2307707139265354,6.186319375371869
2025-08-26 14:00:00,1.7499931033513678,3.2907519034212522,5.594354959889655
2025-08-26 15:00:00,1.9261699930602085,2.6134413305189246,6.464056453192989
2025-08-26 16:00:00,2.270512005630619,2.1732762731386814,6.2704132306228315
2025-08-26 17:00:00,3.136985452639597,0.8291139530071957,11.975681192170608
2025-08-26 18:00:00,3.8890205166179923,4.71422181258964e-16,12.140287625526872
2025-08-26 19:00:00,4.064607894333905,0.0,12.222301307860445
2025-08-26 20:00:00,3.762108567628821,0.0,11.598905834875659
2025-08-26 21:00:00,2.983407323085414,0.0,12.503348067416375
2025-08-26 22:00:00,2.5497758750454436,0.0,5.14497829942489
2025-08-26 23:00:00,1.4527475657035385,0.0,4.788769313740189
2025-08-27 00:00:00,1.5574804256042343,0.0,4.671022503000631
2025-08-27 01:00:00,1.886138800702673,0.0,5.296129322415214
2025-08-27 02:00:00,1.278470659297918,0.0,5.063347759168102
2025-08-27 03:00:00,1.4912680401290048,0.0,5.144780270879628
2025-08-27 04:00:00,1.6147704621809604,0.0,5.007999366366884
2025-08-27 05:00:00,1.7860042167856023,0.0,4.699176893247184
2025-08-27 06:00:00,2.4463947899410345,0.0,8.152585336978435
2025-08-27 07:00:00,2.849083616940549,1.0935743964002946,7.940739458254863
2025-08-27 08:00:00,3.0228486790793156,2.141793186127793,7.993492662052058
2025-08-27 09:00:00,2.897843930971021,2.2539153453642853,8.713100811711673
2025-08-27 10:00:00,2.2937597669355507,3.4922605574229393,6.260720741329413
2025-08-27 11:00:00,2.33441128093439,3.2305760034589106,6.278029472927377
2025-08-27 12:00:00,1.6494597493986958,4.10245267440072,6.816156938231267
2025-08-27 13:00:00,1.6025548703283925,3.862811052050297,6.115372161654036
2025-08-27 14:00:00,1.4035977700169662,2.870484139663061,6.035912260934794
2025-08-27 15:00:00,1.8416062429806341,2.950931647799542,5.796237795182628
2025-08-27 16:00:00,2.59185882447304,1.8420932167104789,5.864234442531796
2025-08-27 17:00:00,2.9026359723837056,0.9815343530301976,11.385868870035537
2025-08-27 18:00:00,3.413464884693393,5.334436811974229e-16,12.237127001641973
2025-08-27 19:00:00,4.004847326541544,0.0,11.61992370080688
2025-08-27 20:00:00,3.942709968305064,0.0,12.270820794586726
2025-08-27 21:00:00,3.109308155382014,0.0,11.987092194911828
2025-08-27 22:00:00,2.36927991253469,0.0,5.03841761442931
2025-08-27 23:00:00,1.6437600978540186,0.0,4.98728962095668
2025-08-28 00:00:00,1.5678916876797915,0.0,5.415822328664889
2025-08-28 01:00:00,1.59978176989344,0.0,5.362832707980929
2025-08-28 02:00:00,1.23746679253253,0.0,4.991332578303613
2025-08-28 03:00:00,1.6976533256387927,0.0,4.730298777076011
2025-08-28 04:00:00,1.7308114395834857,0.0,5.277166731599612
2025-08-28 05:00:00,2.0252390302761905,0.0,4.707627508575421
2025-08-28 06:00:00,2.378467417332189,0.0,7.533541612664552
2025-08-28 07:00:00,2.8762683711089516,0.8560100049320546,8.149504960546318
2025-08-28 08:00:00,3.078111758002479,1.9649920258008788,8.365546976540967
2025-08-28 09:00:00,2.9085238950208083,2.2091913433751404,7.878474449661837
2025-08-28 10:00:00,2.0184334952062013,3.2579514942668553,6.121355306470428
2025-08-28 11:00:00,1.6322726925676359,3.900667614844764,5.87529785647869
2025-08-28 12:00:00,1.5163565243217187,3.1091030686425216,6.216598004605745
2025-08-28 13:00:00,1.5537895298040538,3.3832541828699574,6.328508905923664
2025-08-28 14:00:00,1.7183885159491843,3.652399234159437,5.921140435655393
2025-08-28 15:00:00,1.9718260400604752,2.376247176857527,5.691719052683242
2025-08-28 16:00:00,2.5873180439214734,2.0068778420145836,5.5628908192165385
2025-08-28 17:00:00,3.275228794724739,1.0012300067121356,12.277706529738074
2025-08-28 18:00:00,3.6062406945946175,4.0160682780319338e-16,11.659030052487651
2025-08-28 19:00:00,4.035786422370978,0.0,12.11160727236071
2025-08-28 20:00:00,3.6099235600255413,0.0,12.233222120532755
2025-08-28 21:00:00,3.07471391532456,0.0,11.849609436434838
2025-08-28 22:00:00,2.4679673082859157,0.0,4.950136744946013
2025-08-28 23:00:00,1.411226477044412,0.0,5.299713034252032
2025-08-29 00:00:00,1.8617401752204152,0.0,4.757541863799572
2025-08-29 01:00:00,1.5855518051706046,0.0,4.727086518489771
2025-08-29 02:00:00,1.4153711760856842,0.0,4.929682633637279
2025-08-29 03:00:00,1.816578921618744,0.0,5.3833737986229115
2025-08-29 04:00:00,1.5638424351267401,0.0,5.483219328381081
2025-08-29 05:00:00,1.8752695467682974,0.0,4.9703650938677795
2025-08-29 06:00:00,2.2178712819975437,0.0,7.78636351158656
2025-08-29 07:00:00,3.0260147404037547,0.9612511163042373,8.319234384775875
2025-08-29 08:00:00,2.984255917251336,1.7546720218774767,7.499211325501857
2025-08-29 09:00:00,2.8006756619065554,2.8870170486341915,8.074283256244428
2025-08-29 10:00:00,2.471814483528606,3.3430906255389554,5.986825922148238
2025-08-29 11:00:00,1.9452025262300245,3.5903148367095463,6.388148353057314
2025-08-29 12:00:00,1.6186054995800738,4.064821163277828,6.418505561891513
2025-08-29 13:00:00,1.7398212014085563,3.6377879488892493,5.717241432615817
2025-08-29 14:00:00,2.0409404618671503,3.707701716660514,6.050303410642493
2025-08-29 15:00:00,1.9707353593960608,2.915851711187865,5.828818697327538
2025-08-29 16:00:00,2.4372661853839537,1.760946553885071,5.912001784527978
2025-08-29 17:00:00,3.1285485624805487,0.9476796549726807,12.185216332367393
2025-08-29 18:00:00,3.933662885963414,5.2731863829445995e-16,11.899531763372421
2025-08-29 19:00:00,3.910120345608469,0.0,12.058177636958407
2025-08-29 20:00:00,3.695350658227068,0.0,12.287181649583928
2025-08-29 21:00:00,2.872334528708599,0.0,12.454548517138777
2025-08-29 22:00:00,2.2421184235326455,0.0,5.086604043442836
2025-08-29 23:00:00,1.84486328811047,0.0,5.035329622112042
2025-08-30 00:00:00,1.491663020165399,0.0,4.667812952155446
2025-08-30 01:00:00,1.765953002426501,0.0,5.475739536233216
2025-08-30 02:00:00,1.5851255881364787,0.0,5.148710320348445
2025-08-30 03:00:00,1.3906616818057407,0.0,5.040867537346008
2025-08-30 04:00:00,1.506760037895052,0.0,5.0255147666590085
2025-08-30 05:00:00,2.061603941378687,0.0,5.108196042066576
2025-08-30 06:00:00,2.4599302058515664,0.0,8.23153714696422
2025-08-30 07:00:00,2.7824384513208846,0.967908628070146,8.268665159039179
2025-08-30 08:00:00,2.933624653366393,1.8864132857100946,8.483240568741982
2025-08-30 09:00:00,2.9469929721513255,2.3587560334801276,8.072806552553784
2025-08-30 10:00:00,2.142248091566086,2.8653355940314538,6.526260365779621
2025-08-30 11:00:00,1.9162361673194914,3.950178086636231,6.317316983844768
2025-08-30 12:00:00,1.9676565579841843,3.141265141733186,5.981960585649158
2025-08-30 13:00:00,1.6040659078926556,3.559453661121135,5.499787881467002
2025-08-30 14:00:00,1.5438265555637167,2.850760699173893,6.025668679289095
2025-08-30 15:00:00,1.9846790974768784,2.445559349275007,6.467543341467096
2025-08-30 16:00:00,2.3492508643507666,1.70171641576307,5.767421060960337
2025-08-30 17:00:00,2.893837123374674,1.0263773324003291,12.024738794238766
2025-08-30 18:00:00,3.842253864869502,4.453348781163394e-16,12.049565672796533
2025-08-30 19:00:00,4.167675165945866,0.0,12.28263797754936
2025-08-30 20:00:00,3.6904622913729312,0.0,11.883656535665011
2025-08-30 21:00:00,3.046365619963154,0.0,11.739184875463414
2025-08-30 22:00:00,2.275463794260367,0.0,5.17100064536712
2025-08-30 23:00:00,1.9000429484450305,0.0,4.776983894288719
2025-08-31 00:00:00,1.4156983118359838,0.0,4.449348394357367
2025-08-31 01:00:00,1.3489356005554949,0.0,5.552111577328359
2025-08-31 02:00:00,1.788551991957636,0.0,5.278109198641266
2025-08-31 03:00:00,1.5974473808466358,0.0,5.565016335625156
2025-08-31 04:00:00,1.7018163769040722,0.0,5.262203825904661
2025-08-31 05:00:00,1.9879015742339528,0.0,5.204109476507735
2025-08-31 06:00:00,2.4065940860711583,0.0,8.110860690026108
2025-08-31 07:00:00,2.7162494718677466,0.9240666693375562,7.944191515531316
2025-08-31 08:00:00,3.0408865166429377,2.076213365506873,8.153631974571528
2025-08-31 09:00:00,2.73789847415653,2.9591678922366493,7.83403025468777
2025-08-31 10:00:00,2.357016704291288,3.1851088323339147,5.679231248256235
2025-08-31 11:00:00,1.9086852405045875,3.627327653772682,5.900332254923677
2025-08-31 12:00:00,1.5693586702205544,4.0227674421271375,6.387447687405418
2025-08-31 13:00:00,1.373867747116667,3.905394106650575,5.630277993922425
2025-08-31 14:00:00,1.6821035359977836,3.6234900840400015,5.63504500475997
2025-08-31 15:00:00,1.8924833689050529,2.9179517591217934,6.177392748813847
2025-08-31 16:00:00,2.1361963350467548,1.7844241396705252,5.875476388669
2025-08-31 17:00:00,3.179103765270994,1.0027944436832124,12.14564851354784
2025-08-31 18:00:00,3.8818997776751027,4.480030824029738e-16,12.296957229563834
2025-08-31 19:00:00,4.37925347714475,0.0,12.138459745277363
2025-08-31 20:00:00,3.678418666685718,0.0,11.810326326396465
2025-08-31 21:00:00,3.0221441865952348,0.0,12.38488014255858
2025-08-31 22:00:00,2.2532854483627553,0.0,5.222636804781053
2025-08-31 23:00:00,1.9538295744882166,0.0,5.008048356256873
2025-09-01 00:00:00,1.5304012963582159,0.0,4.99352515583047
2025-09-01 01:00:00,1.3788960533429708,0.0,5.112197761843097
2025-09-01 02:00:00,1.478487185097119,0.0,4.906404889922508
2025-09-01 03:00:00,1.2306736083008063,0.0,4.510638591583982
2025-09-01 04:00:00,1.7549136228746562,0.0,5.225047323878502
2025-09-01 05:00:00,1.7397897499432637,0.0,5.207222905961353
2025-09-01 06:00:00,2.2857402008452405,0.0,7.309680210290983
2025-09-01 07:00:00,2.564211951592587,0.7836333135106006,8.153202842797176
2025-09-01 08:00:00,2.9126505832779817,2.108942189393439,8.526945061666913
2025-09-01 09:00:00,2.736314373768,2.3794494307968135,7.661708494047938
2025-09-01 10:00:00,2.2895535335306647,3.590713094104993,5.978012612732787
2025-09-01 11:00:00,1.9293914849392397,2.931433740561086,5.945405305759782
2025-09-01 12:00:00,1.8426189718731176,3.1449664934247767,6.4981235803112645
2025-09-01 13:00:00,1.6831691969703404,3.48048829666242,6.336284113247088
2025-09-01 14:00:00,1.8044926589248942,3.4647609869827964,5.736475156046271
2025-09-01 15:00:00,2.1400394085676187,2.9972741695575214,6.102635557007558
2025-09-01 16:00:00,2.505208354431473,1.8467181217722555,6.690801639683258
2025-09-01 17:00:00,3.097448420594837,0.9004617295741877,11.812587630257658
2025-09-01 18:00:00,3.8884652467769447,3.7680244739047345e-16,11.9966538649022
2025-09-01 19:00:00,4.160951398757656,0.0,12.154052191046286
2025-09-01 20:00:00,3.8343831678787224,0.0,11.816983635084222
2025-09-01 21:00:00,2.88475683152218,0.0,12.528960925497824
2025-09-01 22:00:00,2.2934795799644445,0.0,4.858199509914943
2025-09-01 23:00:00,1.881305172910593,0.0,4.5832894612627415
2025-09-02 00:00:00,1.6169967223848474,0.0,4.8425053883251135
2025-09-02 01:00:00,1.4973885407003993,0.0,5.195906025855851
2025-09-02 02:00:00,1.6752569624152795,0.0,4.760547762273724
2025-09-02 03:00:00,1.724758952645852,0.0,5.090659816660131
2025-09-02 04:00:00,1.7958326810012502,0.0,5.1687651320425
2025-09-02 05:00:00,2.036222723566132,0.0,4.637319787376104
2025-09-02 06:00:00,2.13538956785838,0.0,7.830889334721733
2025-09-02 07:00:00,2.85061128970562,0.8560479586413056,8.10469125786142
2025-09-02 08:00:00,2.908874267053905,2.0804135615268073,8.210723648001053
2025-09-02 09:00:00,2.530893097091749,2.4886440062617243,7.838364794069708
2025-09-02 10:00:00,2.248126490766414,3.2667579339988757,6.045531693074409
2025-09-02 11:00:00,2.056142152454951,3.313653373613432,5.914819125076272
2025-09-02 12:00:00,1.6958690108679542,3.6871627321630864,6.218355051240178
2025-09-02 13:00:00,1.8759339612958206,2.9665794636281424,6.155824073749682
2025-09-02 14:00:00,1.6867524992431742,2.6775946510679827,5.887955095441298
2025-09-02 15:00:00,2.290294205115084,2.5047718746565417,6.143533155358847
2025-09-02 16:00:00,2.4463803560306263,1.719728320234327,5.876220488462191
2025-09-02 17:00:00,3.106326544360747,0.9838910606779878,12.137208586306944
2025-09-02 18:00:00,3.545189947650462,3.7432134054281346e-16,12.141388363603376
2025-09-02 19:00:00,4.166584416907322,0.0,12.711313958570553
2025-09-02 20:00:00,3.661779522842745,0.0,11.899121327368766
2025-09-02 21:00:00,3.005893825166286,0.0,11.957619453910953
2025-09-02 22:00:00,2.6118831874930275,0.0,4.805830519882362
2025-09-02 23:00:00,2.096266688834559,0.0,4.690152890663241
2025-09-03 00:00:00,1.6698612743560644,0.0,4.863061851922274
2025-09-03 01:00:00,1.446261833452736,0.0,5.1995302085663715
2025-09-03 02:00:00,1.4970802876019074,0.0,5.221238459404792
2025-09-03 03:00:00,1.5184952986798321,0.0,5.088703953406199
2025-09-03 04:00:00,1.733334837800529,0.0,4.911270535841027
2025-09-03 05:00:00,2.0884263391682234,0.0,4.851987504220757
2025-09-03 06:00:00,2.3461606368369488,0.0,7.724950846861392
2025-09-03 07:00:00,3.074449627590858,0.8462020388412935,7.832933719711098
2025-09-03 08:00:00,3.134582785902177,1.6535897908654416,7.6114615822603175
2025-09-03 09:00:00,2.7430331376784665,2.549666968056558,8.4073574935627
2025-09-03 10:00:00,2.4155538714941356,2.859217627934726,6.551145445896614
2025-09-03 11:00:00,2.113322649417179,3.747503300511144,5.419241173950022
2025-09-03 12:00:00,1.9265010568513847,3.3923668191379197,6.086779091355183
2025-09-03 13:00:00,1.751296257244799,3.0824937226397586,6.081807586606808
2025-09-03 14:00:00,1.6640191455016573,2.7633520959729223,6.062642636877039
2025-09-03 15:00:00,1.8906198039677595,2.2341256151516102,5.822176703636098
2025-09-03 16:00:00,2.5061625977372772,1.7804155029316981,6.306754187626707
2025-09-03 17:00:00,3.3540506742283434,0.7764739817584818,12.123143190473568
2025-09-03 18:00:00,3.802163829170854,4.522136923610885e-16,12.31023652618915
2025-09-03 19:00:00,4.0681797866437295,0.0,11.77874640617616
2025-09-03 20:00:00,3.744807970331381,0.0,11.585045158602622
2025-09-03 21:00:00,3.0537673116829134,0.0,12.130471658874606
2025-09-03 22:00:00,2.3953784269320537,0.0,4.711116882254524
2025-09-03 23:00:00,1.9428471863019952,0.0,5.316379881750162
2025-09-04 00:00:00,1.7577685687104359,0.0,4.3620136056869505
2025-09-04 01:00:00,1.464633436781363,0.0,4.859438031529342
2025-09-04 02:00:00,1.5126184787844021,0.0,4.81522344570408
2025-09-04 03:00:00,1.3976668092732334,0.0,4.900287007450351
2025-09-04 04:00:00,1.7234517706706425,0.0,5.078329721588961
2025-09-04 05:00:00,2.060393515701831,0.0,5.118870720800419
2025-09-04 06:00:00,2.534613330450701,0.0,8.191921280694409
2025-09-04 07:00:00,2.8087206434916103,1.0256001410973026,8.22649590928689
2025-09-04 08:00:00,3.086156765689103,1.5465913215174254,7.948542319798471
2025-09-04 09:00:00,2.7552204984701234,2.206837178393405,8.632611308511937
2025-09-04 10:00:00,2.3704499625289674,3.4506321722437057,6.416127100187096
2025-09-04 11:00:00,1.904526380485745,3.734783904013797,5.906403535301592
2025-09-04 12:00:00,1.6354973674379076,3.7032959397521568,5.958937892357406
2025-09-04 13:00:00,1.5939256093965064,3.89671485951916,5.900085662189925
2025-09-04 14:00:00,1.7279563199620047,3.5277986558171217,6.108989584158174
2025-09-04 15:00:00,1.879000926849313,2.5242082984991163,5.708418650957145
2025-09-04 16:00:00,2.3833776533913635,2.1294655723214997,5.763138761722814
2025-09-04 17:00:00,3.3590588019884193,0.8908412338948218,11.349790126375687
2025-09-04 18:00:00,4.143680476165644,3.923696541947389e-16,11.880401961368047
2025-09-04 19:00:00,3.819344963583301,0.0,12.319427755192201
2025-09-04 20:00:00,3.548177611527408,0.0,11.95436969395516
2025-09-04 21:00:00,2.9593780469063726,0.0,11.9711514175561
2025-09-04 22:00:00,2.4042053406728585,0.0,5.083447743156653
2025-09-04 23:00:00,2.0569003651707543,0.0,4.699328770161462
2025-09-05 00:00:00,1.5887415105817033,0.0,5.007585863793271
2025-09-05 01:00:00,1.5263951740780535,0.0,5.267098848649647
2025-09-05 02:00:00,1.5840669994413799,0.0,5.0919689499835945
2025-09-05 03:00:00,1.4236605348399545,0.0,5.293449419378513
2025-09-05 04:00:00,1.5793386949367765,0.0,5.379239571880597
2025-09-05 05:00:00,1.8523774566377191,0.0,5.198776928491342
2025-09-05 06:00:00,2.05330620272641,0.0,7.785989892745983
2025-09-05 07:00:00,2.6040194340788645,0.9816404335115575,7.896759390913922
2025-09-05 08:00:00,2.8317687140055687,1.9019131280485473,8.57944665588999
2025-09-05 09:00:00,2.892869280348195,2.194985830013094,8.094250553998549
2025-09-05 10:00:00,2.3280504028606517,3.0382470934178873,6.054286976931719
2025-09-05 11:00:00,1.9490907876219545,3.6623537101364962,5.742012197887814
2025-09-05 12:00:00,1.350809460879815,3.302732315465513,5.972561653315403
2025-09-05 13:00:00,1.3507275526471965,3.3726065510272827,6.214912075845836
2025-09-05 14:00:00,1.7596502934914318,3.2517767140132334,6.00445371314894
2025-09-05 15:00:00,1.5063233458262402,2.4651268099158776,5.844186529544806
2025-09-05 16:00:00,2.6034465758430394,1.506117847780851,5.913784151115775
2025-09-05 17:00:00,2.829456928409268,0.8428576912430983,12.35754759540483
2025-09-05 18:00:00,3.863600194627433,4.851714310140714e-16,12.20033424379927
2025-09-05 19:00:00,3.866712312149863,0.0,12.160212068058671
2025-09-05 20:00:00,3.8944338494595545,0.0,12.1322646416846
2025-09-05 21:00:00,3.5841751081650695,0.0,11.645091012229432
2025-09-05 22:00:00,2.0787219584104726,0.0,5.08170472602478
2025-09-05 23:00:00,2.026839860694263,0.0,5.320402243169037
2025-09-06 00:00:00,1.2288291622354017,0.0,4.921723537633927
2025-09-06 01:00:00,1.5646058418936089,0.0,5.293228418708247
2025-09-06 02:00:00,1.473710842864911,0.0,5.163568015556368
2025-09-06 03:00:00,1.5469408067034862,0.0,5.248301852767011
2025-09-06 04:00:00,1.4792041692504339,0.0,5.015280945967124
2025-09-06 05:00:00,1.9724728053185638,0.0,5.265975668365248
2025-09-06 06:00:00,2.0736849778616304,0.0,7.560595515973808
2025-09-06 07:00:00,2.964461554222065,0.9026694026454278,8.009943716052014
2025-09-06 08:00:00,2.9386160772056904,1.6702423344539536,8.213904458323256
2025-09-06 09:00:00,2.5678494451851654,2.272857730396963,8.088889857873786
2025-09-06 10:00:00,2.530487684075894,3.4771912460625476,6.328687096801211
2025-09-06 11:00:00,1.8473302096894901,2.9770277614776774,5.952870352441156
2025-09-06 12:00:00,1.9129031049164884,4.106096776171439,5.835763418098483
2025-09-06 13:00:00,1.7564659749519382,2.893299591315887,5.5082775002512925
2025-09-06 14:00:00,1.540446121734992,3.1384761271137074,5.9181100498881305
2025-09-06 15:00:00,1.9103753219356354,2.1462375585123383,6.155062484045988
2025-09-06 16:00:00,2.4379078631526045,1.9753034484549599,6.228302554124733
2025-09-06 17:00:00,3.331899979935652,0.8358877992364904,11.580244325503195
2025-09-06 18:00:00,3.8027261178437537,4.505991902434512e-16,12.35259753789799
2025-09-06 19:00:00,4.026443899027877,0.0,11.707673753661085
2025-09-06 20:00:00,3.707116354119071,0.0,11.9636555576116
2025-09-06 21:00:00,3.0953674156993993,0.0,11.829355085502739
2025-09-06 22:00:00,2.6153874157803902,0.0,5.125174965149716
2025-09-06 23:00:00,1.9230890911347867,0.0,5.028222415262554
2025-09-07 00:00:00,1.4408039785797364,0.0,5.203390566610952
2025-09-07 01:00:00,1.4159144287189303,0.0,5.553141384357315
2025-09-07 02:00:00,1.4216618943222707,0.0,5.119355741902024
2025-09-07 03:00:00,1.317159058927795,0.0,4.826996108409726
2025-09-07 04:00:00,1.5034008144506974,0.0,5.138320708266667
2025-09-07 05:00:00,2.080154680241637,0.0,5.583541774021213
2025-09-07 06:00:00,2.259948764472063,0.0,8.196902079148687
2025-09-07 07:00:00,2.883877715070669,0.8691433465936595,8.283708082717997
2025-09-07 08:00:00,2.6281901455120926,1.9339260442767996,7.5219270650305345
2025-09-07 09:00:00,2.863499743140511,2.415334128068683,8.116063579687212
2025-09-07 10:00:00,2.2670442549194223,2.7405064864210362,5.919594675022304
2025-09-07 11:00:00,1.7852156041772866,3.2407329276144883,5.795962541378275
2025-09-07 12:00:00,1.6539017029633543,4.057838724471762,5.993304801822322
2025-09-07 13:00:00,1.4988887674831326,3.1949778124493187,6.032590194389145
2025-09-07 14:00:00,1.341586739469704,2.811523742533277,5.812682429402408
2025-09-07 15:00:00,2.0614609832519384,2.2048403447244316,6.056539128062618
2025-09-07 16:00:00,2.4562048064052977,1.5096062707271771,5.947953870660334
2025-09-07 17:00:00,3.0558631317255087,1.0829140876151502,12.210731662354835
2025-09-07 18:00:00,3.5921706550278207,4.442995021898086e-16,12.068272452246172
2025-09-07 19:00:00,3.7795213784473374,0.0,12.11277700765479
2025-09-07 20:00:00,3.770682198244026,0.0,12.293816390605999
2025-09-07 21:00:00,3.344967115111399,0.0,12.166486757951764
2025-09-07 22:00:00,2.4501735744397974,0.0,4.998174682217261
2025-09-07 23:00:00,1.7151190476012417,0.0,4.37392251499508
2025-09-08 00:00:00,1.5338210783302229,0.0,5.154118398138503
2025-09-08 01:00:00,1.4925890592239741,0.0,4.726423009322887
2025-09-08 02:00:00,1.6343332113088296,0.0,4.974128652589912
2025-09-08 03:00:00,1.6184834349459687,0.0,5.111314095577934
2025-09-08 04:00:00,1.1680837305831808,0.0,5.399908707137364
2025-09-08 05:00:00,1.9371779695583573,0.0,5.5526968404350665
2025-09-08 06:00:00,2.140416742131575,0.0,7.723634513938576
2025-09-08 07:00:00,2.5649566535699493,0.9447498814445161,7.6052411370912605
2025-09-08 08:00:00,2.9717326116411833,2.03095703813196,8.097715150756047
2025-09-08 09:00:00,2.8398987131501308,2.615865012752772,8.072728326211369
2025-09-08 10:00:00,2.045136969031766,2.5719899823633323,5.63943723662277
2025-09-08 11:00:00,1.9631180701694957,3.7163338104655073,5.995019099420975
2025-09-08 12:00:00,1.7412585364799247,4.107314610597108,6.179262283724027
2025-09-08 13:00:00,1.5803089849998615,3.618324589593309,5.630954483346322
2025-09-08 14:00:00,1.5300244329189001,3.4833278195579997,5.701624382360727
2025-09-08 15:00:00,1.776217091447754,2.8119656220337785,5.8067520193913245
2025-09-08 16:00:00,2.573641991940103,2.0110198075558334,5.936321925298975
2025-09-08 17:00:00,2.8762710969633005,0.8724515849238799,12.20819145173264
2025-09-08 18:00:00,3.896769029961563,4.3286902019811334e-16,11.902055797927423
2025-09-08 19:00:00,3.975220131993842,0.0,12.016595047807352
2025-09-08 20:00:00,3.7227231172373885,0.0,12.673853349071987
2025-09-08 21:00:00,2.8467378152655964,0.0,11.713106915196375
2025-09-08 22:00:00,2.3976911084093535,0.0,4.804101980809613
2025-09-08 23:00:00,2.0145711159168718,0.0,5.203426662287274
2025-09-09 00:00:00,1.2995920560966654,0.0,5.296412957339828
2025-09-09 01:00:00,1.57538588364876,0.0,5.124440262093798
2025-09-09 02:00:00,1.5180785054495485,0.0,5.5426902706296
2025-09-09 03:00:00,1.4309101162593638,0.0,5.095236780461597
2025-09-09 04:00:00,1.7441580736733648,0.0,4.407168894947058
2025-09-09 05:00:00,1.5250531235473053,0.0,5.029098706234207
2025-09-09 06:00:00,2.342940765868744,0.0,7.828704912770747
2025-09-09 07:00:00,3.021131238498248,0.790627398786519,8.415143524656683
2025-09-09 08:00:00,3.215995094062317,1.6523046571930695,8.289387219264508
2025-09-09 09:00:00,2.836724054876407,2.784155089102255,7.523092767061817
2025-09-09 10:00:00,2.2459950441551624,3.069735633655305,6.405095419076263
2025-09-09 11:00:00,1.7620612241287184,3.033950665263904,6.281810330639624
2025-09-09 12:00:00,1.5813188402643383,3.317855713365613,5.902661361269752
2025-09-09 13:00:00,1.654833642742623,3.981121983547667,5.976467431690282
2025-09-09 14:00:00,1.539081406634045,3.0029266786672317,6.417653112340957
2025-09-09 15:00:00,2.036737364783705,2.4604283578111135,5.408546425267514
2025-09-09 16:00:00,2.7397262499035673,1.5588875861911533,6.1336194015119085
2025-09-09 17:00:00,3.093672014668577,0.8561025835972705,12.32802289053751
2025-09-09 18:00:00,3.5354392403461907,4.834165843182723e-16,11.97338609078639
2025-09-09 19:00:00,3.7982882939159457,0.0,12.194372943942536
2025-09-09 20:00:00,3.8535831249405534,0.0,12.030946360967347
2025-09-09 21:00:00,3.0939890442335285,0.0,11.764788219086425
2025-09-09 22:00:00,2.5512232373382497,0.0,4.757290994775724
2025-09-09 23:00:00,1.8424881511412632,0.0,5.213578780213734
2025-09-10 00:00:00,1.6246471014054373,0.0,4.809287982338555
2025-09-10 01:00:00,1.4768456275435244,0.0,4.542625718481272
2025-09-10 02:00:00,1.3948510590991028,0.0,5.03671960751645
2025-09-10 03:00:00,1.4673236865138521,0.0,4.846075573709446
2025-09-10 04:00:00,1.4363989573861837,0.0,4.640267562428087
2025-09-10 05:00:00,2.1537955726813305,0.0,5.021524229920366
2025-09-10 06:00:00,2.2764813815234146,0.0,8.230183022026099
2025-09-10 07:00:00,2.8748930780895834,0.9828894885347071,8.006045019257426
2025-09-10 08:00:00,2.919473253266598,1.615723370341016,7.680127743180275
2025-09-10 09:00:00,2.6204638734986556,2.4722017056329046,8.144541068721065
2025-09-10 10:00:00,2.256165083937099,3.238139244232432,6.310546914622936
2025-09-10 11:00:00,2.022610487617743,3.5237338692356865,6.663910248989076
2025-09-10 12:00:00,1.548647940640442,4.019312066877055,6.432553209079705
2025-09-10 13:00:00,1.4426827596455245,3.3862674646713553,5.698392482940393
2025-09-10 14:00:00,1.683487614108329,2.7160661456812734,6.257424821428379
2025-09-10 15:00:00,1.9979771821838093,2.249974174180209,6.076957176197279
2025-09-10 16:00:00,2.666179397531046,1.9852779810127936,5.654370251739216
2025-09-10 17:00:00,3.1560170716935607,0.7570084379857709,12.085138563546591
2025-09-10 18:00:00,3.8336973626183717,4.897817504705065e-16,12.575603009372127
2025-09-10 19:00:00,4.107891291401455,0.0,12.35875926321575
2025-09-10 20:00:00,3.5641459848939228,0.0,11.695965058129008
2025-09-10 21:00:00,2.9584511605071633,0.0,12.004115165065482
2025-09-10 22:00:00,2.257114159487794,0.0,5.147502329092054
2025-09-10 23:00:00,1.7227114251614188,0.0,4.481028919508256
2025-09-11 00:00:00,1.6193725505050232,0.0,4.491368670893124
2025-09-11 01:00:00,1.5440980173105465,0.0,5.046388353232598
2025-09-11 02:00:00,1.5166510768614125,0.0,5.050302514980205
2025-09-11 03:00:00,1.1385659810238695,0.0,4.448354319961174
2025-09-11 04:00:00,1.924278639492462,0.0,5.116392057712288
2025-09-11 05:00:00,1.7212508382710554,0.0,5.326088811049525
2025-09-11 06:00:00,2.5987105669480313,0.0,7.934509499343647
2025-09-11 07:00:00,2.5608297426895565,1.0665512117010705,8.017943535857354
2025-09-11 08:00:00,2.8781434494137375,1.9785459705767907,8.171423515005275
2025-09-11 09:00:00,2.4478256394191846,2.79652176104162,8.131708782888216
2025-09-11 10:00:00,2.345565906966194,3.0703197881636144,5.499413249350435
2025-09-11 11:00:00,1.6922430844891783,3.481100753778582,5.728463642365915
2025-09-11 12:00:00,1.4658076862354315,3.9699096372032,5.8812439691434175
2025-09-11 13:00:00,1.3673854229787772,3.8479078630044645,5.741751884764144
2025-09-11 14:00:00,1.7767712368636368,3.377395335842554,6.44009054939314
2025-09-11 15:00:00,2.0298433398112796,2.7719639966189735,6.190342781480215
2025-09-11 16:00:00,2.6915572558648866,1.998045033376846,5.6670823782610205
2025-09-11 17:00:00,3.0000985067767405,0.7877350585759556,11.93569927266165
2025-09-11 18:00:00,3.7699213664957063,3.999729102412317e-16,12.339117641115099
2025-09-11 19:00:00,3.806599726253115,0.0,11.806128182583496
2025-09-11 20:00:00,3.6868424387735192,0.0,12.255475156303277
2025-09-11 21:00:00,3.0251241740854184,0.0,12.414953907168197
2025-09-11 22:00:00,2.4893660965529545,0.0,5.36484228939397
2025-09-11 23:00:00,2.0750865594778944,0.0,5.054121243375149
2025-09-12 00:00:00,1.6487135728991875,0.0,5.375307499194586
2025-09-12 01:00:00,1.3741686627283416,0.0,4.843328595024407
2025-09-12 02:00:00,1.654496853091145,0.0,5.745764401383829
2025-09-12 03:00:00,1.5208606877680402,0.0,5.072254862430362
2025-09-12 04:00:00,1.5672675763151172,0.0,5.344038248632969
2025-09-12 05:00:00,1.749114915871251,0.0,4.891397342295466
2025-09-12 06:00:00,2.2069482844029547,0.0,8.149824359975447
2025-09-12 07:00:00,3.039563041716689,0.9483411412490674,8.163039044198413
2025-09-12 08:00:00,3.0461152381713212,1.79845279617514,7.721349897720494
2025-09-12 09:00:00,2.80444482392081,2.5914896276587522,7.712466989026472
2025-09-12 10:00:00,2.251910131794247,3.107286444718763,5.938649233073237
2025-09-12 11:00:00,2.2243283993265672,3.6477892855274963,6.331599763153797
2025-09-12 12:00:00,1.8225092826771483,3.6656388385477205,5.450571706846494
2025-09-12 13:00:00,1.465103238335118,2.8996821087984967,5.891145234092191
2025-09-12 14:00:00,1.6191257192472637,2.8963452997883334,6.392961786859855
2025-09-12 15:00:00,1.8909871105705112,2.522354342266271,5.630361181968694
2025-09-12 16:00:00,2.4416329689454583,1.6464606040318084,6.376170198976725
2025-09-12 17:00:00,2.997770601042971,0.9917656321009937,11.661662107029699
2025-09-12 18:00:00,3.8029209393429406,4.021592650369397e-16,11.72503751577468
2025-09-12 19:00:00,4.217813225669305,0.0,11.955833466637205
2025-09-12 20:00:00,3.5400540758331926,0.0,12.562037720514281
2025-09-12 21:00:00,2.933728960513785,0.0,11.807997841076306
2025-09-12 22:00:00,2.3472248196340457,0.0,4.4801111634913315
2025-09-12 23:00:00,1.8570139544989912,0.0,4.5794191857562625
2025-09-13 00:00:00,1.7998234504863522,0.0,5.279584457081754
2025-09-13 01:00:00,1.650846886563209,0.0,4.5935779144723154
2025-09-13 02:00:00,1.6463750202154348,0.0,5.35638937264435
2025-09-13 03:00:00,1.4878186043071997,0.0,5.020937246330182
2025-09-13 04:00:00,1.5730100996816472,0.0,4.990318632015517
2025-09-13 05:00:00,1.637635826829279,0.0,5.089191273787837
2025-09-13 06:00:00,2.4081996877643603,0.0,7.759723899230969
2025-09-13 07:00:00,2.851874155508572,0.9388356249843299,8.041361576448558
2025-09-13 08:00:00,3.1929032278989604,1.9504633221786325,7.642078100978884
2025-09-13 09:00:00,2.746628589792204,2.226777716821235,8.40466727889622
2025-09-13 10:00:00,2.26998028864473,3.1684818313508414,5.6918114310267995
2025-09-13 11:00:00,1.8829384368949584,3.24524375228537,6.1316641904771085
2025-09-13 12:00:00,1.760542345676249,3.7956257686321817,5.689574909321816
2025-09-13 13:00:00,1.352730212240315,2.809244837656051,5.8400386240525775
2025-09-13 14:00:00,1.7705763975137137,2.9494601241006233,5.887850389752057
2025-09-13 15:00:00,1.9200494577502232,2.6035912830559447,6.894404394276405
2025-09-13 16:00:00,2.260956582010014,1.7231794340001385,5.995666173979435
2025-09-13 17:00:00,2.7902636370395766,0.8208960344442326,11.753541060887938
2025-09-13 18:00:00,3.716627404056933,4.22617655070418e-16,11.866633316467837
2025-09-13 19:00:00,4.217156953354518,0.0,11.548598234463743
2025-09-13 20:00:00,3.9883009921950263,0.0,11.951164223563483
2025-09-13 21:00:00,3.1562574026781096,0.0,12.55532599932266
2025-09-13 22:00:00,2.7139994525049786,0.0,5.100811859294008
2025-09-13 23:00:00,1.916092126071654,0.0,5.271020284918056
2025-09-14 00:00:00,1.6430491020208797,0.0,4.727016908058468
2025-09-14 01:00:00,1.432905870225019,0.0,4.938997349227488
2025-09-14 02:00:00,1.4275368415050729,0.0,5.061170790576851
2025-09-14 03:00:00,1.4258470908021144,0.0,4.782407950872124
2025-09-14 04:00:00,1.3068777686310225,0.0,5.120002021019325
2025-09-14 05:00:00,2.0484554778861255,0.0,5.18462852455663
2025-09-14 06:00:00,2.1946937876864854,0.0,8.162854415250962
2025-09-14 07:00:00,2.6580001478239743,0.9226616303268708,7.954675016798496
2025-09-14 08:00:00,2.8230078709553164,1.522143252431971,8.327273390195769
2025-09-14 09:00:00,2.7475991313151864,2.720650551362683,7.9227147684444565
2025-09-14 10:00:00,2.5557710071587505,3.0047265522205087,5.895353763666816
2025-09-14 11:00:00,2.1714984352342706,3.4406245695995423,6.432461702130138
2025-09-14 12:00:00,1.3776276779798722,3.8989875064797026,5.667910110089827
2025-09-14 13:00:00,1.5200953561584944,2.9881932194202396,5.489109323764356
2025-09-14 14:00:00,1.5050143119389026,2.6685393155879487,5.739655105128572
2025-09-14 15:00:00,2.0713744532578757,2.3921932224862696,6.116172578003412
2025-09-14 16:00:00,2.4627412042971577,1.915912508482087,6.385077304339556
2025-09-14 17:00:00,3.0074691008307113,0.7604338555393283,11.801844447545516
2025-09-14 18:00:00,3.747984422927339,4.706234142342721e-16,12.544451256087125
2025-09-14 19:00:00,3.928387212652251,0.0,12.008159206282894
2025-09-14 20:00:00,3.979235206340052,0.0,11.965341135840543
2025-09-14 21:00:00,3.1849948983300007,0.0,11.745018557754133
2025-09-14 22:00:00,2.5201721160661075,0.0,5.58540655059069
2025-09-14 23:00:00,1.522495666810231,0.0,4.954913336594304
2025-09-15 00:00:00,1.490035267450141,0.0,4.600403592142486
2025-09-15 01:00:00,1.8130721474198384,0.0,5.737300600649138
2025-09-15 02:00:00,1.7036460279031977,0.0,5.118101028155704
2025-09-15 03:00:00,1.2504100204461643,0.0,5.239649135181284
2025-09-15 04:00:00,1.5689432357971302,0.0,5.504468066252217
2025-09-15 05:00:00,1.6751637190062805,0.0,5.184338774736332
2025-09-15 06:00:00,2.547603887611618,0.0,8.292466807113337
2025-09-15 07:00:00,2.81485770712864,0.7724146848458115,8.016297521698416
2025-09-15 08:00:00,2.8848342892375025,2.0085986710564296,8.220119686230566
2025-09-15 09:00:00,2.7833767383267474,2.849812321253353,7.989752655633012
2025-09-15 10:00:00,1.9001423312145167,2.8017548311741036,5.9939369742476805
2025-09-15 11:00:00,1.6946874120923765,3.875496668242635,6.035915026960184
2025-09-15 12:00:00,1.632224268224131,2.897195452008467,5.880955456186145
2025-09-15 13:00:00,1.7001138608229351,3.9158808313516227,6.151313350600776
2025-09-15 14:00:00,1.3689708593633563,3.3573171372065933,6.150553552564532
2025-09-15 15:00:00,1.8659504959207833,2.203587040674488,6.245674979968377
2025-09-15 16:00:00,2.5712050329808918,1.793773086599081,6.191881954510642
2025-09-15 17:00:00,2.8852365012816956,0.9914485510061901,12.600012915484808
2025-09-15 18:00:00,3.7714758860563125,3.973663050173996e-16,12.31578892189097
2025-09-15 19:00:00,4.009896181329308,0.0,11.937824432875622
2025-09-15 20:00:00,3.9942553402373075,0.0,12.135921451147773
2025-09-15 21:00:00,3.0684305421108493,0.0,12.423809434248005
2025-09-15 22:00:00,2.393958513172381,0.0,4.715008043295341
2025-09-15 23:00:00,2.050777251489869,0.0,5.604272537934851
2025-09-16 00:00:00,1.301101269067061,0.0,4.767608169875054
2025-09-16 01:00:00,1.4674580225783544,0.0,5.270082617971332
2025-09-16 02:00:00,1.4363679157716185,0.0,5.001980132067347
2025-09-16 03:00:00,1.5066366864284448,0.0,4.984720280025668
2025-09-16 04:00:00,1.743218078044095,0.0,4.609126137905652
2025-09-16 05:00:00,1.9385158616564147,0.0,5.272250028476195
2025-09-16 06:00:00,2.1786363072778863,0.0,7.613492544468298
2025-09-16 07:00:00,2.798720845286336,0.9461446031894787,7.567168930141484
2025-09-16 08:00:00,3.2235698653122964,1.6651148942538418,8.347910905521973
2025-09-16 09:00:00,2.653548191976033,2.5878695512357552,8.536881678737924
2025-09-16 10:00:00,2.313022177634341,2.8640501251346224,5.799826270130702
2025-09-16 11:00:00,1.8284575060700687,3.740736105259804,6.300932767096571
2025-09-16 12:00:00,1.617306956974668,2.9098202629227496,6.238957906019303
2025-09-16 13:00:00,1.3286639122175268,3.7963228077127584,5.972544391466556
2025-09-16 14:00:00,1.871782405599788,2.7447772755740645,6.400745064481267
2025-09-16 15:00:00,1.8069710069429201,2.0463446998945365,5.950913345917031
2025-09-16 16:00:00,2.5736629677260985,1.763596932224318,6.155260243595707
2025-09-16 17:00:00,3.0097480087305595,0.8063318675391933,11.623869034997202
2025-09-16 18:00:00,3.6432727630543225,4.1656214888780273e-16,11.63669111095468
2025-09-16 19:00:00,4.181968493433228,0.0,12.350713489436634
2025-09-16 20:00:00,3.886180982705506,0.0,12.165361563472024
2025-09-16 21:00:00,3.1342508559221924,0.0,11.957262937218625
2025-09-16 22:00:00,2.5338711853995894,0.0,5.572353560289343
2025-09-16 23:00:00,1.8792503714767055,0.0,5.5691947015496215
2025-09-17 00:00:00,1.498798425116629,0.0,5.13175039992804
2025-09-17 01:00:00,1.4013468446914104,0.0,4.563303464530036
2025-09-17 02:00:00,1.640336409792734,0.0,4.966520303599899
2025-09-17 03:00:00,1.423461458659107,0.0,4.75022545100127
2025-09-17 04:00:00,1.8387305624403472,0.0,5.026854077243888
2025-09-17 05:00:00,1.808016513646115,0.0,4.719110850026739
2025-09-17 06:00:00,2.2940149381596378,0.0,7.641132222672018
2025-09-17 07:00:00,2.892025167885404,0.8275348599915885,7.321216026882334
2025-09-17 08:00:00,3.003583286375655,1.7748016181434974,8.05017719405029
2025-09-17 09:00:00,2.7335667996528326,2.64575745314925,7.310371064966272
2025-09-17 10:00:00,2.2867436434035184,3.4359896259604374,5.9039278023746675
2025-09-17 11:00:00,1.9915043606445006,2.843868705327353,6.2083190919792886
2025-09-17 12:00:00,1.5273298760296787,3.012514690760034,5.7833712938387825
2025-09-17 13:00:00,1.5543270044639472,3.4247281502268883,5.674551446100159
2025-09-17 14:00:00,1.6617109865535786,2.5540343850632294,5.979645912732389
2025-09-17 15:00:00,2.052811571405296,2.3191815749351488,5.7514183414573345
2025-09-17 16:00:00,2.404775366122353,1.7938195646171153,6.055697376897712
2025-09-17 17:00:00,3.3741993641117447,0.9775191158133507,11.69015104034647
2025-09-17 18:00:00,3.713617674181422,3.7891100893349175e-16,11.968651822145093
2025-09-17 19:00:00,3.9643474601026156,0.0,11.896073783448012
2025-09-17 20:00:00,3.7114434739411575,0.0,11.996543515346522
2025-09-17 21:00:00,2.9054547567788935,0.0,12.490545478205156
2025-09-17 22:00:00,2.264189575914839,0.0,5.059943262475148
2025-09-17 23:00:00,1.8429332550543016,0.0,5.151333236677708
2025-09-18 00:00:00,1.670428046601982,0.0,4.812562074845405
2025-09-18 01:00:00,1.4956215946566818,0.0,5.066976925668004
2025-09-18 02:00:00,1.432030038955339,0.0,4.91755896793762
2025-09-18 03:00:00,1.711453670175199,0.0,5.008896812212507
2025-09-18 04:00:00,1.8486336806335084,0.0,5.194683671259663
2025-09-18 05:00:00,2.0436990080302526,0.0,4.84992984792592
2025-09-18 06:00:00,2.1629751539719138,0.0,7.8805863691974825
2025-09-18 07:00:00,2.703928671758206,0.971160396390556,7.854075599215435
2025-09-18 08:00:00,3.272064033744426,1.4094538847001663,7.848284106977906
2025-09-18 09:00:00,2.8144240005956322,2.4205577224481156,8.051970569172084
2025-09-18 10:00:00,2.2511031008403775,2.633331847568427,5.890805422403213
2025-09-18 11:00:00,1.9651838018104886,3.476650456312431,6.4493869090735725
2025-09-18 12:00:00,1.7778525694539014,3.639785362570439,6.80374881335825
2025-09-18 13:00:00,1.4875451199156973,3.306659879568145,5.829617314443806
2025-09-18 14:00:00,1.6930839712459471,3.007452192212866,6.088200857461408
2025-09-18 15:00:00,2.0621078024587063,2.2617397495216562,6.311402272816571
2025-09-18 16:00:00,2.2457091003090905,1.5982434870898177,5.920275281392806
2025-09-18 17:00:00,3.1048063185516073,0.9622852518461273,11.70168265820828
2025-09-18 18:00:00,3.569940012881079,3.645982786993866e-16,12.521451993439427
2025-09-18 19:00:00,3.852462931324386,0.0,12.205847188141561
2025-09-18 20:00:00,3.6526332805617714,0.0,12.095607135891917
2025-09-18 21:00:00,3.1745189017595155,0.0,12.43515672003928
2025-09-18 22:00:00,2.3713952086329213,0.0,5.231069952147121
2025-09-18 23:00:00,1.8252705697699048,0.0,4.985619489211821
2025-09-19 00:00:00,1.5077867537732064,0.0,4.707010740273943
2025-09-19 01:00:00,1.3285460943210188,0.0,4.852000476672705
2025-09-19 02:00:00,1.5690471500727816,0.0,5.361446961601554
2025-09-19 03:00:00,1.6971814726279564,0.0,5.204625696442984
2025-09-19 04:00:00,1.6040765045514676,0.0,4.944000014186698
2025-09-19 05:00:00,1.8249942898990574,0.0,5.529968958348634
2025-09-19 06:00:00,2.346954706539523,0.0,7.952833614082756
2025-09-19 07:00:00,2.4739455519625224,0.9755405506927782,8.296255388219347
2025-09-19 08:00:00,3.080526241686898,1.4573056903341746,8.06601171418602
2025-09-19 09:00:00,3.2435359173573586,2.799492969450711,8.579885911226825
2025-09-19 10:00:00,2.272845727407581,3.358959203697912,6.225913646118398
2025-09-19 11:00:00,1.8395628525534133,3.829059514313814,6.0138478443639185
2025-09-19 12:00:00,1.7382987593651371,3.778130344590671,5.9463595563699485
2025-09-19 13:00:00,1.8200624557846312,3.052285186253059,5.995388249681346
2025-09-19 14:00:00,1.8064131541180777,3.035759468627277,5.782380818657297
2025-09-19 15:00:00,1.5997827602886152,2.0863398246834666,5.589989058738415
2025-09-19 16:00:00,2.5042619978524807,1.8564861545176248,6.092620617032754
2025-09-19 17:00:00,3.4887440217239374,0.7740732073967176,11.839944445990687
2025-09-19 18:00:00,3.830464617852606,4.712994233657415e-16,11.839147434706383
2025-09-19 19:00:00,3.8268097188726453,0.0,11.973347929035794
2025-09-19 20:00:00,3.7793727358466094,0.0,12.01566703151918
2025-09-19 21:00:00,2.910847883376435,0.0,12.002212803475471
2025-09-19 22:00:00,2.6046191563189707,0.0,5.521488605542535
2025-09-19 23:00:00,1.779150900310977,0.0,5.19871384037342
2025-09-20 00:00:00,1.511190114478266,0.0,5.632344673499087
2025-09-20 01:00:00,1.3719235032622061,0.0,4.8683028890406455
2025-09-20 02:00:00,1.4227594587654964,0.0,5.235116192938474
2025-09-20 03:00:00,1.750396055213284,0.0,4.884976237811044
2025-09-20 04:00:00,1.6314756854337238,0.0,4.831660442622533
2025-09-20 05:00:00,1.7715112678352307,0.0,5.643662787921911
2025-09-20 06:00:00,2.119154457924179,0.0,7.769555519181405
2025-09-20 07:00:00,2.4974607418273385,0.7289917931139753,7.330479799033224
2025-09-20 08:00:00,2.8123115281688147,1.6155119157433104,7.787615207250544
2025-09-20 09:00:00,2.795046933012286,2.0688280465291418,7.3975029014757885
2025-09-20 10:00:00,2.4382822258831887,2.4476647021392726,5.714602649678449
2025-09-20 11:00:00,1.7733788837475328,2.8178807749085624,5.742400253744994
2025-09-20 12:00:00,1.8623392494580369,3.175378467738635,6.010584529455465
2025-09-20 13:00:00,1.465637492220703,3.5672343373904054,5.385121011815884
2025-09-20 14:00:00,1.6244662190209755,2.489117778084495,6.358785667824339
2025-09-20 15:00:00,1.76118728402556,2.5502735253993136,5.437269220977625
2025-09-20 16:00:00,2.568366432388247,1.768511917227503,5.961674753203836
2025-09-20 17:00:00,3.4175810920443714,0.996475572416152,11.902753556703706
2025-09-20 18:00:00,3.4728259166982567,3.6914337907511857e-16,12.247605107970388
2025-09-20 19:00:00,3.948075695568203,0.0,12.105462982470213
2025-09-20 20:00:00,3.9268152692413225,0.0,12.356061876378229
2025-09-20 21:00:00,2.885909142863755,0.0,11.891564012406592
2025-09-20 22:00:00,2.5047011889743045,0.0,4.86057598109958
2025-09-20 23:00:00,2.1057541185463013,0.0,5.123837295515955
2025-09-21 00:00:00,1.511787891427988,0.0,5.308760563858342
2025-09-21 01:00:00,1.5831299642020031,0.0,5.247520728824616
2025-09-21 02:00:00,1.7688620253168361,0.0,5.096544264040278
2025-09-21 03:00:00,1.8197374414493819,0.0,5.06979875068034
2025-09-21 04:00:00,1.6066620287444968,0.0,4.989113262859859
2025-09-21 05:00:00,1.7755349614992038,0.0,5.122979049344581
2025-09-21 06:00:00,2.1529416368961334,0.0,8.610480333343762
2025-09-21 07:00:00,2.9247605873515607,0.8450698696376558,7.927227985532936
2025-09-21 08:00:00,2.7942372895285725,1.8224435767686775,7.890652951575373
2025-09-21 09:00:00,2.7403669410969487,2.0445549294397085,7.867683240214047
2025-09-21 10:00:00,2.306650626217959,3.157858642749328,6.116811827436725
2025-09-21 11:00:00,1.7819812307030498,3.276667408006169,5.363476419270914
2025-09-21 12:00:00,1.6687307491030532,3.8554072445905225,5.959481489059699
2025-09-21 13:00:00,1.9579395532988506,2.904100377698715,6.264194055374993
2025-09-21 14:00:00,1.641928188900976,2.5221321612008167,5.842130761841334
2025-09-21 15:00:00,1.8578129479620393,2.1325432732718137,6.056011388944154
2025-09-21 16:00:00,2.5720519458603466,1.4378044622567336,6.632800638991937
2025-09-21 17:00:00,3.1388920465595147,1.0224687667288341,12.099479962493623
2025-09-21 18:00:00,3.9529988265203926,3.586259915326992e-16,11.32823201361387
2025-09-21 19:00:00,4.024703148836365,0.0,11.577034690032807
2025-09-21 20:00:00,3.699834810988162,0.0,11.924699024573256
2025-09-21 21:00:00,2.8353922378634118,0.0,11.758852227536304
2025-09-21 22:00:00,2.1767383988568807,0.0,5.031014961740192
2025-09-21 23:00:00,1.6471784849511002,0.0,4.9116271933154705
2025-09-22 00:00:00,1.5569544442170984,0.0,5.34982145984939
2025-09-22 01:00:00,1.2962530815808644,0.0,4.672600565847037
2025-09-22 02:00:00,1.6930632722856025,0.0,4.937750185346949
2025-09-22 03:00:00,1.532010443062603,0.0,5.065177546182556
2025-09-22 04:00:00,1.579329072834419,0.0,5.10234033305059
2025-09-22 05:00:00,1.728813377613438,0.0,5.0440415775734015
2025-09-22 06:00:00,2.3842774657977186,0.0,7.276617972992564
2025-09-22 07:00:00,2.657541291855892,0.9431738491327525,8.024987623402419
2025-09-22 08:00:00,2.8521969225867356,1.6317584971687933,7.954773688137423
2025-09-22 09:00:00,2.956505534886431,2.4144608254385194,8.259232925873857
2025-09-22 10:00:00,2.3444403346910425,3.153072788291621,6.216891092570821
2025-09-22 11:00:00,1.8221921933736223,2.7449062669842443,6.072253353297994
2025-09-22 12:00:00,1.7229726570602422,3.3099519804002133,6.093949238521727
2025-09-22 13:00:00,1.5746023365215416,2.7846789303362103,6.4057149297689
2025-09-22 14:00:00,1.7176199500207099,3.1441343987940247,6.345088832128707
2025-09-22 15:00:00,1.8005966067198294,2.468797707208791,6.082599600678348
2025-09-22 16:00:00,2.7303119635396618,1.5789902280781771,6.643625486287801
2025-09-22 17:00:00,3.0160115047862526,0.7403357573646825,11.811541102632901
2025-09-22 18:00:00,3.9705009098811828,4.738033998386603e-16,11.644367067572032
2025-09-22 19:00:00,3.971669678467736,0.0,11.996748597933511
2025-09-22 20:00:00,3.8581628595320616,0.0,11.887857041362205
2025-09-22 21:00:00,3.2130844959315157,0.0,11.260397607159572
2025-09-22 22:00:00,2.5917263662011485,0.0,4.804285757002584
2025-09-22 23:00:00,1.796439732440544,0.0,5.103075546141432
2025-09-23 00:00:00,1.661398879466292,0.0,4.982591676273395
2025-09-23 01:00:00,1.7775564811976992,0.0,4.767061576491733
2025-09-23 02:00:00,1.4659227205114165,0.0,5.0126976558668215
2025-09-23 03:00:00,1.5326793684055282,0.0,5.036921743772941
2025-09-23 04:00:00,1.5374401143276462,0.0,5.214522315158402
2025-09-23 05:00:00,1.8034262010663238,0.0,4.807549806341422
2025-09-23 06:00:00,2.547652073397061,0.0,8.262157037154937
2025-09-23 07:00:00,2.6275807858677234,0.7764691363657725,7.672807107722196
2025-09-23 08:00:00,2.858685799919602,1.910581335810973,7.848986924240097
2025-09-23 09:00:00,3.0198881872577856,2.429300740933088,8.509697960480214
2025-09-23 10:00:00,2.3849294244580435,2.602487849720982,5.692836669720845
2025-09-23 11:00:00,2.1754871449672417,3.781712325581678,5.802369806210758
2025-09-23 12:00:00,1.5591919136763066,3.4037096744929176,5.624066681821704
2025-09-23 13:00:00,1.5922047261405723,2.8527925994460186,5.751820085006428
2025-09-23 14:00:00,1.5610664358871869,2.917810933818884,6.041508947408631
2025-09-23 15:00:00,1.944618967373302,2.751875681280543,6.211962687852885
2025-09-23 16:00:00,2.153637667610423,1.629620028183637,5.994408559944398
2025-09-23 17:00:00,3.2056976834359374,0.8439006901956078,11.9025930452338
2025-09-23 18:00:00,3.785619573362537,4.0448528316984517e-16,11.627167834164009
2025-09-23 19:00:00,3.9913668064935197,0.0,11.781860863445416
2025-09-23 20:00:00,3.6785436434938674,0.0,11.536189260383715
2025-09-23 21:00:00,2.96873787297238,0.0,12.220967887465362
2025-09-23 22:00:00,2.5288555397335557,0.0,5.241821959594164
2025-09-23 23:00:00,1.7468697906596546,0.0,4.987865720200536
2025-09-24 00:00:00,1.576837956081849,0.0,5.132435295165381
2025-09-24 01:00:00,1.811758212782402,0.0,5.262869772004168
2025-09-24 02:00:00,1.7275548906943399,0.0,5.030362666304762
2025-09-24 03:00:00,1.3017042669336119,0.0,5.4180832051977275
2025-09-24 04:00:00,1.535446401648174,0.0,4.692862191127491
2025-09-24 05:00:00,1.9186092499773895,0.0,4.895398931584965
2025-09-24 06:00:00,2.280396365255035,0.0,7.859677349585717
2025-09-24 07:00:00,2.568305107044891,0.8560718394999491,8.194171428208852
2025-09-24 08:00:00,3.0578010159182414,1.766647944751657,7.569757601202177
2025-09-24 09:00:00,2.776750512528184,2.6770694807914444,8.434392382134366
2025-09-24 10:00:00,2.5783959718653566,3.0738270497098537,6.168532314148516
2025-09-24 11:00:00,1.819447302218246,3.672245828616614,6.525088341785391
2025-09-24 12:00:00,1.8019582171491733,3.696747891781262,5.9878286359845845
2025-09-24 13:00:00,1.3831992950854406,3.296841646663588,5.834904210304873
2025-09-24 14:00:00,1.5059665827684812,2.6808757203542752,6.197131826928289
2025-09-24 15:00:00,2.031373086047571,2.1896825028463374,6.309169523374282
2025-09-24 16:00:00,2.5823117892941747,1.887952567502142,5.785673747858537
2025-09-24 17:00:00,2.9593455910265276,0.727084702188709,11.400721047724904
2025-09-24 18:00:00,3.740710071811273,4.719418109036889e-16,11.452120382431717
2025-09-24 19:00:00,3.792763129834046,0.0,12.078415477754094
2025-09-24 20:00:00,3.709915318237995,0.0,12.462056816361727
2025-09-24 21:00:00,3.228489388921214,0.0,11.609748400182596
2025-09-24 22:00:00,2.35445482805822,0.0,4.918290097032073
2025-09-24 23:00:00,1.885178082623595,0.0,4.895465134330418
2025-09-25 00:00:00,1.3305842595300548,0.0,5.576159620167455
2025-09-25 01:00:00,1.4033367415172444,0.0,5.677608725926223
2025-09-25 02:00:00,1.7684433048298458,0.0,5.12733580648478
2025-09-25 03:00:00,1.5384121920917797,0.0,5.269400110076445
2025-09-25 04:00:00,1.4656109457020796,0.0,5.261059698294959
2025-09-25 05:00:00,1.80817584640639,0.0,4.615903529109297
2025-09-25 06:00:00,2.0513245103822033,0.0,8.209556904630759
2025-09-25 07:00:00,2.626092010966222,0.88350098350438,7.694118058609972
2025-09-25 08:00:00,3.2040545840541856,1.4977813923133665,7.948539251307015
2025-09-25 09:00:00,2.7568806831376382,2.1113421188969457,8.34192111352494
2025-09-25 10:00:00,2.5748566869899703,2.991992691401686,6.024279997742057
2025-09-25 11:00:00,1.8431294318364546,2.780852834471522,6.330748932318111
2025-09-25 12:00:00,1.6213609049214601,3.284235662365374,6.38977903259657
2025-09-25 13:00:00,1.6693966793362554,2.9301891099772543,5.472919891401242
2025-09-25 14:00:00,1.2592798401200471,3.2340100325200396,5.346690731135811
2025-09-25 15:00:00,1.9538646906241839,2.392489662972807,6.348627736449335
2025-09-25 16:00:00,2.4124041989939258,1.4929270828562815,6.36072221098986
2025-09-25 17:00:00,3.3258603339649584,0.9885095312079032,12.076978384890918
2025-09-25 18:00:00,3.881800369963229,4.528697231868527e-16,12.117664805081139
2025-09-25 19:00:00,3.8299462530313875,0.0,12.267914309424826
2025-09-25 20:00:00,3.9234190849779544,0.0,12.262322673405556
2025-09-25 21:00:00,3.0636037922404458,0.0,11.908744805222382
2025-09-25 22:00:00,2.284030618984235,0.0,5.286755070601863
2025-09-25 23:00:00,1.952098776145846,0.0,4.896058055573834
2025-09-26 00:00:00,1.4696381659248898,0.0,5.073065330249478
2025-09-26 01:00:00,1.7313603006652618,0.0,5.060006736654395
2025-09-26 02:00:00,1.5558199716713765,0.0,4.74216827041288
2025-09-26 03:00:00,1.5583222964671106,0.0,4.777103814137302
2025-09-26 04:00:00,1.7510541731279852,0.0,5.670232663034449
2025-09-26 05:00:00,2.0193223816079957,0.0,4.732434274167726
2025-09-26 06:00:00,2.4084794177017823,0.0,8.11098777999666
2025-09-26 07:00:00,2.991135485709497,0.7485758045150485,8.173939752939981
2025-09-26 08:00:00,3.091305985134286,1.9127630217485347,7.98373511261543
2025-09-26 09:00:00,2.8034007665046343,2.516410540948193,8.201446980608946
2025-09-26 10:00:00,2.4771229698879935,3.161510684689566,6.098694979821805
2025-09-26 11:00:00,1.8437971865985423,3.4719559559041504,5.738924535564787
2025-09-26 12:00:00,1.631744686801884,3.0050878203524696,6.161045188241575
2025-09-26 13:00:00,1.8314990931494741,2.7875798179110367,5.836588073176695
2025-09-26 14:00:00,1.903456596646242,2.7910041168757096,6.522200755000448
2025-09-26 15:00:00,1.9218974210376494,2.608440127916355,6.128737583165125
2025-09-26 16:00:00,2.351719435607226,1.5536927926533586,5.789953942174424
2025-09-26 17:00:00,3.322430524968961,0.7073508686474933,12.102686866184593
2025-09-26 18:00:00,3.8571612145259686,4.2762229433440933e-16,11.722543668327114
2025-09-26 19:00:00,4.047337193993012,0.0,12.077333723998077
2025-09-26 20:00:00,3.6888173856553257,0.0,11.932290663100046
2025-09-26 21:00:00,3.1527054578847844,0.0,11.751938649481962
2025-09-26 22:00:00,2.4164423339454864,0.0,4.748167581638906
2025-09-26 23:00:00,1.8228825615792161,0.0,5.730480277448925
2025-09-27 00:00:00,1.5194099185625478,0.0,5.027417684510507
2025-09-27 01:00:00,1.5404041104069244,0.0,4.8704782506112405
2025-09-27 02:00:00,1.4484174073596605,0.0,4.818524420077446
2025-09-27 03:00:00,1.6630473116256375,0.0,5.141349830870776
2025-09-27 04:00:00,1.8092819695463176,0.0,4.808451189634022
2025-09-27 05:00:00,2.000876292942401,0.0,4.671614609931876
2025-09-27 06:00:00,2.2495013957750882,0.0,7.99027568092873
2025-09-27 07:00:00,2.8915891904155098,0.9428144432843321,7.9880092732546
2025-09-27 08:00:00,3.011697832816224,1.4820499160356233,7.874889506532071
2025-09-27 09:00:00,2.592891150010736,2.2295036764660443,7.732612316168103
2025-09-27 10:00:00,2.392156567349451,2.6987677289384133,5.8827085197589515
2025-09-27 11:00:00,1.8793513537544053,3.1839463995591544,5.859108790705402
2025-09-27 12:00:00,2.015789909660581,3.817495952896712,5.81749074728013
2025-09-27 13:00:00,1.791853185046721,3.308119352431959,6.08295002047161
2025-09-27 14:00:00,1.766840500993136,2.661569770578667,6.66786839489227
2025-09-27 15:00:00,1.9604993672693747,2.6893618157689625,6.399529551101209
2025-09-27 16:00:00,2.4443105104617713,1.7615772202120863,6.5825758407865544
2025-09-27 17:00:00,2.9524010893927204,0.7813476995494394,11.829692607289788
2025-09-27 18:00:00,3.4762503767586996,4.607951615825691e-16,12.502406471241358
2025-09-27 19:00:00,3.869116139501173,0.0,12.06818274491075
2025-09-27 20:00:00,3.7299407394582524,0.0,12.295909047515929
2025-09-27 21:00:00,2.7871200793462476,0.0,12.137311187414447
2025-09-27 22:00:00,2.338050334087729,0.0,4.897019835136955
2025-09-27 23:00:00,1.8853913335465018,0.0,5.215849285581814
2025-09-28 00:00:00,1.4677395862516438,0.0,5.145479166085543
2025-09-28 01:00:00,1.4013319638327615,0.0,4.469544050176132
2025-09-28 02:00:00,1.453499595240485,0.0,4.9627627306660616
2025-09-28 03:00:00,1.786057532552789,0.0,5.261721255973484
2025-09-28 04:00:00,1.7152789029232598,0.0,5.083226483958167
2025-09-28 05:00:00,1.7713465223593663,0.0,5.140841291299338
2025-09-28 06:00:00,2.280686485302893,0.0,7.774572851856515
2025-09-28 07:00:00,2.773968964439414,0.8018439901308224,8.076863181921404
2025-09-28 08:00:00,2.884810308136195,1.55572973575453,7.971097216642718
2025-09-28 09:00:00,2.6628835141340508,2.291622704520315,7.9389640296190676
2025-09-28 10:00:00,2.442825763623796,3.011194693781838,5.796223071589988
2025-09-28 11:00:00,1.7944639509833407,3.2326157486429596,6.274458706398948
2025-09-28 12:00:00,1.462553251295554,3.5953372054179034,6.103640574853705
2025-09-28 13:00:00,1.5667915039445204,2.666507278064088,6.073364332481804
2025-09-28 14:00:00,1.677869440422326,3.156632119994841,6.6152353987474735
2025-09-28 15:00:00,1.6272181584470724,1.955194820419836,6.142139750855239
2025-09-28 16:00:00,2.4136402185304897,1.8582878424747766,6.360149006293018
2025-09-28 17:00:00,3.2331514900899254,0.7112228162873592,12.08187984826833
2025-09-28 18:00:00,3.8047828686669614,3.485036326411135e-16,11.894050893596493
2025-09-28 19:00:00,4.334469273142653,0.0,11.682258803506691
2025-09-28 20:00:00,3.924764714530644,0.0,12.072417038399335
2025-09-28 21:00:00,3.320291074790223,0.0,11.200953138613048
2025-09-28 22:00:00,2.8397114933157908,0.0,5.081740122767357
2025-09-28 23:00:00,2.036256727781355,0.0,5.094619517898459
2025-09-29 00:00:00,1.5245141004643676,0.0,4.934729726045877
2025-09-29 01:00:00,1.646651547575683,0.0,4.972290091722386
2025-09-29 02:00:00,1.420841202388446,0.0,4.624649144582272
2025-09-29 03:00:00,1.5436264062584553,0.0,5.415681086021218
2025-09-29 04:00:00,1.5187979642379223,0.0,4.8988247131671425
2025-09-29 05:00:00,1.915089322528521,0.0,4.70837217607899
2025-09-29 06:00:00,2.1931522903542144,0.0,8.163398319570048
2025-09-29 07:00:00,2.6751766898079965,0.7590104105090791,8.0332268323371
2025-09-29 08:00:00,3.0620246171630434,1.680650954338534,7.892499564641723
2025-09-29 09:00:00,2.757596330678544,2.001844319336637,7.860789990341768
2025-09-29 10:00:00,2.0021189902172774,2.426483722250091,5.998308392177607
2025-09-29 11:00:00,1.6390980694140496,3.512868268234236,6.40374479116061
2025-09-29 12:00:00,1.4546677356309652,2.8222160663525324,6.140863923145963
2025-09-29 13:00:00,1.4408167696378407,3.2706253365304487,5.989677515847753
2025-09-29 14:00:00,1.722331476874753,2.6771058303935433,6.255730162716372
2025-09-29 15:00:00,1.9559646191368931,2.6289488942235733,6.008259567338473
2025-09-29 16:00:00,2.5795440779579484,1.7502684513568576,6.120465682750605
2025-09-29 17:00:00,3.215874773378952,0.7129037748684071,12.045338319596
2025-09-29 18:00:00,3.897883904266085,4.551841041201641e-16,12.176934125404154
2025-09-29 19:00:00,4.091259434582276,0.0,11.866756747737918
2025-09-29 20:00:00,3.7685501885475405,0.0,11.658197140931227
2025-09-29 21:00:00,3.2678537324207433,0.0,12.27205444512444
2025-09-29 22:00:00,2.5576105216896563,0.0,5.451478495343889
2025-09-29 23:00:00,1.9789475936482643,0.0,4.672435674872091
2025-09-30 00:00:00,1.6907143499034838,0.0,5.053787502243971
2025-09-30 01:00:00,1.1487222671854738,0.0,4.865338943208717
2025-09-30 02:00:00,1.4611571912766277,0.0,5.2650136076002285
2025-09-30 03:00:00,1.4816048884864501,0.0,5.073993720448515
2025-09-30 04:00:00,1.788859542321905,0.0,5.998241685928984
2025-09-30 05:00:00,2.091100888436704,0.0,4.909569954406847
2025-09-30 06:00:00,2.073411748025648,0.0,8.46118770109254
2025-09-30 07:00:00,2.9898910409096455,0.9282672175062915,8.49038919360534
2025-09-30 08:00:00,2.8242868452932774,1.868920219374215,8.160079237715019
2025-09-30 09:00:00,2.6070707599615055,2.4485141076188564,8.011124995813459
2025-09-30 10:00:00,2.2561043052256844,2.424402587502604,6.028451309247009
2025-09-30 11:00:00,1.8097006367909754,2.944530845969457,6.0030614556316975
2025-09-30 12:00:00,1.3929951173926531,2.772342410580371,6.339989913723942
2025-09-30 13:00:00,1.670744251578822,3.249189865654485,5.738209110876687
2025-09-30 14:00:00,1.7620783411619476,3.3065818305596366,5.951704808076632
2025-09-30 15:00:00,2.081230031500698,2.1946179143371523,5.915344212682947
2025-09-30 16:00:00,2.354733872736389,1.430454909418432,5.482141673662812
2025-09-30 17:00:00,3.0970170926918192,0.7718097454423312,12.257674472928723
2025-09-30 18:00:00,3.73253438610329,4.076043887084427e-16,12.318875814418002
2025-09-30 19:00:00,4.2531993220836775,0.0,11.80973446993153
2025-09-30 20:00:00,3.3119615747888345,0.0,12.309039736996423
2025-09-30 21:00:00,2.9594093187292296,0.0,11.524902683688815
2025-09-30 22:00:00,2.420529729347411,0.0,5.007186350960731
2025-09-30 23:00:00,1.7596977532778402,0.0,4.962122458793384
2025-10-01 00:00:00,1.4613055156837949,0.0,5.026324612519877
2025-10-01 01:00:00,1.4816791731054968,0.0,5.024763551075629
2025-10-01 02:00:00,1.4060737510788248,0.0,4.976887501033577
2025-10-01 03:00:00,1.5371437972496107,0.0,4.883668125375191
2025-10-01 04:00:00,1.7101795023633413,0.0,4.967388209462671
2025-10-01 05:00:00,1.8199516721394384,0.0,5.408966371730425
2025-10-01 06:00:00,2.2229594434618773,0.0,7.82638431502733
2025-10-01 07:00:00,2.753351227289173,0.773448175877003,8.67660200395594
2025-10-01 08:00:00,2.998888171200379,1.8751931274787006,7.809450664186027
2025-10-01 09:00:00,2.517205111995466,2.644212699721515,8.072017765075074
2025-10-01 10:00:00,2.3604802482689813,2.4001312183407437,6.171361950950969
2025-10-01 11:00:00,1.7897814231938438,3.614307008179083,5.912473228393967
2025-10-01 12:00:00,1.8159879705718422,3.547152925789335,6.414708963735311
2025-10-01 13:00:00,1.6619205769013081,2.689146935092702,6.1635635350134015
2025-10-01 14:00:00,1.8356779380859056,2.8188071578699785,5.938529292274817
2025-10-01 15:00:00,1.7714732230189114,1.9107498531952378,6.411379431913445
2025-10-01 16:00:00,2.3640441760249544,1.667106897647386,5.6953524658445325
2025-10-01 17:00:00,2.916585726819075,0.9646429966137933,11.830354944139454
2025-10-01 18:00:00,3.6313197794992873,3.7749193842872845e-16,12.168771129578323
2025-10-01 19:00:00,4.187815819539696,0.0,12.24043992762436
2025-10-01 20:00:00,3.9602218788721912,0.0,12.096786565546635
2025-10-01 21:00:00,2.930730976856926,0.0,11.961842303352965
2025-10-01 22:00:00,2.350956952681049,0.0,4.924566779617137
2025-10-01 23:00:00,1.9111039377115733,0.0,5.339420277792616
2025-10-02 00:00:00,1.5878944155459298,0.0,5.072118394860872
2025-10-02 01:00:00,1.2366189640305094,0.0,4.73832836827979
2025-10-02 02:00:00,1.2642766551684295,0.0,4.721029291041472
2025-10-02 03:00:00,1.6009173799150702,0.0,5.454038393778179
2025-10-02 04:00:00,1.3236013253619807,0.0,4.784371516403371
2025-10-02 05:00:00,1.7883720279732582,0.0,5.081819320125444
2025-10-02 06:00:00,2.3152524248410136,0.0,8.40527193042112
2025-10-02 07:00:00,2.8405658602772217,0.8774305945688508,8.162632187233848
2025-10-02 08:00:00,2.978745908865643,1.7119508596242206,7.7727072776989745
2025-10-02 09:00:00,2.723389538938499,2.3362767073842967,7.695291771444886
2025-10-02 10:00:00,2.4179327895322613,3.148155432202018,6.560966541853908
2025-10-02 11:00:00,1.9002124965657265,2.833211658586155,5.687650622419204
2025-10-02 12:00:00,1.5297052160574656,2.7139287314001352,5.834019229829628
2025-10-02 13:00:00,1.5789209900572727,3.616315326391633,6.11175109158536
2025-10-02 14:00:00,1.7176433308513863,2.3551781301547647,5.934336465277054
2025-10-02 15:00:00,2.180859378293855,2.5994957681679747,6.1721415614686865
2025-10-02 16:00:00,2.5377007224468056,1.6730282957313356,5.5596683623726415
2025-10-02 17:00:00,3.285138028330778,0.9561222597507611,11.93688018482808
2025-10-02 18:00:00,3.645507351393742,4.031893918807364e-16,12.203306624202765
2025-10-02 19:00:00,3.921372569925157,0.0,12.204321923105192
2025-10-02 20:00:00,3.7017912932618686,0.0,11.828264017108792
2025-10-02 21:00:00,3.0814150740818707,0.0,11.69348698662065
2025-10-02 22:00:00,2.268494859258208,0.0,5.064113932225662
2025-10-02 23:00:00,2.1124233324986883,0.0,4.606261206312786
2025-10-03 00:00:00,1.6325563149382813,0.0,5.385281178789172
2025-10-03 01:00:00,1.454738824365757,0.0,5.047222629272288
2025-10-03 02:00:00,1.600983264749773,0.0,4.79095652713341
2025-10-03 03:00:00,1.5609083327847855,0.0,4.683649577784172
2025-10-03 04:00:00,1.7239313078393754,0.0,4.8100830002622885
2025-10-03 05:00:00,1.6537455703652442,0.0,4.531420679696677
2025-10-03 06:00:00,2.269089492577572,0.0,8.148433721061494
2025-10-03 07:00:00,2.769510185601385,0.6967175095007954,7.759146022713817
2025-10-03 08:00:00,3.0935499381389655,1.6485309305838403,8.11990152852682
2025-10-03 09:00:00,2.683987406618309,2.234967119200802,8.161263715238713
2025-10-03 10:00:00,1.9162575519624299,2.3602053450874036,6.289799169564845
2025-10-03 11:00:00,1.6951766499584249,2.782744606008032,6.0755542790984665
2025-10-03 12:00:00,1.6176005114935486,3.4239100403370086,6.337570311349053
2025-10-03 13:00:00,1.5828451893804367,2.6672069053013403,6.4158331304219285
2025-10-03 14:00:00,1.9127301958467051,3.0697759793084973,6.077464551146996
2025-10-03 15:00:00,2.0105357581748624,2.3657478511398358,6.095557972467588
2025-10-03 16:00:00,2.431981714087792,1.3764233609513221,5.83275786031544
2025-10-03 17:00:00,3.098095808420471,0.7669188963881488,11.703712589832296
2025-10-03 18:00:00,3.90272596816414,3.4215671614041605e-16,12.384622352793333
2025-10-03 19:00:00,3.9114834380397916,0.0,12.181723113731907
2025-10-03 20:00:00,3.7160557240227274,0.0,12.206048716874708
2025-10-03 21:00:00,2.9395622530568497,0.0,11.822787117970353
2025-10-03 22:00:00,2.6325345102329374,0.0,5.4871764510836725
2025-10-03 23:00:00,1.9814081290654075,0.0,4.9314158226485905
2025-10-04 00:00:00,1.3939250748738707,0.0,4.759447786154398
2025-10-04 01:00:00,1.483422252013237,0.0,4.827897762441047
2025-10-04 02:00:00,1.5811742818786372,0.0,5.471357485015772
2025-10-04 03:00:00,1.4898656214258685,0.0,4.6666857121970615
2025-10-04 04:00:00,1.5357865174427792,0.0,4.774663246983152
2025-10-04 05:00:00,1.7572505859964391,0.0,5.869552795579362
2025-10-04 06:00:00,2.341782938443355,0.0,8.282311320897461
2025-10-04 07:00:00,2.724507822905651,0.742902147924114,7.7800832463724365
2025-10-04 08:00:00,2.931939962982806,1.6981055190691983,7.6755657923963625
2025-10-04 09:00:00,2.5778437835373182,1.879214422470098,7.4981908419955845
2025-10-04 10:00:00,2.3028932470538646,2.818014726544427,6.029134243866463
2025-10-04 11:00:00,1.8302480917920767,2.998788508296909,6.218406106336644
2025-10-04 12:00:00,1.57851045705389,2.8962707310584164,6.455639462970289
2025-10-04 13:00:00,1.6030781571782446,3.103408241298044,5.431804925650969
2025-10-04 14:00:00,1.7723683168633422,2.4868717020091053,5.60238554922817
2025-10-04 15:00:00,2.028358612867218,2.3069008112179032,5.9641348267299374
2025-10-04 16:00:00,2.502661447338033,1.3974065622885923,6.836301016757721
2025-10-04 17:00:00,3.066853958142328,0.7981594807583459,12.265770750719252
2025-10-04 18:00:00,3.6520487104475,3.9210374900372623e-16,12.111839932126523
2025-10-04 19:00:00,3.843412659665042,0.0,11.632522922842034
2025-10-04 20:00:00,3.648124816083105,0.0,11.364004410270379
2025-10-04 21:00:00,3.1058984853480807,0.0,12.011654905677155
2025-10-04 22:00:00,2.301755684680769,0.0,4.970189153253425
2025-10-04 23:00:00,1.936941859382782,0.0,4.919657743834619
2025-10-05 00:00:00,1.355235067587683,0.0,4.885869899705163
2025-10-05 01:00:00,1.25144172020993,0.0,4.77549379386806
2025-10-05 02:00:00,1.6276375855274143,0.0,4.706707361889373
2025-10-05 03:00:00,1.4563112690293332,0.0,5.416852339468449
2025-10-05 04:00:00,1.4904020627160857,0.0,4.734041511045389
2025-10-05 05:00:00,1.691314567699473,0.0,4.917155582369492
2025-10-05 06:00:00,2.3543940497667477,0.0,7.9882765682851495
2025-10-05 07:00:00,2.984452121507449,0.8361409453430018,8.211884100509389
2025-10-05 08:00:00,2.9395425440462963,1.5600261373182027,7.744450897641086
2025-10-05 09:00:00,2.7459185405962416,2.3446514952178226,8.293420406450082
2025-10-05 10:00:00,2.45199193655815,2.974731475752961,5.826100091534016
2025-10-05 11:00:00,1.585864751957116,2.8781824669458973,5.951430849223075
2025-10-05 12:00:00,1.9217880057870846,3.328794403038269,6.492929575697946
2025-10-05 13:00:00,1.9398776009038923,3.0940095440324855,5.7092316860703995
2025-10-05 14:00:00,1.254217348039945,2.3950787490059318,6.216271413732202
2025-10-05 15:00:00,1.9084983077386342,2.548244104043906,6.301383260417865
2025-10-05 16:00:00,2.311910117422634,1.7306272699823855,6.092969340672098
2025-10-05 17:00:00,3.0632387343019762,0.9443055821258959,11.964740753344447
2025-10-05 18:00:00,3.674340700396298,4.191887512451284e-16,12.63771121052465
2025-10-05 19:00:00,4.121763870635311,0.0,11.995846381674193
2025-10-05 20:00:00,3.7202128061386186,0.0,12.06122325000984
2025-10-05 21:00:00,2.9663148889476014,0.0,11.899041967836741
2025-10-05 22:00:00,2.393870828734373,0.0,5.045324557213916
2025-10-05 23:00:00,1.999750924059527,0.0,5.2892353936119365
2025-10-06 00:00:00,1.3224953701096702,0.0,4.917408397726647
2025-10-06 01:00:00,1.2536554502154862,0.0,4.367440861620882
2025-10-06 02:00:00,1.8036380875229931,0.0,5.154071054845046
2025-10-06 03:00:00,1.4311094563779443,0.0,4.676499667667356
2025-10-06 04:00:00,1.595354162661741,0.0,5.222562932587752
2025-10-06 05:00:00,1.7957223280202528,0.0,4.999602580481989
2025-10-06 06:00:00,2.3731518091695087,0.0,8.282932730993455
2025-10-06 07:00:00,3.0441344532509107,0.7228357238564754,7.715496869624837
2025-10-06 08:00:00,3.0869936994566105,1.6468596809052207,7.839433638849702
2025-10-06 09:00:00,2.5504982746646303,2.438998129909742,7.897989192201995
2025-10-06 10:00:00,2.08362864652351,3.0810556133268596,5.5553153392148715
2025-10-06 11:00:00,1.7975868913118256,2.8585938009309944,6.333426062614613
2025-10-06 12:00:00,1.5865227294201947,2.6416924629109984,5.512373125166601
2025-10-06 13:00:00,1.3149698651229467,3.1704261300386576,6.329194085393453
2025-10-06 14:00:00,1.7830691154791234,2.4731785133925137,6.1273195436020975
2025-10-06 15:00:00,1.760175708393926,2.457382309439238,5.940339800297144
2025-10-06 16:00:00,2.643747406521932,1.6812697327292587,6.103534844590434
2025-10-06 17:00:00,3.3760493895185446,0.8972380322378696,12.095319986499097
2025-10-06 18:00:00,3.69986043094386,4.511031051128153e-16,11.879871626526594
2025-10-06 19:00:00,4.065845901926135,0.0,12.08944494430794
2025-10-06 20:00:00,3.5523062088711868,0.0,12.219354998555103
2025-10-06 21:00:00,3.196502420049462,0.0,11.716595190053695
2025-10-06 22:00:00,2.344969739413486,0.0,5.103858485701872
2025-10-06 23:00:00,1.7594479902769127,0.0,4.212102471125821
2025-10-07 00:00:00,1.456653321036515,0.0,4.421120030029981
2025-10-07 01:00:00,1.430728302300179,0.0,5.169357995466929
2025-10-07 02:00:00,1.455952756947132,0.0,4.87465123044674
2025-10-07 03:00:00,1.6699254437566635,0.0,4.743968548251944
2025-10-07 04:00:00,1.4981609718043094,0.0,4.984092357932916
2025-10-07 05:00:00,2.11564508886017,0.0,4.881214503537732
2025-10-07 06:00:00,2.0921797086333846,0.0,7.703417660656106
2025-10-07 07:00:00,3.0205305057640435,0.8249100035079303,7.508285296420009
2025-10-07 08:00:00,2.847527029911214,1.389929894563482,7.40955275877993
2025-10-07 09:00:00,2.7781010619151365,1.9627509119624724,8.221637715577957
2025-10-07 10:00:00,2.217717743553086,3.024523891539915,5.873250134256804
2025-10-07 11:00:00,1.8058723068801847,2.520545174057733,6.290864794180475
2025-10-07 12:00:00,1.746961294803517,3.4220315260890963,5.870204950619081
2025-10-07 13:00:00,1.7982365751392584,3.290217852796093,6.106490985751012
2025-10-07 14:00:00,1.8387466831963037,2.870083086285265,5.962378667629641
2025-10-07 15:00:00,1.8623953422248705,2.154744913481187,6.013334018657729
2025-10-07 16:00:00,2.4473904555637516,1.3118824568909695,6.027911043183292
2025-10-07 17:00:00,2.985642818887432,0.9014832477195671,11.866287972950557
2025-10-07 18:00:00,3.588365913952482,3.3456860564454747e-16,11.63111354613616
2025-10-07 19:00:00,3.8280548700041073,0.0,12.22983952367211
2025-10-07 20:00:00,3.671462296136198,0.0,12.478064037657617
2025-10-07 21:00:00,3.1403918157298363,0.0,12.497764622992207
2025-10-07 22:00:00,2.1329263289659157,0.0,4.834019026679607
2025-10-07 23:00:00,1.9155802331280507,0.0,4.780048772608798
2025-10-08 00:00:00,1.7274573379568912,0.0,4.833715265649402
2025-10-08 01:00:00,1.668877163922102,0.0,4.947248779356863
2025-10-08 02:00:00,1.4169490559186952,0.0,4.984261710762109
2025-10-08 03:00:00,1.317942521941792,0.0,4.700621462522808
2025-10-08 04:00:00,1.6849316566693933,0.0,4.556079246036378
2025-10-08 05:00:00,1.5077774013629637,0.0,5.014982691952219
2025-10-08 06:00:00,2.4574617709395894,0.0,6.940877269731037
2025-10-08 07:00:00,2.746177846104768,0.6727892499523274,7.9698029542052575
2025-10-08 08:00:00,3.274698671283828,1.6330206890262664,7.7165757174766805
2025-10-08 09:00:00,2.519208223959159,1.9159142163516671,8.234046357983852
2025-10-08 10:00:00,2.4289690943559643,3.107080966585376,6.3142904631315435
2025-10-08 11:00:00,1.8423552820887332,3.492148671985717,6.32137372807438
2025-10-08 12:00:00,1.5771001296293725,2.9159948520198906,5.896065935612809
2025-10-08 13:00:00,1.3677860357731153,3.3771924522759207,5.659456796410977
2025-10-08 14:00:00,1.749530163459715,2.8387902635739235,5.755622304940014
2025-10-08 15:00:00,2.0245443997926764,1.9035120016969502,6.0862832049544195
2025-10-08 16:00:00,2.687521342497952,1.6237637880588773,5.506240657487643
2025-10-08 17:00:00,3.254162039366775,0.9473839293705079,12.418064846839211
2025-10-08 18:00:00,3.6480141614953263,3.577925645644173e-16,11.9008109904608
2025-10-08 19:00:00,3.84942061832078,0.0,12.15005210173288
2025-10-08 20:00:00,3.5318245771554593,0.0,11.465572165878948
2025-10-08 21:00:00,3.323934622923516,0.0,11.722205392272496
2025-10-08 22:00:00,2.302972460286962,0.0,4.428296256303086
2025-10-08 23:00:00,2.1445677688608615,0.0,5.306356848140346
2025-10-09 00:00:00,1.5788143754037725,0.0,4.9519385780374945
2025-10-09 01:00:00,1.5500759358000773,0.0,5.1713914860308705
2025-10-09 02:00:00,1.4586964205136503,0.0,5.019024104699023
2025-10-09 03:00:00,1.6265743952845475,0.0,5.140542516173708
2025-10-09 04:00:00,1.613636496274149,0.0,4.898767441877442
2025-10-09 05:00:00,1.8000096451737673,0.0,4.9389363231578285
2025-10-09 06:00:00,2.395339371554418,0.0,7.972480274357228
2025-10-09 07:00:00,2.7566201484040844,0.6700642731835893,8.121689496478169
2025-10-09 08:00:00,2.8802534063863936,1.7578748774284594,8.129635526365409
2025-10-09 09:00:00,2.868227063114727,2.402235520788102,8.843431065202203
2025-10-09 10:00:00,2.2816493122305044,3.1281121881318286,6.504480638213882
2025-10-09 11:00:00,1.9307681093745337,2.73032360298114,5.466372364233109
2025-10-09 12:00:00,1.5586787305970566,2.9244582712608342,5.957068356621823
2025-10-09 13:00:00,1.3918943598527935,3.1854490650825364,5.8782312479203505
2025-10-09 14:00:00,1.9204290718300987,3.1080581593033525,6.384039144243
2025-10-09 15:00:00,2.1551155036906837,2.589792151140542,5.905275611219635
2025-10-09 16:00:00,2.5523199163923627,1.5141580840280362,6.1392866632339995
2025-10-09 17:00:00,3.0447828971315456,0.8186968239438628,11.298881510915963
2025-10-09 18:00:00,3.6920507648645255,3.376621856285338e-16,11.545919756582016
2025-10-09 19:00:00,4.207349122747877,0.0,12.627687953730739
2025-10-09 20:00:00,3.684023786548705,0.0,12.015073319462473
2025-10-09 21:00:00,3.0080675656255003,0.0,11.700461992959294
2025-10-09 22:00:00,2.7005338042741096,0.0,5.072861261366762
2025-10-09 23:00:00,1.9153816362730847,0.0,4.684082313964246
2025-10-10 00:00:00,1.7653173685515393,0.0,4.914987937431295
2025-10-10 01:00:00,1.290831716957483,0.0,4.564214618226796
2025-10-10 02:00:00,1.5824543998153704,0.0,4.763383634661971
2025-10-10 03:00:00,1.838135848216702,0.0,4.875098993162412
2025-10-10 04:00:00,1.6204197223984986,0.0,5.336209794301014
2025-10-10 05:00:00,1.8157909650539192,0.0,5.139213802304948
2025-10-10 06:00:00,2.1157758659174246,0.0,8.191557210782628
2025-10-10 07:00:00,2.940567422952541,0.7131100563060867,7.992267604590806
2025-10-10 08:00:00,2.8844844108011145,1.5707868491349728,8.246854729510876
2025-10-10 09:00:00,2.764031762887131,2.347251737592805,7.737944219197027
2025-10-10 10:00:00,2.1060718186058978,2.7035315229062054,5.780188216505499
2025-10-10 11:00:00,2.090965797625478,2.8473758180442172,6.122277321437064
2025-10-10 12:00:00,1.799990505959037,2.6141310349828064,5.916255782991847
2025-10-10 13:00:00,1.5685248431729673,3.30312383353317,5.995846245491151
2025-10-10 14:00:00,1.487045637114918,2.687409792009351,5.950759416625622
2025-10-10 15:00:00,2.1535098494625426,2.2265057939822173,6.376035124368443
2025-10-10 16:00:00,2.3648624131459965,1.5360989186154288,6.391665879803662
2025-10-10 17:00:00,2.9371737738150587,0.7373687010039232,11.812150271830875
2025-10-10 18:00:00,3.472780758967805,3.5037930131986523e-16,11.47203919593278
2025-10-10 19:00:00,3.9031052360793415,0.0,11.786550929733707
2025-10-10 20:00:00,3.518902573804326,0.0,11.730911956029612
2025-10-10 21:00:00,3.0095278455991714,0.0,12.249524502239723
2025-10-10 22:00:00,2.531359912983299,0.0,5.276149243032338
2025-10-10 23:00:00,1.8662232639188805,0.0,4.690677745088607
2025-10-11 00:00:00,1.5534075765915192,0.0,4.773648572433546
2025-10-11 01:00:00,1.3920903046311484,0.0,4.556296673823469
2025-10-11 02:00:00,1.5145020273523297,0.0,5.040313557056828
2025-10-11 03:00:00,1.8156085816471128,0.0,4.9865250717747776
2025-10-11 04:00:00,1.563684198995635,0.0,5.236736545231678
2025-10-11 05:00:00,1.9130560545370376,0.0,5.149139388367829
2025-10-11 06:00:00,2.056109569436922,0.0,8.183060891316854
2025-10-11 07:00:00,3.0062318831497845,0.8625275357587007,7.537399388064278
2025-10-11 08:00:00,2.928422628855488,1.7965803159595652,7.812102189022323
2025-10-11 09:00:00,2.935833094281604,1.8030450449036575,8.28466919142296
2025-10-11 10:00:00,2.2727701162109537,2.8436780612716785,5.838427164461207
2025-10-11 11:00:00,1.949168512363984,2.5851024996711756,5.511730237659288
2025-10-11 12:00:00,1.7274095734318347,3.046662782840724,6.242396873961497
2025-10-11 13:00:00,1.5053965046280293,3.35277787662967,5.8268205014956775
2025-10-11 14:00:00,1.823953942817235,2.2731756078285126,6.318791098088063
2025-10-11 15:00:00,1.8092760624771826,2.564640610982833,5.9944755837479065
2025-10-11 16:00:00,2.5364423052072,1.590387246966068,5.916834167129677
2025-10-11 17:00:00,3.0444237058127066,0.7707450434726564,12.40895726733701
2025-10-11 18:00:00,3.7895321531334956,3.1450100168063187e-16,11.609203314258849
2025-10-11 19:00:00,3.9307010555102684,0.0,12.430266353889326
2025-10-11 20:00:00,3.7445946883898067,0.0,11.808193201336223
2025-10-11 21:00:00,2.94174691582383,0.0,12.048710958094803
2025-10-11 22:00:00,2.4568321506319606,0.0,5.051546058627674
2025-10-11 23:00:00,1.9291614637591035,0.0,4.871864052931251
2025-10-12 00:00:00,1.4190305361635918,0.0,4.7713661929769176
2025-10-12 01:00:00,1.4923363086024388,0.0,4.889053343310458
2025-10-12 02:00:00,1.5248273388228817,0.0,4.69563119486216
2025-10-12 03:00:00,1.435019900344443,0.0,5.588588192884409
2025-10-12 04:00:00,1.596643324340219,0.0,4.855660708793834
2025-10-12 05:00:00,1.7045588477598506,0.0,5.347684176328983
2025-10-12 06:00:00,2.6427986094013387,0.0,8.308151887572894
2025-10-12 07:00:00,2.9370837638184817,0.7094700117837311,8.108878921687058
2025-10-12 08:00:00,3.0409677390419505,1.4799235501839951,7.959296289780116
2025-10-12 09:00:00,2.9540699859171333,2.320696129270868,8.058134554124115
2025-10-12 10:00:00,1.9943592890722226,2.2382701494745234,6.171650930176249
2025-10-12 11:00:00,1.473779646935762,3.201753922278496,6.030140538178965
2025-10-12 12:00:00,1.5668640500876987,2.5409111981029016,5.52997530280691
2025-10-12 13:00:00,1.3664779340146205,3.4086875687260565,5.454506605124968
2025-10-12 14:00:00,1.6246771487857081,2.8717664514485235,6.452696467143531
2025-10-12 15:00:00,1.9539722881653825,2.227475009857996,5.209585829035359
2025-10-12 16:00:00,2.55781434695416,1.5008428985310627,6.0587055460880554
2025-10-12 17:00:00,2.9322149022964044,0.9341500664211339,11.929506595651976
2025-10-12 18:00:00,3.7970430637626973,4.085375920093978e-16,12.04824034375623
2025-10-12 19:00:00,4.0021584598362425,0.0,11.658009977629789
2025-10-12 20:00:00,3.7892246886737797,0.0,12.105203246380237
2025-10-12 21:00:00,3.024985178464555,0.0,12.061804930252523
2025-10-12 22:00:00,2.6271688739079595,0.0,5.8283035241839265
2025-10-12 23:00:00,1.9070069912507066,0.0,5.038994013955204
2025-10-13 00:00:00,1.766180902800028,0.0,5.404470532048442
2025-10-13 01:00:00,1.3820322055086496,0.0,4.550394297365587
2025-10-13 02:00:00,1.6161507683910281,0.0,5.306028595413614
2025-10-13 03:00:00,1.5185231862501305,0.0,5.067881990887054
2025-10-13 04:00:00,1.5667957481996548,0.0,5.080921605208426
2025-10-13 05:00:00,1.9502389399642208,0.0,5.085070563038114
2025-10-13 06:00:00,2.246062631678749,0.0,8.511901451392891
2025-10-13 07:00:00,2.3789211642136547,0.7706681622632925,8.076531339716771
2025-10-13 08:00:00,2.5405734047210715,1.2760730791755304,7.764763385244269
2025-10-13 09:00:00,2.969116370838236,2.341873961411115,7.815218588218566
2025-10-13 10:00:00,2.4757859292567437,2.9092149193527788,6.245138248159412
2025-10-13 11:00:00,2.140532749549255,2.7717958608198723,6.134236637466039
2025-10-13 12:00:00,1.624128472107858,3.0838007832778063,5.540857901391894
2025-10-13 13:00:00,1.3793673352552531,3.072233764756757,6.154392547157792
2025-10-13 14:00:00,1.5972304010553071,2.530743273077085,5.6752972929579935
2025-10-13 15:00:00,1.9248374693803447,2.25602353915009,6.131477405929227
2025-10-13 16:00:00,2.268696438560302,1.4970894104073007,5.758333788444423
2025-10-13 17:00:00,3.350240708383766,0.899264366674756,11.915555479597682
2025-10-13 18:00:00,4.073023892785247,4.0436156265394787e-16,11.836557462663162
2025-10-13 19:00:00,4.071742110972934,0.0,12.455673894970616
2025-10-13 20:00:00,3.735468730179088,0.0,12.120554325093007
2025-10-13 21:00:00,2.9087059243064304,0.0,12.3783339006922
2025-10-13 22:00:00,2.651663687352049,0.0,5.868563769038865
2025-10-13 23:00:00,1.9339793101425227,0.0,5.014041602578982
2025-10-14 00:00:00,1.4566789095128707,0.0,5.450597055890367
2025-10-14 01:00:00,1.572766616862164,0.0,4.790163300322161
2025-10-14 02:00:00,1.4168699380493173,0.0,5.376463432978813
2025-10-14 03:00:00,1.5495047343024826,0.0,4.757747345771231
2025-10-14 04:00:00,1.3995870830728203,0.0,4.994475460538114
2025-10-14 05:00:00,2.018454717281954,0.0,5.161063297050527
2025-10-14 06:00:00,2.2752769973868365,0.0,8.208269369017183
2025-10-14 07:00:00,2.9520360938823558,0.8183829772998277,7.618234507362174
2025-10-14 08:00:00,2.969833196520975,1.4877053541623997,7.739893422842662
2025-10-14 09:00:00,2.7578230904780323,1.8409423467246524,8.183435023631269
2025-10-14 10:00:00,2.109399546330996,3.0432087145694307,5.88968503103607
2025-10-14 11:00:00,1.9713951535635845,2.770321952668954,5.580795447341586
2025-10-14 12:00:00,1.495381716246721,2.8504483271596106,5.978706979647783
2025-10-14 13:00:00,1.5002991995750525,2.626878344321944,5.964308548162869
2025-10-14 14:00:00,1.660325055365338,3.1025067879394554,6.053074494392671
2025-10-14 15:00:00,1.9413074196295512,2.495220620677337,6.15877239628419
2025-10-14 16:00:00,2.163837631170405,1.4449285029063823,6.139695407725006
2025-10-14 17:00:00,3.0683336201144837,0.7230179544663028,11.769548071647423
2025-10-14 18:00:00,3.8563829936352434,4.140517870714045e-16,11.876751459386153
2025-10-14 19:00:00,3.943249300684822,0.0,12.278336607986349
2025-10-14 20:00:00,3.703388529051819,0.0,11.837044539887085
2025-10-14 21:00:00,3.127311878704004,0.0,11.881472382402281
2025-10-14 22:00:00,2.4008045380465917,0.0,4.548719275923147
2025-10-14 23:00:00,1.767955963157025,0.0,4.9913958589696295
2025-10-15 00:00:00,1.4946016507244269,0.0,5.103581139428166
2025-10-15 01:00:00,1.6497014790618676,0.0,4.407352034465918
2025-10-15 02:00:00,1.3470502753076317,0.0,4.678924885522067
2025-10-15 03:00:00,1.4713011749113372,0.0,4.573481679351986
2025-10-15 04:00:00,1.4087124121094077,0.0,5.236505671110123
2025-10-15 05:00:00,1.9965989314676404,0.0,4.4262946179659854
2025-10-15 06:00:00,2.2770849225315057,0.0,7.976394620866195
2025-10-15 07:00:00,2.6506860197463746,0.6744815308738578,8.215358646483665
2025-10-15 08:00:00,3.0138434632186946,1.5081381340101276,8.056346494735806
2025-10-15 09:00:00,2.597713014561311,1.807247443363304,7.868012400968315
2025-10-15 10:00:00,2.1362228308557283,2.534179502061907,6.103940516032701
2025-10-15 11:00:00,1.638411578133096,3.365523216661814,6.311091990149341
2025-10-15 12:00:00,1.4667408237165747,2.7515365919200705,5.967716516833743
2025-10-15 13:00:00,1.7768631931549077,3.4019749258305523,5.32831883011981
2025-10-15 14:00:00,1.550200227760568,2.260038105519736,6.344319837643697
2025-10-15 15:00:00,1.9930575604738696,2.2737089814482676,6.120079396518093
2025-10-15 16:00:00,2.2943069592096803,1.769098711250809,5.990077090497271
2025-10-15 17:00:00,3.216884561802169,0.8292767715514179,11.405888445529204
2025-10-15 18:00:00,3.583186160698989,4.24546029331861e-16,11.910507419049885
2025-10-15 19:00:00,4.005884195027671,0.0,11.737356830982986
2025-10-15 20:00:00,3.7450259886641595,0.0,11.635116221110659
2025-10-15 21:00:00,3.452121771541584,0.0,11.959065170789934
2025-10-15 22:00:00,2.5142623961256665,0.0,4.839209934350709
2025-10-15 23:00:00,1.8335976863657746,0.0,4.85897035920651
2025-10-16 00:00:00,1.6028109138220397,0.0,5.221887909978832
2025-10-16 01:00:00,1.8213166741337643,0.0,5.076671642035804
2025-10-16 02:00:00,1.260281253825051,0.0,4.851345553065066
2025-10-16 03:00:00,1.4011011519489007,0.0,4.813285633745063
2025-10-16 04:00:00,1.5804224768326753,0.0,4.863542428862104
2025-10-16 05:00:00,1.792828404822796,0.0,4.9257667309696975
2025-10-16 06:00:00,2.241025148807706,0.0,8.175215055312753
2025-10-16 07:00:00,2.5825811249482675,0.6727322649740319,7.68723196111205
2025-10-16 08:00:00,3.2105970312297196,1.4310987914216904,8.43753176525168
2025-10-16 09:00:00,2.5648617570241363,2.2377603470394374,8.175431597338292
2025-10-16 10:00:00,2.261215239131414,2.4736112922758564,5.1786216027378105
2025-10-16 11:00:00,2.0143061963749678,3.110744195964622,6.025604770328563
2025-10-16 12:00:00,1.6222299807783067,3.319663253742102,6.312220993012739
2025-10-16 13:00:00,1.4263534305195216,3.2613057234997305,6.11661177244824
2025-10-16 14:00:00,1.4578666289968638,2.323674339906865,5.876297712084551
2025-10-16 15:00:00,1.8886239126719804,1.8993357837799725,5.981672466106515
2025-10-16 16:00:00,2.3061977373254985,1.273750045436514,6.053495984451305
2025-10-16 17:00:00,3.133739163693133,0.780543945236871,12.230876476386994
2025-10-16 18:00:00,3.5268807886800593,3.2312322337975876e-16,11.57547154556289
2025-10-16 19:00:00,4.121955366396551,0.0,11.818494494029036
2025-10-16 20:00:00,3.754430720658487,0.0,12.491573438420243
2025-10-16 21:00:00,3.1314264302304666,0.0,12.00988416698428
2025-10-16 22:00:00,2.635860119664644,0.0,5.458370641063424
2025-10-16 23:00:00,1.8568639637593858,0.0,5.895677911335275
2025-10-17 00:00:00,1.391181065064479,0.0,4.852389557957582
2025-10-17 01:00:00,1.4184259593089523,0.0,4.640815657591799
2025-10-17 02:00:00,1.4758476819692063,0.0,4.92034078676602
2025-10-17 03:00:00,1.5138287241155104,0.0,5.32969781529462
2025-10-17 04:00:00,1.4913524502094033,0.0,5.371668761532886
2025-10-17 05:00:00,1.55192885093913,0.0,5.681593245547054
2025-10-17 06:00:00,2.2067993034253317,0.0,7.988958344205118
2025-10-17 07:00:00,2.8321898147302873,0.818981824500361,8.146416954665746
2025-10-17 08:00:00,3.0204423691352416,1.746457667423924,7.786469104713636
2025-10-17 09:00:00,2.9581862172695033,1.7987134467791137,7.247904515186715
2025-10-17 10:00:00,2.5845701421693574,2.8998395105783836,5.988104190705473
2025-10-17 11:00:00,1.9713316733296333,2.619085533379405,5.653873723878087
2025-10-17 12:00:00,1.8341358057114185,2.6436539749682284,6.193007160977901
2025-10-17 13:00:00,1.6882786993944048,3.3194676440367794,5.435582003838252
2025-10-17 14:00:00,1.916652865842065,2.1501953333104638,5.778200132784739
2025-10-17 15:00:00,2.200751837219838,2.311396598867631,6.0803037610921375
2025-10-17 16:00:00,2.5624269478199078,1.2868045008157711,6.111708650223937
2025-10-17 17:00:00,3.208911521901374,0.8121573949364566,11.98576822575718
2025-10-17 18:00:00,3.7063136350480814,3.8466404322234157e-16,12.560203550379333
2025-10-17 19:00:00,3.993799413718821,0.0,12.470839090742734
2025-10-17 20:00:00,3.686422692481278,0.0,11.794701752080224
2025-10-17 21:00:00,3.1961387127118535,0.0,12.482822900335908
2025-10-17 22:00:00,2.3116463973247394,0.0,5.528660434637054
2025-10-17 23:00:00,1.893867357048179,0.0,4.962829287787298
2025-10-18 00:00:00,1.1467780864977175,0.0,5.013620936855648
2025-10-18 01:00:00,1.7590539877768596,0.0,4.984783534062021
2025-10-18 02:00:00,1.4716554800097474,0.0,4.8065001835527905
2025-10-18 03:00:00,1.5958105239346962,0.0,4.836299696123159
2025-10-18 04:00:00,1.8346251149063797,0.0,5.395796771718978
2025-10-18 05:00:00,1.9004356545102656,0.0,5.1312128429451045
2025-10-18 06:00:00,2.5075902088712025,0.0,7.83374313588144
2025-10-18 07:00:00,2.591955292964549,0.7974433476355364,7.722201178293364
2025-10-18 08:00:00,3.359610111636873,1.623122300537582,7.772566880415957
2025-10-18 09:00:00,2.9413195765689437,1.8609698406382842,7.950843433389525
2025-10-18 10:00:00,2.3226275344477854,2.5101962925167536,6.273950966192178
2025-10-18 11:00:00,2.0711935075046797,3.0456450758079465,5.741975649172881
2025-10-18 12:00:00,1.4514624764517787,2.7358726719216047,6.270510770440976
2025-10-18 13:00:00,1.5299703237395128,3.103357123779898,6.059087024496389
2025-10-18 14:00:00,1.8768055369133143,2.353428611080042,6.0428525827595925
2025-10-18 15:00:00,1.643064764941903,1.9032358616733565,6.307738844443776
2025-10-18 16:00:00,2.5038208384468894,1.2412474027963427,6.253007615381937
2025-10-18 17:00:00,3.1827809239144593,0.716574050174151,11.578644632228533
2025-10-18 18:00:00,4.032482333362011,3.3449963231263437e-16,11.674795906257469
2025-10-18 19:00:00,3.762556692905072,0.0,11.931145050397381
2025-10-18 20:00:00,3.978542950738562,0.0,12.106791846909356
2025-10-18 21:00:00,3.0190303596052597,0.0,12.409372696566997
2025-10-18 22:00:00,2.3526471839418632,0.0,5.019520257758721
2025-10-18 23:00:00,1.7392326304711967,0.0,5.511108889617452
2025-10-19 00:00:00,1.3368757636544237,0.0,4.787997345834225
2025-10-19 01:00:00,1.5611188556790716,0.0,4.838726403716168
2025-10-19 02:00:00,1.337876880180492,0.0,4.908295248641911
2025-10-19 03:00:00,1.6385161083821471,0.0,4.754831742310094
2025-10-19 04:00:00,1.5165122036542062,0.0,5.347821344584412
2025-10-19 05:00:00,1.6734365680167915,0.0,4.169050726497211
2025-10-19 06:00:00,2.2117672816032035,0.0,7.848929320584912
2025-10-19 07:00:00,2.8287220435507,0.7915288640329631,8.34446218405955
2025-10-19 08:00:00,2.958400633907565,1.5580359633575156,7.9063044556792414
2025-10-19 09:00:00,2.783384564545549,2.466030508405747,8.321865941093751
2025-10-19 10:00:00,2.395678279850202,2.448063743136873,6.659305243498844
2025-10-19 11:00:00,2.0197948253534053,3.191121076637992,6.024115394110727
2025-10-19 12:00:00,1.58024341306177,3.048815677220234,6.350680280698422
2025-10-19 13:00:00,1.4166292532185132,2.615341629737583,6.725741257107381
2025-10-19 14:00:00,1.6715821492913348,2.1783653632200903,6.120627212163141
2025-10-19 15:00:00,1.9937212299917584,2.1983648530261353,5.985581043783509
2025-10-19 16:00:00,2.200643376307276,1.3866658436911694,6.270739595227519
2025-10-19 17:00:00,2.9693632553865488,0.8263381598314045,12.355265026011685
2025-10-19 18:00:00,3.6292204264442454,3.9167368523311637e-16,11.988355411837908
2025-10-19 19:00:00,3.968826677555351,0.0,11.854846902431772
2025-10-19 20:00:00,3.6229432066397993,0.0,12.5152185954889
2025-10-19 21:00:00,3.20900707984213,0.0,11.918815662683365
2025-10-19 22:00:00,2.178928622709879,0.0,5.358118631144677
2025-10-19 23:00:00,1.685575483936002,0.0,5.078860181960851
2025-10-20 00:00:00,1.4499702475477432,0.0,5.54808954729755
2025-10-20 01:00:00,1.4742425829400048,0.0,4.74528622320337
2025-10-20 02:00:00,1.2865300864689795,0.0,4.744705879390218
2025-10-20 03:00:00,1.436461131937075,0.0,5.256345920549001
2025-10-20 04:00:00,1.5558005380868059,0.0,4.660898208026809
2025-10-20 05:00:00,1.796396946840767,0.0,5.034988538746877
2025-10-20 06:00:00,2.3137208760505814,0.0,8.464522769887962
2025-10-20 07:00:00,2.6789791321237195,0.6757115322524923,7.4645503583199195
2025-10-20 08:00:00,3.221679068198459,1.6043056551629507,8.120641783582572
2025-10-20 09:00:00,2.851483742755665,2.161480553300132,8.36352361679728
2025-10-20 10:00:00,2.170180132478591,2.1796207485796386,5.992227700483955
2025-10-20 11:00:00,1.871608331615999,2.8321913639837595,5.721872150890256
2025-10-20 12:00:00,1.6453600071410253,2.667981128482957,5.921217597571797
2025-10-20 13:00:00,1.755470776729604,3.346791719633583,5.748444064057783
2025-10-20 14:00:00,1.5701106131155047,2.2191072801192884,6.020747467504933
2025-10-20 15:00:00,2.0382245967342336,2.175672716410449,5.9169883318943235
2025-10-20 16:00:00,2.4260303435704405,1.477445409457115,5.846021843260956
2025-10-20 17:00:00,3.3266894774050013,0.7909261786296267,12.139844218488507
2025-10-20 18:00:00,3.9307321787345977,4.2288179279534484e-16,12.473734686636416
2025-10-20 19:00:00,4.0295469015522976,0.0,12.098346263653351
2025-10-20 20:00:00,3.697755899031408,0.0,12.403099671133129
2025-10-20 21:00:00,3.1789418575295136,0.0,12.473647469334136
2025-10-20 22:00:00,2.3926310988595665,0.0,4.824007909304544
2025-10-20 23:00:00,2.174579354411916,0.0,5.082457551197358
2025-10-21 00:00:00,1.5118240810010144,0.0,4.872515706755413
2025-10-21 01:00:00,1.4397441086840577,0.0,4.555350847647171
2025-10-21 02:00:00,1.4357844044866064,0.0,5.1067282606156565
2025-10-21 03:00:00,1.3455181205544036,0.0,4.684355114585461
2025-10-21 04:00:00,1.6994409799136678,0.0,5.145290982679663
2025-10-21 05:00:00,1.7323899584981635,0.0,4.533236575057634
2025-10-21 06:00:00,2.4556608913853495,0.0,8.05129789984328
2025-10-21 07:00:00,2.584275706687018,0.8244056931123992,7.528780098718121
2025-10-21 08:00:00,3.0190898405432054,1.4036111714512793,8.202159429911578
2025-10-21 09:00:00,2.950786610570247,2.0496364102342186,7.881985977923157
2025-10-21 10:00:00,1.9684101008812438,2.7622708714849327,5.853062067739345
2025-10-21 11:00:00,2.160171439179691,2.585288224903396,6.337951455372879
2025-10-21 12:00:00,1.5629649297704682,2.98888159801049,5.90352894953592
2025-10-21 13:00:00,1.5944268628792577,2.5677559296283867,6.033255780621939
2025-10-21 14:00:00,1.745885361280409,2.1148106336674197,5.940415137909324
2025-10-21 15:00:00,2.0320431504934806,2.2346038440769993,6.1522177258029425
2025-10-21 16:00:00,2.460834762942021,1.5889881597365523,6.3128834766787785
2025-10-21 17:00:00,3.2525621874936417,0.9005523402828866,12.25069063706739
2025-10-21 18:00:00,3.8149590677769583,3.2183108995153204e-16,11.859999429132872
2025-10-21 19:00:00,4.264132176868253,0.0,12.362714090581747
2025-10-21 20:00:00,3.8154474236120066,0.0,11.725094591063934
2025-10-21 21:00:00,3.397646299060058,0.0,11.777255425986597
2025-10-21 22:00:00,2.55486042896429,0.0,4.961659779256371
2025-10-21 23:00:00,1.6516707696499262,0.0,5.314040135662637
2025-10-22 00:00:00,1.8917189710326388,0.0,4.648954574166918
2025-10-22 01:00:00,1.4144388872894005,0.0,5.267445243241596
2025-10-22 02:00:00,1.7290582696779553,0.0,4.983575871554606
2025-10-22 03:00:00,1.5314924748021255,0.0,4.86987994292416
2025-10-22 04:00:00,1.7751206493400562,0.0,5.329341909904378
2025-10-22 05:00:00,1.7521198022642197,0.0,4.759198751393616
2025-10-22 06:00:00,2.3848003350206257,0.0,8.685702846124979
2025-10-22 07:00:00,2.7402373829780933,0.7100847876464035,7.947007463437315
2025-10-22 08:00:00,3.2368540899357012,1.3498817258034677,8.044952511269312
2025-10-22 09:00:00,2.8440532719081806,2.346625097746452,8.462871504823577
2025-10-22 10:00:00,2.4316385567700243,2.3133671521161308,6.052778903574094
2025-10-22 11:00:00,1.5328200768899025,2.6514016609043374,6.356660663525213
2025-10-22 12:00:00,1.6139218073818908,2.9684343331974605,5.414052459759307
2025-10-22 13:00:00,1.6348453008136812,2.4222644431893845,5.867220887948711
2025-10-22 14:00:00,1.6937102134189135,2.9695305294526326,6.119020133526778
2025-10-22 15:00:00,2.067297374133825,2.0785953727417232,6.324425789287023
2025-10-22 16:00:00,2.3648665354324505,1.3133443826320135,6.230908967478273
2025-10-22 17:00:00,3.110272565692881,0.7014912447054424,12.202809632379868
2025-10-22 18:00:00,3.914282475500935,3.991270086302316e-16,12.318317352706359
2025-10-22 19:00:00,3.658196655346604,0.0,12.142505896022378
2025-10-22 20:00:00,3.8255008674295685,0.0,11.357044791963038
2025-10-22 21:00:00,3.052868247178562,0.0,12.432660975754105
2025-10-22 22:00:00,2.2828508842455983,0.0,4.74870050028692
2025-10-22 23:00:00,1.9730149221565625,0.0,5.094087502209249
2025-10-23 00:00:00,1.6841712637957609,0.0,5.0543014283501595
2025-10-23 01:00:00,1.6564620782836104,0.0,5.014198285720955
2025-10-23 02:00:00,1.4844597127617007,0.0,4.6681877946844885
2025-10-23 03:00:00,1.658834602898352,0.0,4.418392020849562
2025-10-23 04:00:00,1.746167295466546,0.0,4.699286328021088
2025-10-23 05:00:00,1.8422859483201137,0.0,5.247871531173302
2025-10-23 06:00:00,2.1869765707589566,0.0,7.566013441230748
2025-10-23 07:00:00,2.6829308601189044,0.824403943500013,7.735915708997599
2025-10-23 08:00:00,3.1256816255274384,1.6066339242261545,8.12541399613987
2025-10-23 09:00:00,2.771931024738725,2.020480580561074,7.691772597539691
2025-10-23 10:00:00,2.134319827615201,2.549720725152053,5.8370855430757285
2025-10-23 11:00:00,1.6047021822844942,2.5276894637794824,6.024546454821028
2025-10-23 12:00:00,1.7515324271646415,3.035416954656063,6.084792821739048
2025-10-23 13:00:00,1.4912457922153033,2.7062570990741985,5.685832215546458
2025-10-23 14:00:00,1.7097261408013547,2.4061878936211905,6.042282874974354
2025-10-23 15:00:00,2.109079828136516,2.4049421648966005,6.119656425859111
2025-10-23 16:00:00,2.2234135006750457,1.2945589177151489,5.618039842790384
2025-10-23 17:00:00,3.0961838928607595,0.8485484486523487,12.064452892816748
2025-10-23 18:00:00,3.711494338905856,3.318858422797471e-16,11.7850250310766
2025-10-23 19:00:00,4.056961437207602,0.0,12.037174554205823
2025-10-23 20:00:00,3.9229722919468824,0.0,12.216923700902143
2025-10-23 21:00:00,2.903533198878234,0.0,11.947122293814799
2025-10-23 22:00:00,2.5051682952345065,0.0,5.274024624793717
2025-10-23 23:00:00,2.0772618547642208,0.0,5.237244195272106
2025-10-24 00:00:00,1.4720970096809451,0.0,5.272349028577848
2025-10-24 01:00:00,1.4799734546270147,0.0,5.1209329819553995
2025-10-24 02:00:00,1.5674940727454334,0.0,5.330230067131822
2025-10-24 03:00:00,1.579196020017678,0.0,5.115528591059073
2025-10-24 04:00:00,1.7033100018047378,0.0,4.499821890097012
2025-10-24 05:00:00,1.9395837178542712,0.0,4.762378802972077
2025-10-24 06:00:00,2.1436428077148397,0.0,7.936622880019714
2025-10-24 07:00:00,2.9267559394429954,0.810457602646558,7.973833085185134
2025-10-24 08:00:00,3.1750210975257533,1.5633234884566856,8.107321627773759
2025-10-24 09:00:00,2.806165480849174,2.3315765911754442,7.7579144374519915
2025-10-24 10:00:00,2.067123864592339,2.7617597178834106,6.602612611364826
2025-10-24 11:00:00,1.8402197517108494,2.8600919310786117,5.969262507156506
2025-10-24 12:00:00,1.65591859089127,2.7309417115991073,5.997693661182649
2025-10-24 13:00:00,1.4015725198869142,2.3320209052520933,5.798775267859687
2025-10-24 14:00:00,1.6061472679164055,2.6640787250575695,5.698986971946019
2025-10-24 15:00:00,1.7117183839423664,1.9143552973833584,5.962109048829352
2025-10-24 16:00:00,2.510846005951035,1.3332108194749936,6.008265217256846
2025-10-24 17:00:00,3.127847797172994,0.8837188893575499,11.973928771051396
2025-10-24 18:00:00,3.4902309861165497,3.169538831685471e-16,12.496546782911237
2025-10-24 19:00:00,4.0527197351007045,0.0,11.96210719458665
2025-10-24 20:00:00,3.7286219500752735,0.0,11.974221217668688
2025-10-24 21:00:00,3.1804131134907556,0.0,12.244588643543262
2025-10-24 22:00:00,2.3609687378653272,0.0,4.94868025132124
2025-10-24 23:00:00,1.802311378403712,0.0,5.16180172061926
2025-10-25 00:00:00,1.3844268753057916,0.0,4.616286578496991
2025-10-25 01:00:00,1.4198649710787226,0.0,4.618656643670204
2025-10-25 02:00:00,1.5075504318848523,0.0,5.036617569336676
2025-10-25 03:00:00,1.5496672281479287,0.0,4.930514724328445
2025-10-25 04:00:00,1.5873491290284538,0.0,4.757292565531085
2025-10-25 05:00:00,1.7918937065446108,0.0,5.036555520207495
2025-10-25 06:00:00,2.238228163356365,0.0,8.062730028252494
2025-10-25 07:00:00,3.1543746826132937,0.6884329257882618,7.787030936848545
2025-10-25 08:00:00,2.8843948504724866,1.2772707300847315,7.844361252678722
2025-10-25 09:00:00,2.6945572455137,2.2019240180424915,8.064984964832867
2025-10-25 10:00:00,2.7853252768300116,2.8510074619544503,5.693676464604112
2025-10-25 11:00:00,1.920583602979946,3.211725294431381,5.818790139767496
2025-10-25 12:00:00,1.4197606094646302,3.2632268649328733,6.1601805421676
2025-10-25 13:00:00,1.6996656361515263,2.843440302591862,5.992849191002295
2025-10-25 14:00:00,1.5236621440727853,2.7792260143506198,5.856839146813236
2025-10-25 15:00:00,2.059483018246912,2.36918327684175,5.729079204305384
2025-10-25 16:00:00,2.3881078302974665,1.2111865390943164,5.69603659446828
2025-10-25 17:00:00,3.036985122514275,0.730372363545275,11.96047335555886
2025-10-25 18:00:00,3.978473206162824,3.1940913604158e-16,12.60774375697095
2025-10-25 19:00:00,4.084960208762294,0.0,12.16973599272237
2025-10-25 20:00:00,3.8830467078011983,0.0,11.600140727131574
2025-10-25 21:00:00,3.168188923005587,0.0,12.212164850219686
2025-10-25 22:00:00,2.353031924359677,0.0,4.772334017630717
2025-10-25 23:00:00,2.014236451553897,0.0,4.99854278701801
2025-10-26 00:00:00,1.6814358781771317,0.0,4.82334181865487
2025-10-26 01:00:00,1.5208012100886161,0.0,5.6068264438622
2025-10-26 02:00:00,1.774973058049671,0.0,4.659767626485526
2025-10-26 03:00:00,1.6550465388144961,0.0,5.094083676840638
2025-10-26 04:00:00,1.6477544931654111,0.0,4.794402858724625
2025-10-26 05:00:00,1.8931146185467613,0.0,5.221648423812976
2025-10-26 06:00:00,2.311524222902331,0.0,8.088036146018862
2025-10-26 07:00:00,2.590530146948005,0.7387060362965036,8.376365793845608
2025-10-26 08:00:00,2.986492793825927,1.208081230908146,8.215435338396754
2025-10-26 09:00:00,2.811431019596804,2.314335683467921,7.791939839337947
2025-10-26 10:00:00,2.22883439238481,2.3681430835019515,6.874860773260028
2025-10-26 11:00:00,1.9080831604165673,2.504205772424571,6.166627840095321
2025-10-26 12:00:00,1.6299538329034513,2.807430799423749,5.834801415351446
2025-10-26 13:00:00,1.689316339219752,3.0097560732677193,6.061662117853866
2025-10-26 14:00:00,1.759634834612817,2.840628812041567,6.1892500880307875
2025-10-26 15:00:00,1.948196785213874,1.8448582442642316,6.1778383436805715
2025-10-26 16:00:00,2.214670238507769,1.2826240384621939,6.148808429285033
2025-10-26 17:00:00,3.371562910739862,0.8682518058122772,12.289944646176412
2025-10-26 18:00:00,3.715814811053015,3.6157450697546755e-16,12.260451302880789
2025-10-26 19:00:00,3.9878670378091376,0.0,11.745730150129171
2025-10-26 20:00:00,3.685720164878909,0.0,12.632416231202171
2025-10-26 21:00:00,3.0296892226677645,0.0,12.590666345265063
2025-10-26 22:00:00,2.65130731012872,0.0,5.240289468571961
2025-10-26 23:00:00,2.1304399365730777,0.0,5.011609015265186
2025-10-27 00:00:00,1.5667125798111132,0.0,5.0167657648134165
2025-10-27 01:00:00,1.4844654803963744,0.0,4.902870681561607
2025-10-27 02:00:00,1.5975943651497582,0.0,4.941684732511552
2025-10-27 03:00:00,1.5385430055996157,0.0,4.343964675530588
2025-10-27 04:00:00,1.5874236729512046,0.0,5.459079035873874
2025-10-27 05:00:00,1.9061075271200383,0.0,5.353236092488647
2025-10-27 06:00:00,2.224764991515371,0.0,7.4969939622702775
2025-10-27 07:00:00,2.8160556043877687,0.7439871049900305,8.266996374460833
2025-10-27 08:00:00,3.030636762040463,1.421516002150421,7.997685617635421
2025-10-27 09:00:00,2.8686934499843177,2.279891456545558,7.940286158205299
2025-10-27 10:00:00,2.198376616953448,2.2844145393199065,6.147852452569223
2025-10-27 11:00:00,1.9639520605423442,3.1713920490966996,5.4771638431988645
2025-10-27 12:00:00,1.4908109854076088,3.304705975979947,5.996625245343662
2025-10-27 13:00:00,1.4873775578117512,3.242990897396779,6.02384435303951
2025-10-27 14:00:00,1.5808292185810957,2.2199503599771195,6.0241346893698555
2025-10-27 15:00:00,1.762316026220096,1.8592733518059856,5.589753180488317
2025-10-27 16:00:00,2.572101514710918,1.5074340678645282,6.134074789312701
2025-10-27 17:00:00,2.957596628509217,0.6528720704742789,12.317944498818626
2025-10-27 18:00:00,3.6322610102276855,3.020169067410085e-16,12.12219943922598
2025-10-27 19:00:00,4.188311162436404,0.0,11.931243626646518
2025-10-27 20:00:00,3.6515108869057697,0.0,12.806712180875806
2025-10-27 21:00:00,3.0747295683068807,0.0,11.72262756432242
2025-10-27 22:00:00,2.2678942527911614,0.0,5.232035390141226
2025-10-27 23:00:00,2.047475969658568,0.0,5.072982111704207
2025-10-28 00:00:00,1.6270640059031223,0.0,5.6036938849020315
2025-10-28 01:00:00,1.6114323891795002,0.0,5.116024944774413
2025-10-28 02:00:00,1.5853561416267867,0.0,5.180346573498519
2025-10-28 03:00:00,1.5385118249871312,0.0,5.151715094469278
2025-10-28 04:00:00,1.5373006106589717,0.0,4.682503241342679
2025-10-28 05:00:00,1.7331462428941857,0.0,4.739335863987839
2025-10-28 06:00:00,2.484424482571438,0.0,7.917299637010796
2025-10-28 07:00:00,2.8929366055462427,0.7926401108747576,8.287214845243762
2025-10-28 08:00:00,2.896007989117154,1.3294396309109617,8.069929021607384
2025-10-28 09:00:00,2.784227812029099,2.3456358889691122,7.937979533993032
2025-10-28 10:00:00,2.246229896627037,2.8633412559314393,6.4116599403346
2025-10-28 11:00:00,1.6882000017550005,3.0138706824712767,5.405271071756368
2025-10-28 12:00:00,1.65340541584338,2.8454593680511557,5.6112539609516885
2025-10-28 13:00:00,1.5109386559190576,2.3347806388683754,5.251020061481085
2025-10-28 14:00:00,1.5172874775086045,2.0767709541670354,6.36249315147302
2025-10-28 15:00:00,1.7012539089548835,1.7745300059143152,5.970982156628086
2025-10-28 16:00:00,2.185181647172218,1.4871244800439887,6.289887533607837
2025-10-28 17:00:00,3.0472405807834906,0.8229675797436047,11.967222500090287
2025-10-28 18:00:00,3.724334215274949,4.0809968031426096e-16,12.306955100558088
2025-10-28 19:00:00,3.86870488433906,0.0,11.96197430514778
2025-10-28 20:00:00,3.8347092063324015,0.0,12.122973427529367
2025-10-28 21:00:00,3.0931189898101508,0.0,12.07905404724338
2025-10-28 22:00:00,2.5062313995184393,0.0,5.10131218696639
2025-10-28 23:00:00,1.8950966699870093,0.0,5.5054211660623515
2025-10-29 00:00:00,1.3819859239933967,0.0,4.512672646027799
2025-10-29 01:00:00,1.5177081392317753,0.0,4.9794849932381835
2025-10-29 02:00:00,1.3153254905949467,0.0,5.059396164253409
2025-10-29 03:00:00,1.608389236429707,0.0,5.0144861042090945
2025-10-29 04:00:00,1.4753847297226992,0.0,4.8806344338339835
2025-10-29 05:00:00,1.993126517874106,0.0,4.839585114676937
2025-10-29 06:00:00,2.2401702916209003,0.0,8.459004396623273
2025-10-29 07:00:00,2.9375959922337413,0.7567180053443796,7.97878367343471
2025-10-29 08:00:00,2.8316101449089706,1.3357867288454417,8.731383960169213
2025-10-29 09:00:00,2.676587591686306,2.189980246594667,8.158482495912455
2025-10-29 10:00:00,2.348387402602075,2.54114707337395,5.913103330267295
2025-10-29 11:00:00,2.0330061716248764,2.7994290838962796,6.16580365213939
2025-10-29 12:00:00,1.876749045597423,3.321977106339259,6.032679861131314
2025-10-29 13:00:00,1.5794674801070678,2.5944204889364824,6.402599780081817
2025-10-29 14:00:00,1.9358298220709709,2.6001197242995793,5.649683304182855
2025-10-29 15:00:00,1.879674109602333,1.6687134781384338,5.459644204975627
2025-10-29 16:00:00,2.5845673155575146,1.5525846752671766,6.108294303145
2025-10-29 17:00:00,2.9616273503937904,0.7423252350136232,12.250708769418281
2025-10-29 18:00:00,3.8001285368681743,3.1481022465607512e-16,12.08577163488538
2025-10-29 19:00:00,3.6487460497349407,0.0,12.201742553690726
2025-10-29 20:00:00,3.5688596404358486,0.0,12.157631058816076
2025-10-29 21:00:00,3.1729524907897098,0.0,11.555879941401098
2025-10-29 22:00:00,2.222832775098563,0.0,5.084371911141955
2025-10-29 23:00:00,1.9865757301335432,0.0,5.3950341990714294
2025-10-30 00:00:00,1.636022287396317,0.0,5.051530086443394
2025-10-30 01:00:00,1.4253924746532416,0.0,4.607012541513556
2025-10-30 02:00:00,1.3593837240465654,0.0,4.8998428645715455
2025-10-30 03:00:00,1.456345465955999,0.0,5.167027018913968
2025-10-30 04:00:00,1.4710852628220414,0.0,5.538689084839416
2025-10-30 05:00:00,1.8402096051917012,0.0,4.413096175646817
2025-10-30 06:00:00,2.3062522472904,0.0,8.108369635730643
2025-10-30 07:00:00,2.7323144463227327,0.7220707157064767,7.720337733010965
2025-10-30 08:00:00,3.251157509225241,1.6711173035551206,8.152318128901625
2025-10-30 09:00:00,2.6703424738425827,2.299249569557313,8.176349377693562
2025-10-30 10:00:00,2.4999621374630863,2.247021235368193,5.930055835011181
2025-10-30 11:00:00,1.701245722164046,3.156236069765338,6.18947976068739
2025-10-30 12:00:00,1.637674344841417,2.4895470457567064,6.341968714945264
2025-10-30 13:00:00,1.7507283668371474,3.100867098575962,5.950628488372933
2025-10-30 14:00:00,1.829871550290955,2.195581085418152,5.598851919850505
2025-10-30 15:00:00,1.8600851074211124,1.9652672004572198,6.427671846323322
2025-10-30 16:00:00,2.5030126302137705,1.6708741010065191,6.248608457712293
2025-10-30 17:00:00,3.16613136248732,0.6336737096741623,12.169126929493693
2025-10-30 18:00:00,3.656107584049775,3.914644929494393e-16,11.792710005264375
2025-10-30 19:00:00,4.092392496435619,0.0,12.295630762288233
2025-10-30 20:00:00,4.016472117991673,0.0,12.612727692986532
2025-10-30 21:00:00,3.1737060708369897,0.0,11.963606900925374
2025-10-30 22:00:00,2.504652059789242,0.0,5.028347809937154
2025-10-30 23:00:00,2.023356535245272,0.0,4.680442803891089
2025-10-31 00:00:00,1.2809070781711915,0.0,4.784137399534732
2025-10-31 01:00:00,1.5696242045419266,0.0,4.67762918408511
2025-10-31 02:00:00,1.352212731171916,0.0,5.039246758968965
2025-10-31 03:00:00,1.4389904172295398,0.0,4.897766314182542
2025-10-31 04:00:00,1.9402483778779447,0.0,5.1118400769988
2025-10-31 05:00:00,1.8174023974452673,0.0,4.732429748777745
2025-10-31 06:00:00,2.1799125379130535,0.0,7.949733035070256
2025-10-31 07:00:00,2.951103351622463,0.8175683910384073,7.713939132487365
2025-10-31 08:00:00,2.857852072770861,1.2575898549798088,8.056271473309339
2025-10-31 09:00:00,2.7111401751671775,2.153202796465604,7.51030271001605
2025-10-31 10:00:00,2.4786049857727144,2.4277372585813524,6.045473492296437
2025-10-31 11:00:00,1.8638467424070568,2.330141334106802,5.916380916364049
2025-10-31 12:00:00,1.3925181525812051,2.519377104698137,6.0542892266767465
2025-10-31 13:00:00,1.6548609977033297,2.3983052260640023,5.504319998022625
2025-10-31 14:00:00,1.600698095145981,2.566248339753865,6.19641470218065
2025-10-31 15:00:00,2.1541015150556846,1.717574030344326,5.910377132221928
2025-10-31 16:00:00,2.3288241300579484,1.5836396938372885,6.065133814608558
2025-10-31 17:00:00,3.2606383959965752,0.815496144735746,11.438977721676837
2025-10-31 18:00:00,4.003453165693544,2.965762678763732e-16,11.62718001712982
2025-10-31 19:00:00,3.872358522291672,0.0,11.882953751666477
2025-10-31 20:00:00,3.7081163390700884,0.0,12.412650041553043
2025-10-31 21:00:00,3.1612447621992628,0.0,12.158181404529028
2025-10-31 22:00:00,2.2910967400455156,0.0,5.038962512417131
2025-10-31 23:00:00,1.9630775305213402,0.0,4.72270755021542
2025-11-01 00:00:00,1.4663155261485636,0.0,4.668120515120378
2025-11-01 01:00:00,1.4638303678219784,0.0,5.082996557289639
2025-11-01 02:00:00,1.5120674263039118,0.0,5.210206789456228
2025-11-01 03:00:00,1.5381631656709944,0.0,5.062692230440102
2025-11-01 04:00:00,1.6405392260610754,0.0,5.512867162426319
2025-11-01 05:00:00,1.7655676870755712,0.0,4.795261483029143
2025-11-01 06:00:00,2.2076628949047246,0.0,8.053810982232484
2025-11-01 07:00:00,2.7604278264635296,0.7738801011970494,7.492047582769129
2025-11-01 08:00:00,2.9932899770118486,1.3026435111840746,8.063313656200169
2025-11-01 09:00:00,2.7124256458036364,1.73798392900791,8.440811964006588
2025-11-01 10:00:00,2.339838106887692,2.14868553561939,5.687547335216441
2025-11-01 11:00:00,1.5852173453095835,3.1570319876773167,6.2526394625886175
2025-11-01 12:00:00,1.517187770513842,3.0157179754842516,6.43231192390965
2025-11-01 13:00:00,1.5312733816245088,2.3016033208652087,5.793086167550555
2025-11-01 14:00:00,1.5317506993983667,2.8718899089594343,6.140081908223404
2025-11-01 15:00:00,2.167503494297481,2.220194327764767,6.473889523442583
2025-11-01 16:00:00,2.4225814492118114,1.320702502665516,6.069142548683863
2025-11-01 17:00:00,3.129469951671572,0.7254761556817042,12.236014499253491
2025-11-01 18:00:00,3.6646138546438674,3.745737426353245e-16,11.467815192174598
2025-11-01 19:00:00,3.9976331678074635,0.0,12.179140958031716
2025-11-01 20:00:00,3.554810272538407,0.0,12.1551713221559
2025-11-01 21:00:00,3.077478415663334,0.0,11.602136380211762
2025-11-01 22:00:00,2.2791473386392784,0.0,4.710701403808935
2025-11-01 23:00:00,1.8809227508017412,0.0,5.18120054065945
2025-11-02 00:00:00,1.116066084329088,0.0,4.909186428704908
2025-11-02 01:00:00,1.3313900222944544,0.0,5.333581516690792
2025-11-02 02:00:00,1.724315628074845,0.0,5.093218079151635
2025-11-02 03:00:00,1.6520331207003411,0.0,5.016936669962682
2025-11-02 04:00:00,1.813813011086954,0.0,4.948865290033097
2025-11-02 05:00:00,2.063549829344727,0.0,5.087804639580354
2025-11-02 06:00:00,2.3918867671818593,0.0,8.240879711754847
2025-11-02 07:00:00,2.7102856619803837,0.84925039369301,8.160155207906291
2025-11-02 08:00:00,2.8444159812573746,1.2732185775063498,7.873097401877305
2025-11-02 09:00:00,2.9502647376130837,1.9288806366347717,8.371831115762081
2025-11-02 10:00:00,2.300932356732898,2.176199233583127,6.19730827183857
2025-11-02 11:00:00,2.231535030068149,2.9205982001288513,6.1155701674920575
2025-11-02 12:00:00,1.5719930129485715,2.757741653009387,6.027509153223699
2025-11-02 13:00:00,1.869196933772009,2.642152913544012,6.15001486930154
2025-11-02 14:00:00,1.6366492088485942,2.7668213281468,5.450496318082474
2025-11-02 15:00:00,2.123531081664953,2.177693955867927,6.07239278231437
2025-11-02 16:00:00,2.6742559327879367,1.420566771577941,6.492054878869817
2025-11-02 17:00:00,2.9495120107105794,0.7221222003226303,12.06599600601134
2025-11-02 18:00:00,3.664348749095056,4.0159814152486995e-16,12.025043195612092
2025-11-02 19:00:00,3.845053122008628,0.0,11.82123470835828
2025-11-02 20:00:00,3.5526066189450836,0.0,12.14781818406509
2025-11-02 21:00:00,3.2030109986563375,0.0,11.941477677798556
2025-11-02 22:00:00,2.3902043473912884,0.0,5.392789934717177
2025-11-02 23:00:00,1.930388236993686,0.0,4.740914092595753
2025-11-03 00:00:00,1.5834894395204546,0.0,4.86430851971989
2025-11-03 01:00:00,1.221982478503746,0.0,4.819736582928317
2025-11-03 02:00:00,1.6977415679912533,0.0,5.550373726613427
2025-11-03 03:00:00,1.4751093338332222,0.0,4.943070301516279
2025-11-03 04:00:00,1.695817306635348,0.0,4.835576761138576
2025-11-03 05:00:00,1.9484985647783708,0.0,4.372821636363606
2025-11-03 06:00:00,2.4965581376717636,0.0,7.726588404339193
2025-11-03 07:00:00,2.7624873566197987,0.7671171188024299,8.158365483017782
2025-11-03 08:00:00,2.681458004340778,1.2569029030299859,8.157162722477402
2025-11-03 09:00:00,2.7868221888136633,2.0645710816163074,7.804639030263932
2025-11-03 10:00:00,2.3213531892990296,2.1258690363403487,5.8213032301100744
2025-11-03 11:00:00,1.7022924787398455,2.711943720250109,6.557961320419399
2025-11-03 12:00:00,1.6488813075151254,2.89350223848232,6.808913928766543
2025-11-03 13:00:00,1.5191097903459931,2.844952614636521,6.344931777035551
2025-11-03 14:00:00,1.458754885060581,2.1293880295274783,6.467783966188407
2025-11-03 15:00:00,2.0238465263275405,1.7038009251921473,6.531427578935636
2025-11-03 16:00:00,2.335193399568399,1.2856728429678113,6.664371464971415
2025-11-03 17:00:00,3.041997617727126,0.7549457070976452,11.909421641877794
2025-11-03 18:00:00,3.6677116337456237,3.9665661455249073e-16,11.736519611177998
2025-11-03 19:00:00,4.18532179548303,0.0,12.550046934941472
2025-11-03 20:00:00,3.7309608679178083,0.0,11.710711794617504
2025-11-03 21:00:00,3.1148159441594685,0.0,11.69142117173363
2025-11-03 22:00:00,2.353603179770682,0.0,4.698309594721556
2025-11-03 23:00:00,1.9919633118534015,0.0,4.960581098670421
2025-11-04 00:00:00,1.7024512765420634,0.0,4.404687238564578
2025-11-04 01:00:00,1.5977696261839591,0.0,4.570067172932019
2025-11-04 02:00:00,1.6077567115979234,0.0,4.813298361849998
2025-11-04 03:00:00,1.6184079892168617,0.0,4.64122240585248
2025-11-04 04:00:00,1.408920714202995,0.0,5.318723544207377
2025-11-04 05:00:00,1.723973814139218,0.0,5.001994460455295
2025-11-04 06:00:00,2.2601905445173185,0.0,8.173106576280833
2025-11-04 07:00:00,2.66933635841327,0.6071167187493717,8.140259053788181
2025-11-04 08:00:00,2.840323069483818,1.3669159330947414,7.937968073070085
2025-11-04 09:00:00,2.497426685665043,2.2070481183499924,8.296439457568
2025-11-04 10:00:00,2.0892677786046683,2.852061956120556,6.135644365554882
2025-11-04 11:00:00,1.8189527740094729,2.581022455846416,5.904479918063355
2025-11-04 12:00:00,1.616343754327352,2.325983415887101,5.494827041665805
2025-11-04 13:00:00,1.4543044891353505,2.698062548986085,6.156197517720538
2025-11-04 14:00:00,1.6720067593554413,2.233601913594251,5.62160898659223
2025-11-04 15:00:00,1.8580487459398913,2.2545698534747283,6.114084937677256
2025-11-04 16:00:00,2.583338210309146,1.5046438824474773,6.023666567601869
2025-11-04 17:00:00,3.0787106353339606,0.7002851979821866,11.59188924478806
2025-11-04 18:00:00,3.8415480930489436,3.7464676070353024e-16,12.077519112310446
2025-11-04 19:00:00,4.030482070207611,0.0,12.057395831079143
2025-11-04 20:00:00,3.526787636297209,0.0,12.058484250418527
2025-11-04 21:00:00,3.089352244717019,0.0,12.04409907518661
2025-11-04 22:00:00,2.234354988029339,0.0,4.804283544163058
2025-11-04 23:00:00,1.9063151627826274,0.0,5.177482740230107
2025-11-05 00:00:00,1.388283946689859,0.0,4.793703261714001
2025-11-05 01:00:00,1.5578849585837045,0.0,4.677622725797522
2025-11-05 02:00:00,1.303373516777765,0.0,5.20239011129943
2025-11-05 03:00:00,1.5296787321261254,0.0,5.2809291802672425
2025-11-05 04:00:00,1.7018194480841484,0.0,5.181859429984329
2025-11-05 05:00:00,1.9915309742904381,0.0,4.9378415415612675
2025-11-05 06:00:00,2.176313489874554,0.0,7.41816028882491
2025-11-05 07:00:00,2.78087861061833,0.6653822024976916,8.444507051266093
2025-11-05 08:00:00,3.027625669133954,1.3305537537906114,7.4134707677634095
2025-11-05 09:00:00,3.010321988727044,2.071992276544353,8.175818418025665
2025-11-05 10:00:00,2.069047651462269,2.7498615054304527,6.633071055341737
2025-11-05 11:00:00,1.7207662258502057,2.8372718327056634,6.0448399343829315
2025-11-05 12:00:00,2.0474270832605965,2.9339003247604483,6.08736991337954
2025-11-05 13:00:00,1.5322979629615407,2.996302227907314,6.11379628488405
2025-11-05 14:00:00,1.3765189059674663,2.1306318514825664,6.059450201897995
2025-11-05 15:00:00,1.835741270573923,1.8343170646703353,6.705184045182153
2025-11-05 16:00:00,2.0044211889834145,1.1737214729201502,5.747050544181425
2025-11-05 17:00:00,3.139092606806109,0.6837775096911919,11.709382006016071
2025-11-05 18:00:00,3.858566174880419,4.018268053484488e-16,11.901749679952143
2025-11-05 19:00:00,3.8632506494380947,0.0,12.522249477774453
2025-11-05 20:00:00,3.666489703846091,0.0,11.82693701730643
2025-11-05 21:00:00,3.241499094382932,0.0,12.129089475537238
2025-11-05 22:00:00,2.157166283201731,0.0,5.321302562374594
2025-11-05 23:00:00,1.7242976066852338,0.0,5.2336950859775335
2025-11-06 00:00:00,1.4658362920171166,0.0,5.30542215246891
2025-11-06 01:00:00,1.3877402779409604,0.0,5.425395910773237
2025-11-06 02:00:00,1.460646632776657,0.0,5.092469512907578
2025-11-06 03:00:00,1.3379109104232314,0.0,4.862885330503479
2025-11-06 04:00:00,1.6481041335878954,0.0,5.044165667168148
2025-11-06 05:00:00,1.8330066761170904,0.0,4.89828396166117
2025-11-06 06:00:00,2.3733172276921426,0.0,8.75646559451272
2025-11-06 07:00:00,2.808275889859298,0.8418124471979661,7.840203004114615
2025-11-06 08:00:00,3.031007134071621,1.179985820378301,8.144942301343892
2025-11-06 09:00:00,2.561306943616112,1.8105010699526842,7.549740320259008
2025-11-06 10:00:00,2.3651358933215203,2.336674046984549,6.039845517936424
2025-11-06 11:00:00,1.8078016473401968,2.7635304396149802,5.913868843370617
2025-11-06 12:00:00,1.601767963202742,2.8249392516826513,6.202705615753329
2025-11-06 13:00:00,1.7305022120135582,2.749575775984289,6.210525910609399
2025-11-06 14:00:00,1.5522526439754232,2.744131944553334,6.425099541687998
2025-11-06 15:00:00,2.125801441344998,1.811351606204806,6.401270800244497
2025-11-06 16:00:00,2.6364234671090325,1.5453758303212026,5.9801085213629905
2025-11-06 17:00:00,3.215872165542342,0.7342132915517515,11.716684157249285
2025-11-06 18:00:00,3.590005339223573,3.392940266958331e-16,11.751868095113196
2025-11-06 19:00:00,3.672056019019368,0.0,12.090821392806594
2025-11-06 20:00:00,3.898923529322808,0.0,12.04733583401613
2025-11-06 21:00:00,3.119658730277257,0.0,12.077377977234386
2025-11-06 22:00:00,2.3079189823054223,0.0,4.839466908099055
2025-11-06 23:00:00,2.098567640078506,0.0,5.431171229393608
2025-11-07 00:00:00,1.370819737142791,0.0,4.558194853304034
2025-11-07 01:00:00,1.4369672148263417,0.0,4.822860445504682
2025-11-07 02:00:00,1.5834602220452443,0.0,4.67686786741074
2025-11-07 03:00:00,1.360433033591978,0.0,4.937308043097005
2025-11-07 04:00:00,1.5995349742586091,0.0,5.373969922819387
2025-11-07 05:00:00,2.0187622164810928,0.0,4.913673829055234
2025-11-07 06:00:00,2.322605265100357,0.0,8.030443200732178
2025-11-07 07:00:00,2.965329915310806,0.762661578058888,8.199272856927571
2025-11-07 08:00:00,3.1700439768981177,1.3537535991405079,7.899405092590571
2025-11-07 09:00:00,2.779413796958872,1.708311781370463,8.114788299278374
2025-11-07 10:00:00,1.940735954121181,2.810909814571183,6.075226725549611
2025-11-07 11:00:00,1.691565763328567,2.8836712971410776,5.660757205810182
2025-11-07 12:00:00,1.741257826207858,2.876157525272428,5.860705381634538
2025-11-07 13:00:00,1.3407248425121439,2.658032366381276,6.106375683923023
2025-11-07 14:00:00,1.6111640891649148,2.5778643426779415,6.384657607697186
2025-11-07 15:00:00,1.9738958841295025,1.7006511987618966,6.384378087677454
2025-11-07 16:00:00,2.640187776567295,1.2999819707777196,6.628646109129998
2025-11-07 17:00:00,3.016701545469524,0.6219563596038229,12.145637146786338
2025-11-07 18:00:00,3.640575304476217,2.94448067679469e-16,11.876005633594689
2025-11-07 19:00:00,3.9921331408890826,0.0,11.980814300436503
2025-11-07 20:00:00,3.7897352376553326,0.0,11.965870554510918
2025-11-07 21:00:00,3.079813946968181,0.0,11.877635936029247
2025-11-07 22:00:00,2.577088855261513,0.0,5.114886603038648
2025-11-07 23:00:00,1.8026617135608949,0.0,5.128846548984244
2025-11-08 00:00:00,1.5180777092813191,0.0,4.6478727509172515
2025-11-08 01:00:00,1.5673724100980362,0.0,5.326451014332388
2025-11-08 02:00:00,1.4446917459118167,0.0,4.448958918477668
2025-11-08 03:00:00,1.6534299488182047,0.0,4.933255414122888
2025-11-08 04:00:00,1.6383008918860218,0.0,5.344794581916858
2025-11-08 05:00:00,1.9737184958669298,0.0,5.182217428039497
2025-11-08 06:00:00,2.3200542697645123,0.0,7.892907852206883
2025-11-08 07:00:00,2.834676650510338,0.8161706360788766,8.590647054035294
2025-11-08 08:00:00,2.9051448596698144,1.2467385435964295,7.8679779493081465
2025-11-08 09:00:00,2.6836372910169457,2.1775303339623493,7.399414709285516
2025-11-08 10:00:00,2.474906632564106,2.132423551341488,6.13582190650333
2025-11-08 11:00:00,1.9527581742889129,2.801117672718577,5.466445933366981
2025-11-08 12:00:00,1.4733129344168243,2.712561345178658,5.750565441467558
2025-11-08 13:00:00,1.6003920692531617,2.294115359574575,6.186825079518777
2025-11-08 14:00:00,1.3041015694226434,2.0748385125190825,5.861742700230464
2025-11-08 15:00:00,1.8370327675212352,1.8012692628370335,6.174182852325885
2025-11-08 16:00:00,2.5639063236960546,1.5100026276057719,5.652570200418098
2025-11-08 17:00:00,3.0841826616310124,0.772126196070787,12.257544007278621
2025-11-08 18:00:00,3.754785361288591,3.0285042136324705e-16,11.492716052621464
2025-11-08 19:00:00,3.547542818885376,0.0,12.395589482387555
2025-11-08 20:00:00,3.6782602494633942,0.0,11.857393128905935
2025-11-08 21:00:00,3.153691804651677,0.0,12.459347556620456
2025-11-08 22:00:00,2.4894920842383925,0.0,4.747846313309977
2025-11-08 23:00:00,2.06688664521532,0.0,5.577429584515531
2025-11-09 00:00:00,1.4685149065084484,0.0,4.7127016657918475
2025-11-09 01:00:00,1.475742131667361,0.0,4.461815395998594
2025-11-09 02:00:00,1.3049090529862157,0.0,5.012930982835773
2025-11-09 03:00:00,1.4967952274582301,0.0,5.370196711728806
2025-11-09 04:00:00,1.4267208513399996,0.0,5.237236553788579
2025-11-09 05:00:00,1.5782111209232763,0.0,5.348891380749153
2025-11-09 06:00:00,2.128161748040601,0.0,8.243156059364468
2025-11-09 07:00:00,3.0045187009578496,0.777337808516736,7.753919633313299
2025-11-09 08:00:00,2.9594194429702263,1.4696151633822199,8.229925068525581
2025-11-09 09:00:00,2.811234651249134,2.2793899770814083,8.027850185705741
2025-11-09 10:00:00,2.214222722895081,2.264072016264972,5.787080603938095
2025-11-09 11:00:00,1.5888489546930784,2.4467671622321028,6.053806226231776
2025-11-09 12:00:00,1.7671746780896407,2.6324545563486517,5.983102259065333
2025-11-09 13:00:00,1.2474328345765986,2.9216537064030548,6.424797754595661
2025-11-09 14:00:00,1.5769490759342086,2.1419644682496375,5.845536782174256
2025-11-09 15:00:00,1.9149315599486385,2.2524061916849902,5.831514712379712
2025-11-09 16:00:00,2.454325618717547,1.3814389952492028,5.790408407885727
2025-11-09 17:00:00,2.9939840592583558,0.7830780636306668,12.56905454089275
2025-11-09 18:00:00,3.46140423838044,3.757720192339324e-16,11.80719407270027
2025-11-09 19:00:00,3.879836012013092,0.0,12.389051469733502
2025-11-09 20:00:00,3.6247845940408676,0.0,11.69058374995155
2025-11-09 21:00:00,2.986986946804333,0.0,12.15198714665802
2025-11-09 22:00:00,2.565207391459782,0.0,5.07875281958914
2025-11-09 23:00:00,1.7404928717942942,0.0,5.370010537476596
2025-11-10 00:00:00,1.5452004604401863,0.0,5.32651364737714
2025-11-10 01:00:00,1.5243350591436706,0.0,5.024567013122974
2025-11-10 02:00:00,1.6487949290184456,0.0,4.838877221170132
2025-11-10 03:00:00,1.50750367757367,0.0,5.487488491730577
2025-11-10 04:00:00,1.7346267557793031,0.0,4.808915764498952
2025-11-10 05:00:00,1.8295586181799741,0.0,4.319682867537684
2025-11-10 06:00:00,2.356097532544908,0.0,7.442430363047578
2025-11-10 07:00:00,2.552774801700168,0.6783324595557801,7.51548159526593
2025-11-10 08:00:00,2.6042619117535515,1.3515669292951373,8.178708663559984
2025-11-10 09:00:00,2.834885074830507,1.6277582604067586,8.664340280493356
2025-11-10 10:00:00,2.3559246294806737,2.4152371711096277,5.388011798474402
2025-11-10 11:00:00,1.9287569575836454,2.8032947041815395,5.765233535050633
2025-11-10 12:00:00,1.5480178321369826,2.3635455555634057,6.026707738436462
2025-11-10 13:00:00,1.7967208933864929,2.4195289727330618,6.463652089701165
2025-11-10 14:00:00,1.5911863050924042,2.5594098100351985,5.763618744254319
2025-11-10 15:00:00,1.986255645027003,2.139286000495009,6.177239946745093
2025-11-10 16:00:00,2.50894760595368,1.6057209186112094,5.924973225475989
2025-11-10 17:00:00,3.360765523900053,0.6477163742993174,12.78214848987458
2025-11-10 18:00:00,3.6895440178702112,3.7617514079588824e-16,12.043362086289983
2025-11-10 19:00:00,3.9020210699290345,0.0,12.106706631943599
2025-11-10 20:00:00,3.5123764845215186,0.0,12.025277087779399
2025-11-10 21:00:00,3.335806022076966,0.0,11.875594029691914
2025-11-10 22:00:00,2.4829102389859226,0.0,5.284961122670618
2025-11-10 23:00:00,1.990492454399311,0.0,4.652291734021763
2025-11-11 00:00:00,1.9675592054730506,0.0,4.39941127987672
2025-11-11 01:00:00,1.5493472147389282,0.0,4.9549416126429415
2025-11-11 02:00:00,1.3093784566326903,0.0,5.244669116198744
2025-11-11 03:00:00,1.4980879220852634,0.0,4.825766931440084
2025-11-11 04:00:00,1.4697397493723714,0.0,5.055947163296949
2025-11-11 05:00:00,1.7960113797066728,0.0,4.633791103580982
2025-11-11 06:00:00,2.2305502131439967,0.0,8.318798993088247
2025-11-11 07:00:00,2.6901623061271964,0.7734080824177909,8.195572889781314
2025-11-11 08:00:00,2.791011247393908,1.183238773087776,8.005918495735463
2025-11-11 09:00:00,3.0171282918464732,2.0082351504129017,8.05061893636747
2025-11-11 10:00:00,2.336074367240548,2.4369417688290094,5.581927421011485
2025-11-11 11:00:00,1.8236108024058273,2.6746169124679553,5.595332002866419
2025-11-11 12:00:00,1.740403383777546,2.7170075077658082,5.963402572868
2025-11-11 13:00:00,1.6439226467823456,2.791727738857167,6.154120443217628
2025-11-11 14:00:00,1.7015215873642646,2.6599540837652405,6.169313601282381
2025-11-11 15:00:00,2.0258735029911716,1.7015095266055875,5.891120137765805
2025-11-11 16:00:00,2.4398423837668672,1.5175580208299628,6.223613506887428
2025-11-11 17:00:00,3.203487718486425,0.5976976472947443,12.426237458224072
2025-11-11 18:00:00,3.8500653059703525,3.3248672452777327e-16,11.97339977500073
2025-11-11 19:00:00,4.024407816118328,0.0,12.092899171983532
2025-11-11 20:00:00,3.7040391181594,0.0,11.937643760899762
2025-11-11 21:00:00,3.3325106412956815,0.0,11.962108107309447
2025-11-11 22:00:00,2.3480133719626264,0.0,5.050869296887498
2025-11-11 23:00:00,1.9812303285792674,0.0,5.510979286716159
2025-11-12 00:00:00,1.5621398308853225,0.0,5.274582913173665
2025-11-12 01:00:00,1.409156825721438,0.0,5.247555330128654
2025-11-12 02:00:00,1.3835533096009711,0.0,4.863877140124679
2025-11-12 03:00:00,1.474395655203732,0.0,4.730547455362488
2025-11-12 04:00:00,1.542124582723328,0.0,5.116860632286813
2025-11-12 05:00:00,1.636672054648259,0.0,5.37312359419243
2025-11-12 06:00:00,2.1932143911792963,0.0,8.517021319559845
2025-11-12 07:00:00,2.8181494124824384,0.7997479792313955,7.264208843220289
2025-11-12 08:00:00,3.1898951608195074,1.3134781303226466,8.733916487778025
2025-11-12 09:00:00,2.861411747071674,1.659437416161528,8.125096084474306
2025-11-12 10:00:00,1.9013169858192536,2.7618251157586666,6.272679109249138
2025-11-12 11:00:00,1.953627164824462,2.6301509665232796,5.478016767181331
2025-11-12 12:00:00,1.5430349414658269,2.571740671258189,5.928928248970604
2025-11-12 13:00:00,1.6412245667581014,2.9958877968760955,6.246854375069162
2025-11-12 14:00:00,1.6580476885713633,2.7141594317677398,5.647575672384461
2025-11-12 15:00:00,1.8942206481631236,1.9234529116893515,5.133506589009737
2025-11-12 16:00:00,2.4044168130087473,1.2687354834352023,6.100651605690975
2025-11-12 17:00:00,3.099590853697219,0.7005075007259356,11.985065201051155
2025-11-12 18:00:00,3.938759206652223,3.004589822166558e-16,12.432401126363052
2025-11-12 19:00:00,3.9970509778006442,0.0,11.952024457234616
2025-11-12 20:00:00,3.8999287121609973,0.0,11.973984362075251
2025-11-12 21:00:00,3.2439368509544435,0.0,12.209303251691049
2025-11-12 22:00:00,2.5197554350661897,0.0,5.310056130678944
2025-11-12 23:00:00,1.6545404654957139,0.0,4.787375470202167
2025-11-13 00:00:00,1.6675484676987036,0.0,5.283349627873106
2025-11-13 01:00:00,1.431905309440645,0.0,4.843479851921115
2025-11-13 02:00:00,1.6120857595589109,0.0,5.004956481117974
2025-11-13 03:00:00,1.3815935333481477,0.0,5.201230922842207
2025-11-13 04:00:00,1.438196004204181,0.0,5.2535409031634
2025-11-13 05:00:00,2.151849949418769,0.0,5.095494471921417
2025-11-13 06:00:00,2.1473911935314707,0.0,7.67583340189004
2025-11-13 07:00:00,2.9501319606450163,0.6672949391319359,7.438923587229425
2025-11-13 08:00:00,3.017766671412696,1.1493957856499188,7.9436132035326645
2025-11-13 09:00:00,2.7152350380416035,1.9254219448074714,8.291385457612929
2025-11-13 10:00:00,2.2845228279252585,2.746759543948885,6.134909232419323
2025-11-13 11:00:00,1.6622674331311664,2.7872195896899954,6.072609902214011
2025-11-13 12:00:00,1.6246945524088001,2.387570867520891,5.997892033060055
2025-11-13 13:00:00,1.410851508470543,2.6352272652986275,6.0927305530415055
2025-11-13 14:00:00,1.6008514083058596,2.684128531447774,5.701772646913825
2025-11-13 15:00:00,2.061918726671584,1.6174590386447216,6.234060545749585
2025-11-13 16:00:00,2.457880773686717,1.4233007280999208,6.253891937526645
2025-11-13 17:00:00,2.8806289251056083,0.757429785248399,11.893420347497017
2025-11-13 18:00:00,3.864821679875767,3.5636568892019146e-16,12.131102289195491
2025-11-13 19:00:00,3.998935041577036,0.0,11.485035160688998
2025-11-13 20:00:00,3.6557705019224165,0.0,12.0540143747914
2025-11-13 21:00:00,3.2149524166639347,0.0,11.9600624217175
2025-11-13 22:00:00,2.3946175773820912,0.0,5.377769872061144
2025-11-13 23:00:00,1.7476840875293087,0.0,4.940407172844481
2025-11-14 00:00:00,1.7772250259919031,0.0,5.260599354014284
2025-11-14 01:00:00,1.497997387127335,0.0,4.88264824664525
2025-11-14 02:00:00,1.4925188867253625,0.0,4.3141697856274694
2025-11-14 03:00:00,1.4667076825746213,0.0,4.93233910375693
2025-11-14 04:00:00,1.7929519716183078,0.0,5.059027176534031
2025-11-14 05:00:00,1.7766598626727828,0.0,5.045251251106552
2025-11-14 06:00:00,2.059191674735447,0.0,8.049785151582043
2025-11-14 07:00:00,2.676414315502857,0.5842648752489725,7.84806373929033
2025-11-14 08:00:00,3.1990198132654366,1.4603975275731267,7.902881727276493
2025-11-14 09:00:00,2.9030728710141966,2.250435749966047,7.66209684662584
2025-11-14 10:00:00,2.25299481267581,2.589158202497975,5.401018300347254
2025-11-14 11:00:00,2.063419878856934,2.618681712345868,5.968062298986032
2025-11-14 12:00:00,1.738949043673467,3.073463442828257,5.776439075250566
2025-11-14 13:00:00,1.5332741510097458,2.8055568166214364,6.323950673699904
2025-11-14 14:00:00,1.6352814991877955,2.171754399471815,5.345404894095942
2025-11-14 15:00:00,1.9725214518679628,1.7272196195419613,6.087305639743287
2025-11-14 16:00:00,2.2949691297534964,1.3589615176619174,6.636446179462184
2025-11-14 17:00:00,3.103630259764089,0.6689550159446146,11.945146070544748
2025-11-14 18:00:00,3.7833754655306797,3.114372341975911e-16,11.999175572795387
2025-11-14 19:00:00,3.7469550700721266,0.0,12.127904030991447
2025-11-14 20:00:00,3.7087002437986323,0.0,12.151355837161718
2025-11-14 21:00:00,3.057492543272742,0.0,11.877447799031806
2025-11-14 22:00:00,2.57390880592269,0.0,4.697511136985552
2025-11-14 23:00:00,1.6458587394435105,0.0,5.195816239265159
2025-11-15 00:00:00,1.442827666318906,0.0,4.427581583774907
2025-11-15 01:00:00,1.4283273064562951,0.0,5.249668496015123
2025-11-15 02:00:00,1.6487373119859352,0.0,4.882460442779544
2025-11-15 03:00:00,1.520941472929476,0.0,5.000925546226145
2025-11-15 04:00:00,1.8853713075475247,0.0,4.842317638625489
2025-11-15 05:00:00,1.9547236461800468,0.0,5.429264787056487
2025-11-15 06:00:00,2.2294052044287596,0.0,8.074703212227378
2025-11-15 07:00:00,2.814164769271098,0.7857503273805183,7.903478604016356
2025-11-15 08:00:00,2.946893301791799,1.2857648597629792,7.895029131307476
2025-11-15 09:00:00,2.907162460369192,1.8017701138170534,7.9555528595996385
2025-11-15 10:00:00,2.0914175035811375,2.021727647378371,6.719082052960133
2025-11-15 11:00:00,1.733877211125163,2.753212932422712,5.604873492906109
2025-11-15 12:00:00,1.6951111971334227,2.563156984074413,6.324864654289723
2025-11-15 13:00:00,1.75712602286348,2.9027230199314475,6.170431586126987
2025-11-15 14:00:00,1.3298726880320775,2.4438888755618633,6.461943525723623
2025-11-15 15:00:00,2.12929447447471,2.1632596273153295,6.188720038557457
2025-11-15 16:00:00,2.398731902938868,1.4071443212095975,6.001008900110046
2025-11-15 17:00:00,2.820373255647112,0.7670097187512143,12.306008288586114
2025-11-15 18:00:00,3.2868392845552856,3.5327664870913287e-16,12.068930647304787
2025-11-15 19:00:00,3.7705920959921655,0.0,12.226486809181893
2025-11-15 20:00:00,3.7341425638070067,0.0,12.428465839145769
2025-11-15 21:00:00,3.0930662654062626,0.0,12.027755992146744
2025-11-15 22:00:00,2.514678668135038,0.0,4.872684505504515
2025-11-15 23:00:00,1.840110211881021,0.0,4.80685644072527
2025-11-16 00:00:00,1.333847487307537,0.0,5.13516212227903
2025-11-16 01:00:00,1.4386275454118493,0.0,4.736549477316195
2025-11-16 02:00:00,1.5097682104344317,0.0,4.895058510715802
2025-11-16 03:00:00,1.5620893775775013,0.0,4.709729371489304
2025-11-16 04:00:00,1.4975824058088085,0.0,5.152501735525659
2025-11-16 05:00:00,1.9906086439443926,0.0,4.774353268826327
2025-11-16 06:00:00,2.1977291377985826,0.0,7.613980126285743
2025-11-16 07:00:00,2.647758360438518,0.6057729000710387,7.666767373124341
2025-11-16 08:00:00,2.9186448967769745,1.3728161257981695,7.828673491722711
2025-11-16 09:00:00,2.93947907315102,1.8348007357185288,7.855909754330968
2025-11-16 10:00:00,2.2713276926336903,2.724342895484882,6.07543579366605
2025-11-16 11:00:00,1.7532545821503973,2.8808572889756747,5.951513013392058
2025-11-16 12:00:00,1.765673871917466,2.354174991911929,6.111093238127311
2025-11-16 13:00:00,1.8946748365472488,2.5215280945250034,6.135183757362517
2025-11-16 14:00:00,1.6916203725992995,2.2723980739163223,6.222149853428561
2025-11-16 15:00:00,2.108200161205963,1.8091903334882469,5.427652626958012
2025-11-16 16:00:00,2.575163864789287,1.3426385318578724,5.661832988595002
2025-11-16 17:00:00,3.0121085371889365,0.7378185729146358,12.166466016886316
2025-11-16 18:00:00,3.7410935879101213,3.4574216313852145e-16,12.063423702588969
2025-11-16 19:00:00,3.8076183114078095,0.0,12.293079886066357
2025-11-16 20:00:00,3.706356952229572,0.0,11.536794711444484
2025-11-16 21:00:00,3.0090224157087366,0.0,11.857453628101664
2025-11-16 22:00:00,2.359265709352296,0.0,4.911086019069688
2025-11-16 23:00:00,1.810049033808115,0.0,5.04996913639658
2025-11-17 00:00:00,1.4569890480451275,0.0,5.010763212360629
2025-11-17 01:00:00,1.5804254065007204,0.0,5.140723334605185
2025-11-17 02:00:00,1.4868028808316958,0.0,4.965603811648045
2025-11-17 03:00:00,1.247817478670902,0.0,5.411700881286405
2025-11-17 04:00:00,1.5040390259648964,0.0,5.507362783451649
2025-11-17 05:00:00,1.6274817360103508,0.0,4.664630973980196
2025-11-17 06:00:00,2.327547687454453,0.0,8.01353336307906
2025-11-17 07:00:00,2.853713569395382,0.6225243983928632,8.23939828259213
2025-11-17 08:00:00,3.0384858564753428,1.4007016417085838,8.17559839451279
2025-11-17 09:00:00,2.660142387800721,1.8539314003506853,7.877646912699294
2025-11-17 10:00:00,2.328275249944472,1.9842429818002214,6.076459465574036
2025-11-17 11:00:00,1.7869144692455317,3.032331138538481,5.52496250561666
2025-11-17 12:00:00,1.4560238918876467,2.4398798395875994,5.994257436465574
2025-11-17 13:00:00,1.6845520435112764,2.600191096753311,5.561908888649396
2025-11-17 14:00:00,1.782872140511523,2.4593944899799483,6.1523936892096955
2025-11-17 15:00:00,2.0654581142386736,1.6385425834921716,5.665212615570276
2025-11-17 16:00:00,2.3284998821982,1.4540610335179107,6.0489099524304
2025-11-17 17:00:00,3.2798588468416483,0.7303569596556952,12.095758677126469
2025-11-17 18:00:00,3.6630611231394763,3.276696676169074e-16,12.022759166728026
2025-11-17 19:00:00,4.098025204094185,0.0,11.81041414112047
2025-11-17 20:00:00,3.660461392918816,0.0,11.936889524932914
2025-11-17 21:00:00,3.0693536465157294,0.0,12.354321500462916
2025-11-17 22:00:00,2.056521924320263,0.0,4.872617480041526
2025-11-17 23:00:00,1.8772463063526281,0.0,5.006429032083684
2025-11-18 00:00:00,1.5137170642922166,0.0,4.832963358662349
2025-11-18 01:00:00,1.4390830609564074,0.0,5.3061281298614205
2025-11-18 02:00:00,1.768154877610466,0.0,5.0233492325480755
2025-11-18 03:00:00,1.3531035455354183,0.0,4.7708077974609076
2025-11-18 04:00:00,1.5314199251340805,0.0,5.002137577559526
2025-11-18 05:00:00,1.7196607473962109,0.0,4.927690435555555
2025-11-18 06:00:00,2.206372106707867,0.0,8.417774633268964
2025-11-18 07:00:00,2.93292792422836,0.7188782305636602,7.98659374804819
2025-11-18 08:00:00,3.221708392346262,1.2689200795677693,7.585175333485752
2025-11-18 09:00:00,2.6731341551577876,1.9723630533447092,8.149589970934858
2025-11-18 10:00:00,2.1827960291663087,2.2417887831691754,6.535826230009587
2025-11-18 11:00:00,1.6838623103217758,2.8523253400478046,6.359079266863875
2025-11-18 12:00:00,1.8227005173280801,3.102560942807156,5.669119902364424
2025-11-18 13:00:00,1.7414132165923824,2.373343659455729,5.919381556702469
2025-11-18 14:00:00,1.6442707074546394,2.323782328450947,5.990795046790565
2025-11-18 15:00:00,1.7137089126301157,2.0404441544929055,5.994435342431792
2025-11-18 16:00:00,2.223752787384631,1.1757847411072275,6.114288557153651
2025-11-18 17:00:00,3.128548917495375,0.7643117355114096,11.89676969770412
2025-11-18 18:00:00,3.819499148605661,3.370383611771978e-16,11.725312850825754
2025-11-18 19:00:00,3.690078285110235,0.0,12.28554010095268
2025-11-18 20:00:00,3.688901805603135,0.0,11.662930175318971
2025-11-18 21:00:00,3.3456953545112027,0.0,11.759365037687722
2025-11-18 22:00:00,2.387072221934099,0.0,4.661065694275662
2025-11-18 23:00:00,2.145979002133759,0.0,5.183663730635653
2025-11-19 00:00:00,1.597410488617815,0.0,5.031941392824449
2025-11-19 01:00:00,1.3379485634356796,0.0,5.265051085911395
2025-11-19 02:00:00,1.4608259733949167,0.0,4.764441975123169
2025-11-19 03:00:00,1.5081693225525044,0.0,4.624096064889505
2025-11-19 04:00:00,1.4730803754856434,0.0,4.866829713358932
2025-11-19 05:00:00,1.7099114354724476,0.0,4.9452508139718265
2025-11-19 06:00:00,2.516953942374972,0.0,8.06272889233102
2025-11-19 07:00:00,2.6316118718333112,0.6721050991363683,7.495282510013683
2025-11-19 08:00:00,3.1617690346585197,1.256490713387291,8.143619258985103
2025-11-19 09:00:00,2.7127803750408765,1.8624478473898423,7.731728378513145
2025-11-19 10:00:00,2.2874012610923136,2.426098687434543,5.805775304964751
2025-11-19 11:00:00,1.9417082703466488,2.6128713819419014,6.352112859342426
2025-11-19 12:00:00,1.536973908414483,2.350361111640018,5.3450409463640405
2025-11-19 13:00:00,1.658448202579117,2.567557684836379,6.096750608150086
2025-11-19 14:00:00,1.3532035225207002,2.2770092617863873,6.095618589020245
2025-11-19 15:00:00,1.9890799003383433,1.9158142993556682,5.754364506944773
2025-11-19 16:00:00,2.049472653517323,1.149973678891229,5.865898703725193
2025-11-19 17:00:00,3.068927490932918,0.6057086051571821,12.366314040645385
2025-11-19 18:00:00,3.86523490863646,3.3001668022015544e-16,12.588877063191308
2025-11-19 19:00:00,4.093344301772164,0.0,12.319417760065337
2025-11-19 20:00:00,3.542336720339526,0.0,12.565761500328142
2025-11-19 21:00:00,2.9275013116635678,0.0,11.792600422599735
2025-11-19 22:00:00,2.3163977968802465,0.0,4.525974780062146
2025-11-19 23:00:00,1.9504656678688859,0.0,4.984213547458113
2025-11-20 00:00:00,1.195263590767907,0.0,5.241457590831701
2025-11-20 01:00:00,1.4986069671836995,0.0,4.443574968164926
2025-11-20 02:00:00,1.5514410734677049,0.0,4.72206294520206
2025-11-20 03:00:00,1.4850178812035622,0.0,4.755381472096138
2025-11-20 04:00:00,1.694755255907627,0.0,5.106969068716106
2025-11-20 05:00:00,1.8889502626430195,0.0,5.0682858691248756
2025-11-20 06:00:00,2.2096905146473533,0.0,7.767451767948696
2025-11-20 07:00:00,2.4877875607483304,0.7649467739179632,8.053943359307238
2025-11-20 08:00:00,3.020015585432841,1.1436646708339362,7.656558444570999
2025-11-20 09:00:00,2.635291742011132,1.9012561033952853,7.872072556215306
2025-11-20 10:00:00,2.2044957668455574,2.4277109709565283,5.620563224192785
2025-11-20 11:00:00,1.9293002403053259,2.564349274933643,5.954928651661556
2025-11-20 12:00:00,1.8393577168653372,2.5560628389934372,5.759853222342793
2025-11-20 13:00:00,1.5675535370386355,2.970791991597403,6.2071125060205725
2025-11-20 14:00:00,1.743277702919838,2.4660225941132436,5.992143878782721
2025-11-20 15:00:00,1.706451890903214,2.1893885405737783,5.931977174465252
2025-11-20 16:00:00,2.4565807093523238,1.49199132860554,6.530437310698382
2025-11-20 17:00:00,3.093968609286112,0.7652434569457801,12.11498645310559
2025-11-20 18:00:00,3.921482597932614,3.5157195206346356e-16,11.889553774910421
2025-11-20 19:00:00,3.918931234459094,0.0,11.824879395874175
2025-11-20 20:00:00,3.7008526496094616,0.0,11.645648218220625
2025-11-20 21:00:00,3.2617731411475144,0.0,11.980234834363563
2025-11-20 22:00:00,2.405893534069444,0.0,5.092284062712991
2025-11-20 23:00:00,1.7562070813220754,0.0,4.425687202249721
2025-11-21 00:00:00,1.8827985602679809,0.0,4.590804941906471
2025-11-21 01:00:00,1.3388015890604732,0.0,4.845169163219941
2025-11-21 02:00:00,1.4950216551652666,0.0,4.670545785231934
2025-11-21 03:00:00,1.5794766817380517,0.0,5.0129772458077815
2025-11-21 04:00:00,1.6560997370543364,0.0,5.054645612872066
2025-11-21 05:00:00,1.826930083293129,0.0,4.9633077896201
2025-11-21 06:00:00,2.2632245979782413,0.0,8.165052296415249
2025-11-21 07:00:00,2.7429761848440606,0.7288733671650891,7.824526316729624
2025-11-21 08:00:00,2.832613544408512,1.3748584073900656,7.986228541861838
2025-11-21 09:00:00,3.1007859289590383,1.874781246586933,7.699005924549396
2025-11-21 10:00:00,2.258248522917783,2.09626308188494,6.085385912187755
2025-11-21 11:00:00,1.9469712565343273,2.584899713782052,6.022772446645899
2025-11-21 12:00:00,1.576559780697944,2.6161380519150828,5.640439503466445
2025-11-21 13:00:00,1.5200480047016143,2.8792058180017976,5.953482187438573
2025-11-21 14:00:00,1.5918514280525098,2.616338898251269,5.988653438019891
2025-11-21 15:00:00,1.6906469238777602,2.0468237349171745,6.0843035709660365
2025-11-21 16:00:00,2.3956590011849532,1.241586643172188,6.095435551971345
2025-11-21 17:00:00,3.041903351789772,0.574485907485365,11.783644218316896
2025-11-21 18:00:00,3.9128271372164027,3.735298297053426e-16,12.229093397379815
2025-11-21 19:00:00,3.82049498822573,0.0,12.156916703651778
2025-11-21 20:00:00,3.650526215550589,0.0,11.782626122938357
2025-11-21 21:00:00,2.968184901064483,0.0,11.65719088649569
2025-11-21 22:00:00,2.636078162030413,0.0,4.805554506411727
2025-11-21 23:00:00,1.792122021786965,0.0,4.558505615710806
2025-11-22 00:00:00,1.5843985459833831,0.0,5.062401953622254
2025-11-22 01:00:00,1.6461147245718801,0.0,5.355067976922746
2025-11-22 02:00:00,1.4828082306853838,0.0,5.426463817377784
2025-11-22 03:00:00,1.3209518081931395,0.0,4.673197574697132
2025-11-22 04:00:00,1.4113340318851157,0.0,5.236041278114078
2025-11-22 05:00:00,1.9843562486135007,0.0,5.025350263362555
2025-11-22 06:00:00,2.101849550737209,0.0,7.281217896169981
2025-11-22 07:00:00,2.8370199564462406,0.668813425841562,7.90028085540432
2025-11-22 08:00:00,3.0171559896703073,1.3303683659813845,7.866895081042011
2025-11-22 09:00:00,2.834822919442283,1.5658156076291523,8.36324536879241
2025-11-22 10:00:00,2.361984881751672,2.38093055551901,5.738713647306283
2025-11-22 11:00:00,1.7173809899481778,2.8794012193188063,6.168919304157679
2025-11-22 12:00:00,1.4804284824979734,2.18096795585689,5.967873499503902
2025-11-22 13:00:00,1.6805016256699972,2.2483856871993915,5.566257299014212
2025-11-22 14:00:00,1.565766285868298,2.305313330877201,5.834344407432589
2025-11-22 15:00:00,1.5106015182753754,1.9106495610275556,6.4594894380167105
2025-11-22 16:00:00,2.5170654668856485,1.2494538595244749,5.947988835389684
2025-11-22 17:00:00,2.947515306727371,0.5705508032557756,12.271760117845075
2025-11-22 18:00:00,3.8071688425244745,3.5178862714651315e-16,12.255316286317553
2025-11-22 19:00:00,4.208923283260953,0.0,11.86552084463453
2025-11-22 20:00:00,3.7396126607731093,0.0,11.614973257152004
2025-11-22 21:00:00,3.2523158458271246,0.0,11.654454501282911
2025-11-22 22:00:00,2.4427682550090717,0.0,5.435500112757224
2025-11-22 23:00:00,2.1606476877363376,0.0,5.045521223575464
2025-11-23 00:00:00,1.3407375029608966,0.0,4.4798536607061274
2025-11-23 01:00:00,1.4993582564985097,0.0,5.250188158334171
2025-11-23 02:00:00,1.6057009081539153,0.0,4.463944619696642
2025-11-23 03:00:00,1.498911694782703,0.0,4.752162726926012
2025-11-23 04:00:00,1.7887899601975699,0.0,5.0243883117720625
2025-11-23 05:00:00,1.7905857079674716,0.0,5.7561257239706975
2025-11-23 06:00:00,2.601344326301521,0.0,8.24480032350606
2025-11-23 07:00:00,3.0965455904280907,0.6682069382869766,7.855283079615004
2025-11-23 08:00:00,3.042314422631313,1.1844096246612814,8.00849428880307
2025-11-23 09:00:00,2.8611432238488215,2.0137810800262,8.275912764980681
2025-11-23 10:00:00,2.469997875918485,1.989021542127164,6.426558987249899
2025-11-23 11:00:00,1.679351997765758,2.916272498739085,5.925708150972317
2025-11-23 12:00:00,1.4299577071635161,2.7547994135291964,5.934414919901969
2025-11-23 13:00:00,1.761725392633582,2.142859276105501,5.7509854483232425
2025-11-23 14:00:00,1.7012662483839074,2.4132697311819578,6.199547604183485
2025-11-23 15:00:00,1.8891480051791794,1.7745353836064377,6.307791597828577
2025-11-23 16:00:00,2.4214206676352426,1.5193771730601375,5.418394524861074
2025-11-23 17:00:00,2.745048279083076,0.788008519246974,11.880958195840014
2025-11-23 18:00:00,3.708514113670136,3.62578947769352e-16,11.63596619346868
2025-11-23 19:00:00,3.887042994984424,0.0,12.045272087077805
2025-11-23 20:00:00,3.8748090372260795,0.0,11.628616132664241
2025-11-23 21:00:00,3.252205587835196,0.0,11.603957684834173
2025-11-23 22:00:00,2.5062006380481283,0.0,5.337055784213285
2025-11-23 23:00:00,1.9818520858350368,0.0,4.950321759394044
2025-11-24 00:00:00,1.2754515569664224,0.0,4.982028151369978
2025-11-24 01:00:00,1.5891869655605144,0.0,5.129505538095501
2025-11-24 02:00:00,1.5991363592262027,0.0,5.291245688596687
2025-11-24 03:00:00,1.7142523563995193,0.0,4.874422150227446
2025-11-24 04:00:00,1.9336885825641987,0.0,4.881105618899838
2025-11-24 05:00:00,1.6015075378583474,0.0,4.882380041847766
2025-11-24 06:00:00,2.232667129714456,0.0,8.324452668598738
2025-11-24 07:00:00,2.6668759692136073,0.6938342274160213,7.979559461120761
2025-11-24 08:00:00,3.0258797014549788,1.4147944713524774,7.912670506427797
2025-11-24 09:00:00,2.7802633255283347,1.5417844049727472,8.11726892956046
2025-11-24 10:00:00,2.2561348496127676,2.490743896567094,6.549376259933618
2025-11-24 11:00:00,2.011572261821039,2.678359621402639,6.022284943278571
2025-11-24 12:00:00,1.461545577673067,2.422900804488652,5.919165832596395
2025-11-24 13:00:00,1.417094335446046,2.712006904716208,6.582899555397089
2025-11-24 14:00:00,1.5065341867882511,1.982554822785318,6.398940492675372
2025-11-24 15:00:00,1.8690746539622496,2.0740685986079597,6.355447501949405
2025-11-24 16:00:00,2.2354636398162917,1.4861841166722354,5.8497939737347515
2025-11-24 17:00:00,3.0956687766177957,0.6777579765645199,11.820051664771809
2025-11-24 18:00:00,3.7122749316440564,3.231917963857714e-16,11.449753663989958
2025-11-24 19:00:00,3.8820227387635455,0.0,12.289475066356275
2025-11-24 20:00:00,3.8681632302922466,0.0,12.023099145111482
2025-11-24 21:00:00,3.0940258918345847,0.0,11.459733636890542
2025-11-24 22:00:00,2.579095707533412,0.0,5.360554280623632
2025-11-24 23:00:00,1.8932758108345007,0.0,4.89879471372913
2025-11-25 00:00:00,1.4964243360397593,0.0,4.935775867788961
2025-11-25 01:00:00,1.4161731428587265,0.0,4.5461092108996795
2025-11-25 02:00:00,1.5036696863173724,0.0,5.147659532181927
2025-11-25 03:00:00,1.6343081542540168,0.0,5.15053100773305
2025-11-25 04:00:00,1.5542569758591247,0.0,4.9856037340832025
2025-11-25 05:00:00,1.9331534332742883,0.0,4.874528619834404
2025-11-25 06:00:00,2.1690266094003263,0.0,8.787940291551125
2025-11-25 07:00:00,2.8920735496155854,0.6573181272880623,7.638989679210385
2025-11-25 08:00:00,2.9130177491004288,1.440836672024088,7.783568902340987
2025-11-25 09:00:00,2.9060050277799867,1.8841272718585056,8.212477021353019
2025-11-25 10:00:00,2.300393641939839,1.9156085333673554,5.69566801900106
2025-11-25 11:00:00,2.0855746676195226,2.6484901747926717,5.673537925034157
2025-11-25 12:00:00,1.4536475504120532,2.899679464043152,6.3394555939288
2025-11-25 13:00:00,1.3518360395581566,2.44113608337079,6.1815575174822674
2025-11-25 14:00:00,1.5677353905566225,2.0695053984841123,6.145241393128283
2025-11-25 15:00:00,1.7154321498710008,2.0298267103545555,6.054547454711271
2025-11-25 16:00:00,2.212341938038827,1.0923667530606858,5.7923539810839415
2025-11-25 17:00:00,3.1961871140066678,0.7553586465630581,11.924198668864358
2025-11-25 18:00:00,3.7364716418267876,3.561247795431494e-16,11.976277555421149
2025-11-25 19:00:00,3.928047859357769,0.0,12.253864905946617
2025-11-25 20:00:00,3.6790539025880022,0.0,12.127757209675964
2025-11-25 21:00:00,3.013365321428644,0.0,11.721646960337509
2025-11-25 22:00:00,2.667253978101498,0.0,5.236862668327661
2025-11-25 23:00:00,1.81220743236871,0.0,4.49644818501945
2025-11-26 00:00:00,1.3017334845619677,0.0,4.903873445319702
2025-11-26 01:00:00,1.6199980961839324,0.0,4.6573854868749045
2025-11-26 02:00:00,1.472363323895522,0.0,4.742868966658783
2025-11-26 03:00:00,1.8332895116568926,0.0,5.577975883411869
2025-11-26 04:00:00,1.537026264880549,0.0,4.558797756073583
2025-11-26 05:00:00,1.9822892658576075,0.0,4.754241783202105
2025-11-26 06:00:00,2.4532682531470833,0.0,8.153120531395462
2025-11-26 07:00:00,2.7000155899569536,0.7884254584207785,7.858999172028365
2025-11-26 08:00:00,2.8885655080108625,1.3971898710706245,8.046667319230393
2025-11-26 09:00:00,2.8894580264352645,1.5629635116489862,8.428864889805583
2025-11-26 10:00:00,2.377480948261879,2.4052125115881067,6.196388357299027
2025-11-26 11:00:00,1.645840092504224,2.1374911884128642,5.859395294982808
2025-11-26 12:00:00,1.4574923639044766,2.44179458814112,5.959884156179763
2025-11-26 13:00:00,1.1927980548127362,2.634108043542202,6.15918180293574
2025-11-26 14:00:00,1.7494760055497778,2.041288528972464,6.190496929848113
2025-11-26 15:00:00,1.8838497131057859,1.550689379932663,6.006225821958155
2025-11-26 16:00:00,2.395429609056776,1.3645643161740304,6.108182700017222
2025-11-26 17:00:00,2.8492378852824083,0.6268677021180057,12.108474732113883
2025-11-26 18:00:00,3.5723831078752872,3.2459713558580975e-16,11.97233203379846
2025-11-26 19:00:00,3.928306168978273,0.0,11.818428718081076
2025-11-26 20:00:00,3.636249452161644,0.0,12.2227786794065
2025-11-26 21:00:00,3.1206263824052396,0.0,12.087538638474093
2025-11-26 22:00:00,2.5072188219234137,0.0,4.375706085266825
2025-11-26 23:00:00,2.2629751739079453,0.0,4.752249344093939
2025-11-27 00:00:00,1.4970510147698237,0.0,4.855798516920041
2025-11-27 01:00:00,1.667900903025525,0.0,4.939660592975856
2025-11-27 02:00:00,1.380230750850729,0.0,5.361183475918949
2025-11-27 03:00:00,1.2762315110879063,0.0,5.960697771124261
2025-11-27 04:00:00,1.5631118636931507,0.0,4.262353706652646
2025-11-27 05:00:00,1.6157333812129526,0.0,5.09132190788985
2025-11-27 06:00:00,2.293139628632553,0.0,8.020875836080014
2025-11-27 07:00:00,2.6611478461109543,0.7952958785051673,7.9458530633982045
2025-11-27 08:00:00,2.70686291518403,1.5076838911893198,8.162881863608645
2025-11-27 09:00:00,3.0386568186746556,1.8059836807243008,8.044936622173845
2025-11-27 10:00:00,2.210612903608982,1.9711390485899203,5.891569807308364
2025-11-27 11:00:00,1.6117887121692334,2.089171536613138,6.008772799157883
2025-11-27 12:00:00,1.761483477926278,2.6434345218066673,6.166969999419921
2025-11-27 13:00:00,1.4639704011740442,2.846633756692589,6.138441379354378
2025-11-27 14:00:00,1.8236928825065566,2.0786295839524436,6.056589692285906
2025-11-27 15:00:00,1.8131146418744404,1.6521990030431897,5.824965711674156
2025-11-27 16:00:00,2.338617518663649,1.2790121909444385,6.84574286496752
2025-11-27 17:00:00,3.1546792563592434,0.7706261058568739,12.107853993356475
2025-11-27 18:00:00,3.826081367944303,3.1470504563240276e-16,12.22873896820084
2025-11-27 19:00:00,4.115272566464498,0.0,11.847659264141683
2025-11-27 20:00:00,3.7236371213744177,0.0,12.05687210824886
2025-11-27 21:00:00,3.1822434793107828,0.0,12.054482423040161
2025-11-27 22:00:00,2.5315428939671545,0.0,4.42641506347554
2025-11-27 23:00:00,1.952618659300193,0.0,4.785001771896127
2025-11-28 00:00:00,1.4786548522848182,0.0,4.779456994125367
2025-11-28 01:00:00,1.2837962613263136,0.0,4.819862970104637
2025-11-28 02:00:00,1.5946027909146934,0.0,4.679048259451673
2025-11-28 03:00:00,1.5337995132053823,0.0,5.013156810890283
2025-11-28 04:00:00,1.5539147328470633,0.0,5.419207584169523
2025-11-28 05:00:00,2.047056593432838,0.0,5.039146609920217
2025-11-28 06:00:00,2.0767636086201904,0.0,7.645618863298425
2025-11-28 07:00:00,3.024821412091987,0.7204942754889027,7.690728829040321
2025-11-28 08:00:00,2.996662631402048,1.4508080682589346,7.886884655237153
2025-11-28 09:00:00,2.825880773571064,1.9990334082047234,7.57531804563141
2025-11-28 10:00:00,2.2319905433952485,2.4373709564756854,6.091337125188257
2025-11-28 11:00:00,1.6073706707323634,2.959641732850667,6.405929660930034
2025-11-28 12:00:00,1.6058162245803176,3.0348367098738724,5.827228736180238
2025-11-28 13:00:00,1.6234742915888558,2.314399937212539,6.022840172033689
2025-11-28 14:00:00,1.7616017944133464,1.9763561632436386,5.871311793698638
2025-11-28 15:00:00,1.8934188123103124,1.6190253672608892,5.811111644616953
2025-11-28 16:00:00,2.090871196022406,1.4865762423792404,6.056872820376743
2025-11-28 17:00:00,2.8717052982502924,0.5804618756905354,11.801008350866537
2025-11-28 18:00:00,4.044901404403181,3.0147034187643275e-16,11.757479864253007
2025-11-28 19:00:00,3.83611960829759,0.0,11.514212585421173
2025-11-28 20:00:00,3.951155710919698,0.0,12.019376468321594
2025-11-28 21:00:00,2.962837960464956,0.0,12.320102818485811
2025-11-28 22:00:00,2.3923302164694613,0.0,5.212192636562701
2025-11-28 23:00:00,2.016314527455151,0.0,5.447597999224583
2025-11-29 00:00:00,1.3770244022873315,0.0,4.797645363581128
2025-11-29 01:00:00,1.7394227739248413,0.0,5.255242816212006
2025-11-29 02:00:00,1.5160859211079567,0.0,4.669210214446358
2025-11-29 03:00:00,1.5966010852791603,0.0,5.212777593718369
2025-11-29 04:00:00,1.5758160594968005,0.0,5.493256183697131
2025-11-29 05:00:00,1.9541996819466523,0.0,5.149514450933634
2025-11-29 06:00:00,2.527757564534667,0.0,8.498543485083122
2025-11-29 07:00:00,2.758523074143772,0.7561011777951594,7.820380400577204
2025-11-29 08:00:00,3.259460541809603,1.4909405979429922,7.959730680345986
2025-11-29 09:00:00,2.6865136755387615,1.7644765643696143,7.725294891447872
2025-11-29 10:00:00,2.4058615664775456,2.0382090296399795,6.010436954536629
2025-11-29 11:00:00,1.9307987580473205,2.2334715803295957,6.080902146131427
2025-11-29 12:00:00,1.4664703984478291,2.94711219511503,6.007810518789719
2025-11-29 13:00:00,1.6053340112505365,2.8048593060546794,5.857758315808225
2025-11-29 14:00:00,1.6612728681305133,2.637568923200165,5.852785271788091
2025-11-29 15:00:00,1.795144965634621,2.067348373600397,6.103551177595012
2025-11-29 16:00:00,2.4734525373321876,1.3626433028338742,5.952213920894951
2025-11-29 17:00:00,3.124897931853964,0.5887954233209697,11.654459098449339
2025-11-29 18:00:00,3.7262104187426037,2.811381645777011e-16,11.430814186208067
2025-11-29 19:00:00,3.9897133855046047,0.0,11.821353453920738
2025-11-29 20:00:00,3.7235967533452743,0.0,11.585319378985062
2025-11-29 21:00:00,3.047796027890646,0.0,11.74932900344118
2025-11-29 22:00:00,2.4406737171808888,0.0,4.873008424701818
2025-11-29 23:00:00,1.8259461566605986,0.0,4.956170248132841
2025-11-30 00:00:00,1.8985749929949625,0.0,4.800198250425723
2025-11-30 01:00:00,1.289190516741186,0.0,5.65736033244845
2025-11-30 02:00:00,1.4170162558125263,0.0,4.62166908992061
2025-11-30 03:00:00,1.4516121426476687,0.0,5.36276373738212
2025-11-30 04:00:00,1.92203112284835,0.0,4.951229597092158
2025-11-30 05:00:00,1.6573714413974638,0.0,4.802742082597822
2025-11-30 06:00:00,2.354826998255104,0.0,8.176272803117381
2025-11-30 07:00:00,2.815475074544235,0.6815781340189745,7.864136734619498
2025-11-30 08:00:00,3.0500439688984,1.4189242333303154,7.75791059406817
2025-11-30 09:00:00,2.96370452118727,2.1415758303126404,8.536942970674582
2025-11-30 10:00:00,2.4736215645368524,2.562042943192367,5.341661986119519
2025-11-30 11:00:00,1.7897880836328455,2.1442133075506047,5.926537852352281
2025-11-30 12:00:00,1.6558603267742833,3.0393724631194066,6.057021486148237
2025-11-30 13:00:00,1.2936472507321153,2.199574078814939,6.422406759953276
2025-11-30 14:00:00,1.6750319287312467,1.8860093993421083,5.880470730646355
2025-11-30 15:00:00,1.8040253779013598,1.9989657099902742,6.7983045733005
2025-11-30 16:00:00,2.3917948083089913,1.4854602881567134,6.227735718404475
2025-11-30 17:00:00,2.850148720215182,0.7793510328035008,11.289812156773658
2025-11-30 18:00:00,3.7978293038465476,3.54744896049932e-16,11.56389518130973
2025-11-30 19:00:00,3.7455147015270662,0.0,12.071080200237532
2025-11-30 20:00:00,3.7593409832025553,0.0,11.656840122792921
2025-11-30 21:00:00,2.9189751321242126,0.0,12.164349973392513
2025-11-30 22:00:00,2.292252447658259,0.0,4.863881065020559
2025-11-30 23:00:00,2.09574310389694,0.0,4.641192078836393
2025-12-01 00:00:00,1.5882412611615058,0.0,4.710623187816646
2025-12-01 01:00:00,1.6729709742115646,0.0,5.255574081523907
2025-12-01 02:00:00,1.7386857372728886,0.0,4.393113936827659
2025-12-01 03:00:00,1.411547652263245,0.0,5.313582447549669
2025-12-01 04:00:00,1.8408028600658,0.0,5.322361061842363
2025-12-01 05:00:00,1.6355657904672536,0.0,4.900577958861633
2025-12-01 06:00:00,2.402853703738923,0.0,7.578667207147816
2025-12-01 07:00:00,2.7042153075972584,0.7149999942799158,8.16675926272972
2025-12-01 08:00:00,2.8604586018013203,1.1918609730050609,7.854092204847128
2025-12-01 09:00:00,2.870423526891295,1.5233164319140906,7.545464695778879
2025-12-01 10:00:00,2.4329898893501714,2.5997377649264255,6.5727420683838185
2025-12-01 11:00:00,1.9947218656078447,2.7312568880750683,5.734676011223365
2025-12-01 12:00:00,1.6589866926844035,2.3202562080338165,5.558354733980976
2025-12-01 13:00:00,1.5930561507543228,2.5635758401900954,6.085515245942271
2025-12-01 14:00:00,1.7391979653079428,2.3216550331748294,5.9796457691149
2025-12-01 15:00:00,1.9686884034037264,1.5920427288063397,6.445856510773013
2025-12-01 16:00:00,2.5009555481409658,1.1558036666739937,5.88584391747529
2025-12-01 17:00:00,3.1335544191042937,0.7795638962908779,11.889013104989495
2025-12-01 18:00:00,3.863516034514641,3.1855837456032057e-16,12.100568469658848
2025-12-01 19:00:00,3.7559188348808434,0.0,12.059855376366414
2025-12-01 20:00:00,3.717407270920859,0.0,12.069011314471199
2025-12-01 21:00:00,2.8953739970007573,0.0,12.081585449140322
2025-12-01 22:00:00,2.4612039055693744,0.0,5.049384888468657
2025-12-01 23:00:00,2.16882281489322,0.0,4.875055110313454
2025-12-02 00:00:00,1.4289408519824174,0.0,5.249803279030671
2025-12-02 01:00:00,1.5196783081055656,0.0,4.892030779163134
2025-12-02 02:00:00,1.618199674635941,0.0,5.241305089280737
2025-12-02 03:00:00,1.2173150185692312,0.0,5.416328626483566
2025-12-02 04:00:00,1.5376405383780412,0.0,4.796737739798918
2025-12-02 05:00:00,1.9100689877850163,0.0,5.7213450256007325
2025-12-02 06:00:00,1.8563894447085965,0.0,7.786216128447324
2025-12-02 07:00:00,2.6316946908260084,0.666619227136401,7.788383546404464
2025-12-02 08:00:00,3.165132319204411,1.370222655439971,8.161997249448143
2025-12-02 09:00:00,2.928702581863238,1.739330900404426,8.132468721318423
2025-12-02 10:00:00,2.3473948946803045,2.338123664400159,6.021544567653004
2025-12-02 11:00:00,1.9897612536023397,2.0912062848324755,6.245475326393156
2025-12-02 12:00:00,1.6590233445134042,2.1740866307606086,6.075789012750989
2025-12-02 13:00:00,1.656571791671284,2.764939942932042,6.619722599250045
2025-12-02 14:00:00,1.6128199211268652,1.9452416456646189,5.984032374638084
2025-12-02 15:00:00,1.9404956945144616,1.5168877015013609,5.743651913524132
2025-12-02 16:00:00,2.324896614240695,1.4831566827985458,5.8344872109414885
2025-12-02 17:00:00,3.2924770015650333,0.6147189499882634,12.141397314518857
2025-12-02 18:00:00,3.9653323722640166,3.2632671655986044e-16,12.145785505996628
2025-12-02 19:00:00,4.206986925967969,0.0,12.061942809575331
2025-12-02 20:00:00,3.675881977932138,0.0,11.745148928378743
2025-12-02 21:00:00,2.959884865172832,0.0,12.332594435983214
2025-12-02 22:00:00,2.611244652041166,0.0,5.581097197006483
2025-12-02 23:00:00,2.0041193689038774,0.0,5.008767596568586
2025-12-03 00:00:00,1.5493412205030088,0.0,5.543181482943238
2025-12-03 01:00:00,1.4055456908192114,0.0,5.259876798932605
2025-12-03 02:00:00,1.5685762392932099,0.0,5.665606152394
2025-12-03 03:00:00,1.3646817493849195,0.0,5.141793227170563
2025-12-03 04:00:00,1.711066464111524,0.0,5.040980922731864
2025-12-03 05:00:00,2.0622246438350205,0.0,5.25272036989389
2025-12-03 06:00:00,2.5355954851433804,0.0,7.869924500198218
2025-12-03 07:00:00,2.8844945729037264,0.7387842316591625,8.122135216357892
2025-12-03 08:00:00,2.7927003907540495,1.1288072871506947,8.399214933985972
2025-12-03 09:00:00,2.8078525664375324,1.5310721077607377,8.245853136715652
2025-12-03 10:00:00,2.6121994221834464,2.395150756593527,5.9907127025784925
2025-12-03 11:00:00,1.7271398690445203,2.9329918782490143,6.060124678229469
2025-12-03 12:00:00,1.617880473413652,2.215389960495034,6.227303034390536
2025-12-03 13:00:00,1.7852912083250834,2.818094543564013,6.217333982936962
2025-12-03 14:00:00,1.7527380657639953,2.1481153709029863,6.225019314938559
2025-12-03 15:00:00,2.2951472407489133,1.516189710413379,6.101831431625887
2025-12-03 16:00:00,2.30982176471878,1.2971167928411764,5.752636608168637
2025-12-03 17:00:00,2.954491132076563,0.6168485619649701,11.800454140858177
2025-12-03 18:00:00,3.9207172762139626,3.3819208136872677e-16,12.138350029432054
2025-12-03 19:00:00,3.8206182116226772,0.0,12.24943782585272
2025-12-03 20:00:00,3.707583093861187,0.0,12.210580867204452
2025-12-03 21:00:00,3.0931039893486587,0.0,11.797434985094679
2025-12-03 22:00:00,2.57509702393653,0.0,4.954649789305211
2025-12-03 23:00:00,2.0146734837189526,0.0,4.647716400684122
2025-12-04 00:00:00,1.568613306400992,0.0,4.582571396118552
2025-12-04 01:00:00,1.4402258718757333,0.0,5.02444379009793
2025-12-04 02:00:00,1.6869772702599866,0.0,5.407446909410684
2025-12-04 03:00:00,2.1313470647432995,0.0,5.029941200211444
2025-12-04 04:00:00,1.7196494255381067,0.0,5.5724406286621075
2025-12-04 05:00:00,1.8703424700261142,0.0,4.950768808648141
2025-12-04 06:00:00,2.0962592079083637,0.0,8.00936516244407
2025-12-04 07:00:00,2.682593747389681,0.6190850574512691,7.702697932694256
2025-12-04 08:00:00,2.967947088105122,1.1976791660083603,7.895826804998873
2025-12-04 09:00:00,2.698063010755559,1.7128807422698802,7.643018529914177
2025-12-04 10:00:00,2.288835485395762,1.8539186362506628,5.53639881471477
2025-12-04 11:00:00,2.124134019131956,2.2026354866910345,5.648120614833528
2025-12-04 12:00:00,1.8138327469555697,3.031598104334599,6.0255825269898144
2025-12-04 13:00:00,1.5494376480846987,2.2721980505044215,5.778988115929316
2025-12-04 14:00:00,1.4789259857530783,1.8565110181685944,5.850038154791358
2025-12-04 15:00:00,2.1237289385115097,1.6824257943825431,6.1229611709173986
2025-12-04 16:00:00,2.412394031183864,1.2487986239168527,5.535360488243558
2025-12-04 17:00:00,2.843979436097333,0.6792918789859838,12.02431081762573
2025-12-04 18:00:00,3.843962978612642,2.6795656965051055e-16,12.254422630793714
2025-12-04 19:00:00,4.1538530084984275,0.0,12.28036784732387
2025-12-04 20:00:00,3.3732120314436167,0.0,12.154970114926002
2025-12-04 21:00:00,2.9792677747576595,0.0,11.984345318942225
2025-12-04 22:00:00,2.4031305012324844,0.0,4.8128783310568855
2025-12-04 23:00:00,2.032709925211458,0.0,4.975292374027863
2025-12-05 00:00:00,1.4226915815808368,0.0,5.496038968376995
2025-12-05 01:00:00,1.3757692182648928,0.0,5.081919860764077
2025-12-05 02:00:00,1.6138020548497374,0.0,4.967935438902721
2025-12-05 03:00:00,1.457225102337086,0.0,5.169107830339179
2025-12-05 04:00:00,1.6972653082819738,0.0,5.014917274657191
2025-12-05 05:00:00,1.6886642906479001,0.0,5.06773788520369
2025-12-05 06:00:00,2.0880887006717277,0.0,7.925984853580581
2025-12-05 07:00:00,2.8915063384228135,0.7098680958540009,7.875518673777589
2025-12-05 08:00:00,3.0378816097448,1.1033679094881184,8.298800078058969
2025-12-05 09:00:00,2.91662140678106,2.0924337652419216,7.414895092882188
2025-12-05 10:00:00,2.211358210436573,2.404385066844926,6.143580521024477
2025-12-05 11:00:00,1.7381658122389012,2.135132286641761,5.85697410404962
2025-12-05 12:00:00,1.8308655424813212,2.9128921587472707,5.428436260850779
2025-12-05 13:00:00,1.3448187409557664,2.7035407757750756,5.707617173264276
2025-12-05 14:00:00,1.8478870838300512,2.0847565832039687,5.98918617321064
2025-12-05 15:00:00,2.1211994981985054,1.836178700788621,6.030443768751117
2025-12-05 16:00:00,2.54876559934298,1.4524172269503162,6.222001336654034
2025-12-05 17:00:00,2.999783372386119,0.7772513704126645,12.242405470363483
2025-12-05 18:00:00,3.6146198853298825,2.912353124146078e-16,11.535985511031834
2025-12-05 19:00:00,3.968491639913678,0.0,12.113251075905417
2025-12-05 20:00:00,3.5428423406591074,0.0,12.218563192026831
2025-12-05 21:00:00,2.9586968712645554,0.0,12.065676786279619
2025-12-05 22:00:00,2.5164087466549985,0.0,5.150732445562017
2025-12-05 23:00:00,2.0199356556487893,0.0,4.4202437580580805
2025-12-06 00:00:00,1.3426173452942192,0.0,4.702935503175259
2025-12-06 01:00:00,1.6020087938559944,0.0,5.409814100714636
2025-12-06 02:00:00,1.572872163258666,0.0,4.916087503357569
2025-12-06 03:00:00,1.7539563965207754,0.0,5.66693117442075
2025-12-06 04:00:00,1.7013275769797975,0.0,4.616473276525499
2025-12-06 05:00:00,2.0141787969542455,0.0,5.469131672339754
2025-12-06 06:00:00,2.362500292196719,0.0,7.816788316104606
2025-12-06 07:00:00,2.9252053312418322,0.7332245103296596,8.258730794884508
2025-12-06 08:00:00,2.8069360497120517,1.1883696682212335,7.911385275352458
2025-12-06 09:00:00,2.759991378228992,2.0281364053138766,8.034703444371583
2025-12-06 10:00:00,2.28539974534066,2.1655530047107185,6.178662992225475
2025-12-06 11:00:00,1.8208691155705707,2.084953783490539,5.815994021568039
2025-12-06 12:00:00,1.6933407038976935,2.9951032560527384,6.240331918462438
2025-12-06 13:00:00,1.6684195037292995,2.7321603779566104,5.920237875983545
2025-12-06 14:00:00,1.7190065390136298,2.109171107080815,6.053414980114106
2025-12-06 15:00:00,1.896582209892947,1.6721665041760774,5.206448581497366
2025-12-06 16:00:00,2.3093926602262997,1.3272555146127416,5.898799417672918
2025-12-06 17:00:00,3.2675324110611212,0.7806864121971491,12.379062596505493
2025-12-06 18:00:00,3.789558383330762,2.9184490716022955e-16,12.20840315613561
2025-12-06 19:00:00,3.8472079271034962,0.0,12.265963684303117
2025-12-06 20:00:00,3.708045160936374,0.0,12.015995303358427
2025-12-06 21:00:00,2.841456019421491,0.0,12.50288235086732
2025-12-06 22:00:00,2.425004195080758,0.0,5.086531614970631
2025-12-06 23:00:00,1.892776297125376,0.0,4.801969975337487
2025-12-07 00:00:00,1.4138835267211618,0.0,5.2565422625322835
2025-12-07 01:00:00,1.7382805320315127,0.0,5.276779507846523
2025-12-07 02:00:00,1.3313035494663783,0.0,5.188877367430235
2025-12-07 03:00:00,1.6334324010865602,0.0,4.879119833760998
2025-12-07 04:00:00,1.9439633348394503,0.0,5.084441651620971
2025-12-07 05:00:00,2.016981824451592,0.0,5.417997458299919
2025-12-07 06:00:00,2.2862078362425224,0.0,8.14326499834887
2025-12-07 07:00:00,2.6081056688737547,0.5923569195252526,7.556671238992343
2025-12-07 08:00:00,2.7956942967095495,1.3269688963109583,7.811370886259146
2025-12-07 09:00:00,2.716520292552001,1.6125166722967543,7.797420397922233
2025-12-07 10:00:00,2.188197050487703,2.5202064031748543,5.773702976435775
2025-12-07 11:00:00,1.749499571267143,2.088328709119403,5.366614709326484
2025-12-07 12:00:00,1.577810691029498,2.5974052651341712,6.567173258335338
2025-12-07 13:00:00,1.557925491622084,2.1002851063610595,5.737113716097139
2025-12-07 14:00:00,1.7329497695997518,2.3792446293505582,5.758815507137096
2025-12-07 15:00:00,1.7374543591567833,2.0970983331348085,5.417487463481855
2025-12-07 16:00:00,2.317415602783111,1.4353667336082454,6.259928695408094
2025-12-07 17:00:00,3.079003687514314,0.635147869059131,11.972740544133211
2025-12-07 18:00:00,3.707775681825196,2.855523631160777e-16,11.89472591847513
2025-12-07 19:00:00,4.275463561975421,0.0,11.910599594265834
2025-12-07 20:00:00,3.7719352810923956,0.0,12.176341317680087
2025-12-07 21:00:00,2.8609124992836814,0.0,11.855993546797473
2025-12-07 22:00:00,2.4824258071666563,0.0,4.403329681194727
2025-12-07 23:00:00,2.0043828469267626,0.0,4.612539217705992
2025-12-08 00:00:00,1.4812843650377518,0.0,4.5969585569792955
2025-12-08 01:00:00,1.318581002399603,0.0,5.082595352423176
2025-12-08 02:00:00,1.7684348716947145,0.0,5.279005712159945
2025-12-08 03:00:00,1.3669908712970211,0.0,5.439741688961045
2025-12-08 04:00:00,1.7150729416620594,0.0,4.509531674819624
2025-12-08 05:00:00,1.885399218253679,0.0,5.186081027675776
2025-12-08 06:00:00,2.381060235911653,0.0,7.8154786423386735
2025-12-08 07:00:00,3.0342446534123533,0.6960789798897704,8.877037423344662
2025-12-08 08:00:00,3.084249454018373,1.250772384368682,8.41506623919537
2025-12-08 09:00:00,2.694453412739099,1.5317380836911783,8.510568623640347
2025-12-08 10:00:00,2.4571460018439835,2.394239419247086,6.240731946073992
2025-12-08 11:00:00,1.7627666901042451,2.655126907030622,6.114566458942559
2025-12-08 12:00:00,1.6512914110594747,2.220016230630961,5.879225108788824
2025-12-08 13:00:00,1.3793000143525684,2.2435940512966472,5.8202037567524485
2025-12-08 14:00:00,1.5051757933524446,2.405527068711636,5.759968473912706
2025-12-08 15:00:00,1.9308317926415757,1.590938510213179,6.1852726974186005
2025-12-08 16:00:00,2.4749651784901996,1.3701688156185419,6.46812083975059
2025-12-08 17:00:00,2.847595906534032,0.7155934969349681,11.892957647783083
2025-12-08 18:00:00,3.811691566038786,2.981330254961302e-16,11.783295357005112
2025-12-08 19:00:00,3.877085659373663,0.0,11.554948978457256
2025-12-08 20:00:00,3.9290514945344923,0.0,12.073407500518055
2025-12-08 21:00:00,3.050156306753919,0.0,12.368780244304956
2025-12-08 22:00:00,2.2511552624961437,0.0,5.383798196815946
2025-12-08 23:00:00,1.9339039722090534,0.0,5.413531622077069
2025-12-09 00:00:00,1.3626183191126537,0.0,5.124621983898529
2025-12-09 01:00:00,1.690932274775952,0.0,5.0270565911989715
2025-12-09 02:00:00,1.5048061985276602,0.0,5.384675678604426
2025-12-09 03:00:00,1.5047219648702168,0.0,4.66698162135422
2025-12-09 04:00:00,1.7047272635393205,0.0,4.867746522039393
2025-12-09 05:00:00,1.7046495230140448,0.0,5.513254424110184
2025-12-09 06:00:00,2.0975656052579104,0.0,7.677618343072553
2025-12-09 07:00:00,2.8394687017034994,0.6751470709243559,7.989662560160667
2025-12-09 08:00:00,2.8350530169958965,1.203742066257467,8.189399181712318
2025-12-09 09:00:00,2.6132515237332106,2.11438878438587,8.024809566597446
2025-12-09 10:00:00,2.4167605652579223,1.9128162153843882,6.344825251985916
2025-12-09 11:00:00,1.936191224108454,2.159237889770656,6.457703450652568
2025-12-09 12:00:00,1.4386832779822478,2.6950849718117795,6.143899296083751
2025-12-09 13:00:00,1.4803921491137364,2.4896303255967425,6.417018817727228
2025-12-09 14:00:00,1.5246082440610094,2.0363084288008557,5.721397360660855
2025-12-09 15:00:00,2.1895716867822346,1.6881145709208771,5.952738229584212
2025-12-09 16:00:00,2.5556537363386598,1.1270383351208504,6.721557353978108
2025-12-09 17:00:00,3.039827773036895,0.7498981230116261,12.582879126351418
2025-12-09 18:00:00,3.8235276642402103,3.217680468553957e-16,11.61691823480323
2025-12-09 19:00:00,3.7965720779737833,0.0,11.996171277447361
2025-12-09 20:00:00,3.636201369505393,0.0,12.040822387957018
2025-12-09 21:00:00,3.118680460968878,0.0,12.124957711425221
2025-12-09 22:00:00,2.4875332153005285,0.0,5.382212798512751
2025-12-09 23:00:00,1.907914419688149,0.0,5.5517477248813325
2025-12-10 00:00:00,1.5372555958815963,0.0,5.011224852678522
2025-12-10 01:00:00,1.512340972553952,0.0,5.3365957389891205
2025-12-10 02:00:00,1.4801900570943476,0.0,5.194458824931855
2025-12-10 03:00:00,1.4830516195055756,0.0,4.99366076659662
2025-12-10 04:00:00,1.5520173797980017,0.0,4.4905525476905845
2025-12-10 05:00:00,1.890182265188377,0.0,5.305542086011715
2025-12-10 06:00:00,2.352560991937106,0.0,8.181558113665604
2025-12-10 07:00:00,2.807969839885079,0.7165538548305546,8.116876769034004
2025-12-10 08:00:00,2.823214065697059,1.4056228358370928,7.705620228495617
2025-12-10 09:00:00,2.628413869124151,1.9981480210364262,8.587741181981794
2025-12-10 10:00:00,2.3510794314669994,2.2243728343237885,6.045741564734659
2025-12-10 11:00:00,2.0781826027114945,2.864979385306666,5.657587327355136
2025-12-10 12:00:00,1.649620028583998,2.2910045655403874,5.6093038860586795
2025-12-10 13:00:00,1.5115122936833878,2.4789844956771043,6.20324172013917
2025-12-10 14:00:00,1.6938190457693738,2.0766219579449867,6.212174921922084
2025-12-10 15:00:00,1.7526005786991334,2.017723131509221,5.8610969530060055
2025-12-10 16:00:00,2.616093645683538,1.0923077826713168,6.138787548399089
2025-12-10 17:00:00,3.1309436216138904,0.6475588137000127,12.200281902761303
2025-12-10 18:00:00,3.636679878857104,3.440310637178958e-16,12.041977566299076
2025-12-10 19:00:00,3.9749806859494763,0.0,11.78959766371669
2025-12-10 20:00:00,3.6580428573742747,0.0,12.288406784750189
2025-12-10 21:00:00,3.29970146760012,0.0,12.251289393147358
2025-12-10 22:00:00,2.389362589511583,0.0,5.170304012014808
2025-12-10 23:00:00,1.9458381504325044,0.0,4.749880436966608
2025-12-11 00:00:00,1.5861125377721563,0.0,4.60069025194871
2025-12-11 01:00:00,1.389475512996302,0.0,5.022957173121732
2025-12-11 02:00:00,1.5337830873179688,0.0,5.278871337984337
2025-12-11 03:00:00,1.5686387937433413,0.0,5.312111864288569
2025-12-11 04:00:00,1.3828452875465762,0.0,5.175314550229983
2025-12-11 05:00:00,1.8932961122107304,0.0,4.864863746565963
2025-12-11 06:00:00,2.2840743438157167,0.0,7.758737780001746
2025-12-11 07:00:00,2.7977109086046537,0.7198169362380811,7.994939951000985
2025-12-11 08:00:00,3.0053480802208026,1.2874484252547138,7.997784802612492
2025-12-11 09:00:00,2.8171285277381415,1.5351261976199282,8.332188587959605
2025-12-11 10:00:00,2.491848644426213,2.382173644880229,5.856085681103663
2025-12-11 11:00:00,1.6805054957980965,2.4884126126938084,5.881005217012702
2025-12-11 12:00:00,1.5754348590251215,2.3877753396672796,6.61649733008183
2025-12-11 13:00:00,1.6732553498993623,2.0447719010088936,6.4653666709160635
2025-12-11 14:00:00,1.732306857612144,2.006281717127091,5.735165867650773
2025-12-11 15:00:00,1.9920346250774603,1.8774421904979517,6.440625569684109
2025-12-11 16:00:00,2.8327887545540693,1.1046915444465697,5.663435476029326
2025-12-11 17:00:00,3.1950748285551924,0.698818875386808,11.869782385257121
2025-12-11 18:00:00,3.9067391302769403,3.4883020255278776e-16,11.903926950654046
2025-12-11 19:00:00,3.953939197035531,0.0,11.976722513175607
2025-12-11 20:00:00,3.5881614360992247,0.0,12.185926901159288
2025-12-11 21:00:00,3.05580335669255,0.0,12.031941995485777
2025-12-11 22:00:00,2.526492628630152,0.0,5.184418206315611
2025-12-11 23:00:00,1.983557466739542,0.0,4.8794477412319255
2025-12-12 00:00:00,1.5605412748642946,0.0,5.112266787182074
2025-12-12 01:00:00,1.4684388455414141,0.0,5.02369005154347
2025-12-12 02:00:00,1.4486562745757487,0.0,4.58350097766927
2025-12-12 03:00:00,1.500494871690218,0.0,5.14490306260732
2025-12-12 04:00:00,1.7246284282244513,0.0,5.028816610545886
2025-12-12 05:00:00,1.9815007531196516,0.0,4.785827125641098
2025-12-12 06:00:00,2.1400024061065035,0.0,7.872547361471173
2025-12-12 07:00:00,2.8925673487019714,0.6211945269869313,7.879903776567729
2025-12-12 08:00:00,2.9023954385837833,1.2076971055956172,7.926524457672551
2025-12-12 09:00:00,2.848591294571787,1.9209805368000124,8.527687436189622
2025-12-12 10:00:00,2.262452299205416,2.3093413543587,6.627076331694718
2025-12-12 11:00:00,2.0922998899967107,2.3121583155955836,5.182188394996567
2025-12-12 12:00:00,1.5640465150030127,2.213259092878626,6.146452319047162
2025-12-12 13:00:00,1.6000543316891545,2.538625758069239,6.286485410552757
2025-12-12 14:00:00,1.7511569510868716,2.4020495722185653,5.93517696659626
2025-12-12 15:00:00,1.7920299645577153,1.8458802822263307,6.278427025434541
2025-12-12 16:00:00,2.4088236138890267,1.0547577466053868,6.496250306613824
2025-12-12 17:00:00,3.0629667672442156,0.6110864425209169,11.588447402944775
2025-12-12 18:00:00,3.6600264383277903,3.440053779118589e-16,12.040128565867498
2025-12-12 19:00:00,3.9340415556409214,0.0,12.587024153133918
2025-12-12 20:00:00,3.903900481904336,0.0,11.628670409700531
2025-12-12 21:00:00,3.013168360863545,0.0,11.965430297663536
2025-12-12 22:00:00,2.5046597853293826,0.0,4.865480817171772
2025-12-12 23:00:00,1.9697225388198372,0.0,5.315567822023901
2025-12-13 00:00:00,1.2905065519081862,0.0,5.357373784158887
2025-12-13 01:00:00,1.5784659193249495,0.0,5.048698207443065
2025-12-13 02:00:00,1.292699685934041,0.0,5.0096627890730545
2025-12-13 03:00:00,1.6216872325589837,0.0,4.484255646343607
2025-12-13 04:00:00,1.539878364230042,0.0,5.426900756343381
2025-12-13 05:00:00,1.8566467268825566,0.0,4.894050105392932
2025-12-13 06:00:00,2.096796661113237,0.0,7.957302482463095
2025-12-13 07:00:00,2.7965733133279764,0.7622272455153831,8.29147994078587
2025-12-13 08:00:00,3.139046185892811,1.4923226270974839,8.059279902644686
2025-12-13 09:00:00,2.657208232592236,1.4918603560952572,8.301152585123448
2025-12-13 10:00:00,2.2001720976531876,2.526329426486836,6.1810230407896425
2025-12-13 11:00:00,1.9256247611459865,2.1845727618713204,6.0611361182507215
2025-12-13 12:00:00,1.6987004578972256,2.6110786502400822,6.09313281854107
2025-12-13 13:00:00,1.2081356607936609,2.6238591498862376,5.663168176027077
2025-12-13 14:00:00,1.9624789320203733,2.1032287769851425,5.955305961150192
2025-12-13 15:00:00,2.0024068146083973,1.8256645748083096,6.3252141149791035
2025-12-13 16:00:00,2.524289971571013,1.3353888291611602,5.730407984282403
2025-12-13 17:00:00,3.081423432938384,0.5900158467647278,11.785417176390563
2025-12-13 18:00:00,3.45879543455585,3.675853897802932e-16,11.736112713786278
2025-12-13 19:00:00,4.101208315050943,0.0,12.046014179071816
2025-12-13 20:00:00,3.6523200879491844,0.0,12.42075865583132
2025-12-13 21:00:00,3.184540725205096,0.0,12.16414799831342
2025-12-13 22:00:00,2.386878442389232,0.0,4.346911226042085
2025-12-13 23:00:00,1.9582391953826221,0.0,5.194587500042266
2025-12-14 00:00:00,1.3838041120630757,0.0,4.867372983624
2025-12-14 01:00:00,1.630248844962823,0.0,5.152814705742814
2025-12-14 02:00:00,1.3264698114790443,0.0,4.955149947399496
2025-12-14 03:00:00,1.8643088721350882,0.0,4.7418630331283795
2025-12-14 04:00:00,1.9516494059477212,0.0,4.978558522507313
2025-12-14 05:00:00,2.100296576714065,0.0,4.867558969887536
2025-12-14 06:00:00,2.4822605014233643,0.0,8.092314484466618
2025-12-14 07:00:00,2.765533711052208,0.7570357063677225,7.734198485906353
2025-12-14 08:00:00,3.1749856290592993,1.194665712133103,7.662569043658596
2025-12-14 09:00:00,2.7638265720542097,2.0990001171407053,8.219624554243042
2025-12-14 10:00:00,2.0582195292379932,2.496869981797965,6.3326518504099285
2025-12-14 11:00:00,2.0829118197154664,2.8394932848721472,6.174017337874945
2025-12-14 12:00:00,1.7960813787885603,2.7401612573573066,5.8053681495981255
2025-12-14 13:00:00,1.5685616894066217,2.2043992976016153,5.777979019495057
2025-12-14 14:00:00,1.4763903388532849,1.9740338673555906,5.7952532300466775
2025-12-14 15:00:00,1.8351936905893016,2.0665527730597373,6.267118478925129
2025-12-14 16:00:00,2.146580334469942,1.2802558725528825,5.752485342557546
2025-12-14 17:00:00,3.2447166278303827,0.7521681136650813,12.265212152888829
2025-12-14 18:00:00,3.4966021158090594,3.371424998768333e-16,12.191070947237241
2025-12-14 19:00:00,4.043024636385409,0.0,12.371318094460126
2025-12-14 20:00:00,3.610544290016864,0.0,12.318945923696425
2025-12-14 21:00:00,2.888945454327674,0.0,12.162796674684374
2025-12-14 22:00:00,2.4554518669204275,0.0,4.559395644989965
2025-12-14 23:00:00,1.8724633807183608,0.0,5.183038512757072
2025-12-15 00:00:00,1.6257819350882676,0.0,5.034642017609707
2025-12-15 01:00:00,1.3104497132516773,0.0,4.888023878367921
2025-12-15 02:00:00,1.3911294705766217,0.0,5.4086672743203525
2025-12-15 03:00:00,1.169327127060576,0.0,4.954599299147082
2025-12-15 04:00:00,1.2883051083504808,0.0,4.841165324915077
2025-12-15 05:00:00,2.1251205003908655,0.0,5.33721685037809
2025-12-15 06:00:00,2.603478390172138,0.0,7.878472192916659
2025-12-15 07:00:00,2.792124895570847,0.5737842596266137,7.826152033813192
2025-12-15 08:00:00,2.876429308311241,1.2205323099202152,7.661853769329854
2025-12-15 09:00:00,2.733485707972113,1.6920702295945491,7.753947193576297
2025-12-15 10:00:00,2.422283290947744,1.9920920193116347,5.779683197825201
2025-12-15 11:00:00,1.7802732546375561,2.7618685441026183,6.186314256694636
2025-12-15 12:00:00,1.662402789406438,2.1265592284498687,5.694278308394407
2025-12-15 13:00:00,1.5713491479827495,2.752482788531014,5.442648337229452
2025-12-15 14:00:00,1.5748460769405288,2.5398574390319015,6.090968940168446
2025-12-15 15:00:00,1.844194880177367,1.8880247939633803,5.809814612350713
2025-12-15 16:00:00,2.4637503029558947,1.332890467318497,5.995119924637131
2025-12-15 17:00:00,2.9564212794795703,0.5788757310428084,12.38472479272987
2025-12-15 18:00:00,3.804857862682214,3.2017097027847565e-16,12.0214634238476
2025-12-15 19:00:00,3.92926316191603,0.0,12.452886334626852
2025-12-15 20:00:00,3.756203387881052,0.0,11.979555938690398
2025-12-15 21:00:00,3.310545356002879,0.0,12.302086944406954
2025-12-15 22:00:00,2.3944697961445987,0.0,4.835771830373856
2025-12-15 23:00:00,2.0605039395439646,0.0,5.032307195115671
2025-12-16 00:00:00,1.2312486408918883,0.0,4.720109599213863
2025-12-16 01:00:00,1.430036051514894,0.0,4.7557402678245815
2025-12-16 02:00:00,1.5088799605591061,0.0,4.932600071113253
2025-12-16 03:00:00,1.8159730602151787,0.0,4.601439783630914
2025-12-16 04:00:00,1.3219642982106858,0.0,5.04780799152166
2025-12-16 05:00:00,1.8409601596101721,0.0,4.9091720053416354
2025-12-16 06:00:00,2.509441981194627,0.0,8.070373979335084
2025-12-16 07:00:00,2.660462903997223,0.574450060482483,7.606042704642347
2025-12-16 08:00:00,2.9680778016333673,1.3270844429185624,8.210519693195327
2025-12-16 09:00:00,2.82801389455396,2.1221081364805134,8.509284099641418
2025-12-16 10:00:00,2.3189234436332065,2.276091134262792,6.445959929776779
2025-12-16 11:00:00,2.0922971789290252,2.4888644111799203,6.571171958860467
2025-12-16 12:00:00,1.6940287808611694,2.662216852018747,6.012729298374942
2025-12-16 13:00:00,1.7724284898820697,2.7951106258132983,5.89430164399902
2025-12-16 14:00:00,1.6061667238564707,2.557761435794183,6.146275061961011
2025-12-16 15:00:00,1.8120449803886032,1.5120868929067715,5.928534069251221
2025-12-16 16:00:00,2.3858936932501233,1.1430402503761914,5.477868855267507
2025-12-16 17:00:00,2.929089035932546,0.5708818214464968,12.245789854116794
2025-12-16 18:00:00,3.809625215270201,3.4254093527647876e-16,11.929679436127307
2025-12-16 19:00:00,3.9421182889501205,0.0,11.559794167276545
2025-12-16 20:00:00,3.636329957187196,0.0,11.847515320423321
2025-12-16 21:00:00,3.1777497325207453,0.0,11.936501954249891
2025-12-16 22:00:00,2.2481412362324984,0.0,5.0035497554711705
2025-12-16 23:00:00,2.0381086205935346,0.0,5.007153499183257
2025-12-17 00:00:00,1.4283029610007585,0.0,5.410705923528357
2025-12-17 01:00:00,1.6744549701751108,0.0,4.6134378532602796
2025-12-17 02:00:00,1.4458160306632601,0.0,4.9543567481299675
2025-12-17 03:00:00,1.6222599083178983,0.0,4.736310847226879
2025-12-17 04:00:00,1.6428914667656052,0.0,5.376850475373006
2025-12-17 05:00:00,1.9669769199512617,0.0,4.831563768078312
2025-12-17 06:00:00,2.3074306873793318,0.0,7.896851048745681
2025-12-17 07:00:00,2.5287063529357674,0.7287260340026915,8.314908609608413
2025-12-17 08:00:00,3.1513226540835375,1.3820385636126822,8.397432446733161
2025-12-17 09:00:00,2.765100608426943,1.795979091081854,8.441787061364135
2025-12-17 10:00:00,2.409674572178011,2.521243274856918,5.5070660713024795
2025-12-17 11:00:00,1.9609685791411915,2.452128042374704,6.144874230806413
2025-12-17 12:00:00,1.5107632371984834,2.9383540612744854,6.081035083401509
2025-12-17 13:00:00,1.4360432447786424,2.7274693836194928,5.984632156335985
2025-12-17 14:00:00,1.758471242670308,1.9364924818847005,6.019970433329707
2025-12-17 15:00:00,1.8776364376645707,1.515395556190633,6.38573218168751
2025-12-17 16:00:00,2.560216564123043,1.383901653996928,6.311576768113385
2025-12-17 17:00:00,3.0762243585082327,0.7035400314978414,12.2690739679968
2025-12-17 18:00:00,3.8906099274559294,3.2365780536228774e-16,12.062074259544737
2025-12-17 19:00:00,4.063495678494773,0.0,12.681177233524918
2025-12-17 20:00:00,3.7802945412409397,0.0,11.879813146803606
2025-12-17 21:00:00,3.046849291266554,0.0,11.515211574922674
2025-12-17 22:00:00,2.454562745037869,0.0,4.9204267955439205
2025-12-17 23:00:00,2.101461195758072,0.0,5.0173213234567005
2025-12-18 00:00:00,1.4919212504749646,0.0,5.390955229315357
2025-12-18 01:00:00,1.5802666701135615,0.0,4.846706580945159
2025-12-18 02:00:00,1.5116806788351511,0.0,5.147369022208722
2025-12-18 03:00:00,1.546164064746023,0.0,4.5568267176862784
2025-12-18 04:00:00,1.874468724240414,0.0,5.324425370879209
2025-12-18 05:00:00,2.0356511435500213,0.0,5.020495824336773
2025-12-18 06:00:00,2.302849225836545,0.0,7.915833178547739
2025-12-18 07:00:00,2.810384077977659,0.7214871466783372,8.639495727226988
2025-12-18 08:00:00,2.8947230476645727,1.2711631272505353,8.320972123883031
2025-12-18 09:00:00,2.752307314855886,1.6412256163586325,7.688047436437143
2025-12-18 10:00:00,2.3376568287070816,2.0435144129323217,5.967182467603193
2025-12-18 11:00:00,1.9850236460462323,2.5611024641568365,6.820895862001295
2025-12-18 12:00:00,1.7391408438868226,2.3220247288211864,6.593645035962369
2025-12-18 13:00:00,1.4068736971692604,2.3116362985609484,6.276888939085259
2025-12-18 14:00:00,1.806715387054752,2.5445548830263465,5.445885558913837
2025-12-18 15:00:00,1.9098077401695148,1.9493609062071435,6.399645081594017
2025-12-18 16:00:00,2.271703468851438,1.38144221978385,5.809444451169518
2025-12-18 17:00:00,3.303412210552475,0.7663089703399271,12.397055380254004
2025-12-18 18:00:00,3.9565903103493794,2.5785342611946966e-16,11.783199454333523
2025-12-18 19:00:00,4.039562053214507,0.0,12.14664886386891
2025-12-18 20:00:00,3.8434173324696026,0.0,11.807915212074702
2025-12-18 21:00:00,3.2180683523892597,0.0,11.891015907435165
2025-12-18 22:00:00,2.6290644258504794,0.0,5.186658990832386
2025-12-18 23:00:00,2.0317435673299244,0.0,4.604330472998645
2025-12-19 00:00:00,1.3009003276586772,0.0,5.711725410223871
2025-12-19 01:00:00,1.8020616659066524,0.0,4.691833559836388
2025-12-19 02:00:00,1.6645752008197015,0.0,4.675054932183284
2025-12-19 03:00:00,1.451044827543295,0.0,5.187540130378587
2025-12-19 04:00:00,1.461513349846058,0.0,5.387582340986771
2025-12-19 05:00:00,1.9311136534547013,0.0,4.902889170025325
2025-12-19 06:00:00,2.2491996478020506,0.0,7.678559234773669
2025-12-19 07:00:00,2.827715267887098,0.7599874148519319,7.723286327393667
2025-12-19 08:00:00,3.1115146493889574,1.266930122016006,7.690994128700304
2025-12-19 09:00:00,2.6932867635961095,1.498101297783038,8.092453889059604
2025-12-19 10:00:00,2.1238309616721387,2.271460711362817,5.979004163975046
2025-12-19 11:00:00,1.9153043777916596,2.303156538866258,6.127749782671595
2025-12-19 12:00:00,1.5467495310586385,2.26429992067005,6.109460828282225
2025-12-19 13:00:00,1.5951769234147966,2.1753808273799766,6.2472936864981
2025-12-19 14:00:00,1.4586690119086176,1.9584235409056876,5.877016794039175
2025-12-19 15:00:00,1.885296383404952,1.695517264916946,5.778538578337673
2025-12-19 16:00:00,2.526994955859068,1.1763117746224874,6.046888220510267
2025-12-19 17:00:00,3.193844376084706,0.7383749153237305,11.983502997180036
2025-12-19 18:00:00,3.618844765207696,3.117771902783112e-16,12.075885604307867
2025-12-19 19:00:00,3.8247603504657,0.0,11.786486117692132
2025-12-19 20:00:00,3.739462845646586,0.0,12.19266518683574
2025-12-19 21:00:00,3.1871058906305065,0.0,11.646488016341765
2025-12-19 22:00:00,2.480474873957524,0.0,4.86788460218142
2025-12-19 23:00:00,1.845709311860969,0.0,5.338712399979904
2025-12-20 00:00:00,1.544727235647453,0.0,4.660605512293154
2025-12-20 01:00:00,1.7259438242523824,0.0,5.315072913697793
2025-12-20 02:00:00,1.5354983704940492,0.0,4.577270188066516
2025-12-20 03:00:00,1.2825012679614167,0.0,4.524432237710251
2025-12-20 04:00:00,1.6464371614147657,0.0,4.551841321992173
2025-12-20 05:00:00,2.16198518457598,0.0,5.035041850173661
2025-12-20 06:00:00,2.097830031589848,0.0,8.218878725132878
2025-12-20 07:00:00,2.782674664061607,0.6247321064046336,8.387778231166722
2025-12-20 08:00:00,2.9660533082423974,1.1976461051323866,8.363861227141035
2025-12-20 09:00:00,2.7926354906868887,1.495678130572631,8.258809575476677
2025-12-20 10:00:00,2.320384983547855,2.5578004056484906,5.750464964442654
2025-12-20 11:00:00,2.0284274055203015,2.081127250078645,5.7478489398120285
2025-12-20 12:00:00,1.6394752023103063,2.343791601167028,6.236337696455861
2025-12-20 13:00:00,1.764851489136744,2.8294736824792226,6.42639253199232
2025-12-20 14:00:00,1.642519628634985,2.3918079268004684,5.6906577360269
2025-12-20 15:00:00,1.8706032759799527,1.8528558781988287,6.388199801816732
2025-12-20 16:00:00,2.3193747247472776,1.3473704199269259,5.423898759513222
2025-12-20 17:00:00,2.8303914455696635,0.5661306333841859,12.116977528180596
2025-12-20 18:00:00,3.7784656726275623,3.4630456106901657e-16,11.968857819667235
2025-12-20 19:00:00,4.308100049134184,0.0,11.938743076548906
2025-12-20 20:00:00,3.8058336137766964,0.0,12.009381339209908
2025-12-20 21:00:00,3.205963074201847,0.0,11.743880943827572
2025-12-20 22:00:00,2.3577439041764734,0.0,5.133823430466619
2025-12-20 23:00:00,1.885883279824115,0.0,5.018200544237826
2025-12-21 00:00:00,1.647749792524452,0.0,5.280593444700992
2025-12-21 01:00:00,1.8018945496044563,0.0,5.477117118998637
2025-12-21 02:00:00,1.727918857767218,0.0,5.03807507381244
2025-12-21 03:00:00,1.648260152793413,0.0,4.754384490188462
2025-12-21 04:00:00,1.6212296976082456,0.0,4.658630261803784
2025-12-21 05:00:00,1.8868494760341872,0.0,5.5094755454479465
2025-12-21 06:00:00,2.1779125556429495,0.0,8.471111897190356
2025-12-21 07:00:00,2.5609908365918552,0.6877301786208955,8.266211483144943
2025-12-21 08:00:00,2.8309838695332266,1.2619475809160083,8.017956170637973
2025-12-21 09:00:00,2.78572305197392,1.9021398552028275,8.24454966808954
2025-12-21 10:00:00,2.2474483213607876,2.398399279281935,6.3913396143178955
2025-12-21 11:00:00,1.6370153519029103,2.566762147620341,5.814612906864157
2025-12-21 12:00:00,1.6211592024927242,2.604196097308352,6.008938590673589
2025-12-21 13:00:00,1.5254980068850452,2.5560028288727406,5.668129338922767
2025-12-21 14:00:00,1.4842406491603453,2.132111496225143,5.961281512311787
2025-12-21 15:00:00,1.8675969404831372,1.5301457139900791,6.463282063950736
2025-12-21 16:00:00,2.371609222095617,1.1219508404180791,6.323564336527323
2025-12-21 17:00:00,3.0104589289490162,0.6848967463556833,12.040502040422986
2025-12-21 18:00:00,3.8760989855550774,3.593950073227838e-16,11.192030065001608
2025-12-21 19:00:00,3.714564771549411,0.0,11.803262209368821
2025-12-21 20:00:00,3.4392284435771714,0.0,12.030721789459832
2025-12-21 21:00:00,3.1034438387449588,0.0,11.935225974095454
2025-12-21 22:00:00,2.4341176813374874,0.0,5.009831774386493
2025-12-21 23:00:00,1.9831655589180115,0.0,5.072776976372921
2025-12-22 00:00:00,1.4192075430325983,0.0,4.839895772272101
2025-12-22 01:00:00,1.3629019327971335,0.0,4.99774071505664
2025-12-22 02:00:00,1.503629247493453,0.0,4.955166983849947
2025-12-22 03:00:00,1.4612367380320104,0.0,4.789039199704635
2025-12-22 04:00:00,1.8486178213980233,0.0,5.553901298606002
2025-12-22 05:00:00,1.80675755140531,0.0,4.857062433220671
2025-12-22 06:00:00,2.282960880799626,0.0,7.323737236186493
2025-12-22 07:00:00,3.1495286857269456,0.7260631098125795,8.534979758025797
2025-12-22 08:00:00,2.9707895891876146,1.0986697759913984,7.746117204647768
2025-12-22 09:00:00,2.861676576575493,1.6401350542318487,8.269972504743212
2025-12-22 10:00:00,2.388193575582742,2.1740057804308255,5.795734071297853
2025-12-22 11:00:00,1.9671418541685952,2.866249083192153,6.170783440677851
2025-12-22 12:00:00,1.6701807991618725,2.1992555339377877,5.985555792001438
2025-12-22 13:00:00,1.6023386747165134,2.5228320375857005,6.300099251194103
2025-12-22 14:00:00,1.6752181209285248,2.0851817960599157,5.935888728508607
2025-12-22 15:00:00,1.8367247067410817,1.896726771300299,5.803404027728494
2025-12-22 16:00:00,2.4685799926289587,1.342253501639429,6.0771059555688645
2025-12-22 17:00:00,3.4072513755513754,0.5997125760999327,11.885252480559894
2025-12-22 18:00:00,3.91870074718322,3.4387228013086176e-16,11.42124814398035
2025-12-22 19:00:00,4.045587709197103,0.0,11.819549781106945
2025-12-22 20:00:00,3.865472761899716,0.0,12.860630692807634
2025-12-22 21:00:00,2.9725745847679974,0.0,11.453588132237863
2025-12-22 22:00:00,2.380621779798684,0.0,5.07231494690628
2025-12-22 23:00:00,2.064710765142774,0.0,4.9271311915200275
2025-12-23 00:00:00,1.7231286482931913,0.0,5.550925968554372
2025-12-23 01:00:00,1.3849605777466765,0.0,4.666688505732309
2025-12-23 02:00:00,1.4321884209842215,0.0,5.030391030884065
2025-12-23 03:00:00,1.8546798274159901,0.0,5.2058593051580395
2025-12-23 04:00:00,1.630396298165015,0.0,4.94621159910656
2025-12-23 05:00:00,2.1288959347991456,0.0,4.769734083671108
2025-12-23 06:00:00,2.3219672511485565,0.0,7.993341149925899
2025-12-23 07:00:00,2.8151430071360695,0.6601605591413048,7.907151126841301
2025-12-23 08:00:00,2.954179990048233,1.3304030555524677,7.906309249816932
2025-12-23 09:00:00,2.9196363180221634,1.7621720771123162,8.27921370396635
2025-12-23 10:00:00,2.4949137931203893,2.4957737069725177,6.120884874981886
2025-12-23 11:00:00,1.702181273089733,2.3803085250663405,6.16553006319429
2025-12-23 12:00:00,1.573890126517119,2.949834805289547,6.099088854849876
2025-12-23 13:00:00,1.7105243342110699,2.79225108477009,6.287964119874618
2025-12-23 14:00:00,1.6407356817853083,2.147978436535973,6.3912779101721915
2025-12-23 15:00:00,1.8491159717961663,1.7186143269226926,5.913986029441089
2025-12-23 16:00:00,2.5711834952834787,1.3551890067832164,6.24584067176224
2025-12-23 17:00:00,3.268472480644563,0.7198342057926944,11.611143511327969
2025-12-23 18:00:00,3.6696521472378656,2.7780596613042117e-16,11.324083209709586
2025-12-23 19:00:00,4.0318549850615995,0.0,12.547921510183617
2025-12-23 20:00:00,3.5558270727981824,0.0,11.899992467929954
2025-12-23 21:00:00,2.96862883450579,0.0,12.075741851988905
2025-12-23 22:00:00,2.4383233877486488,0.0,4.632435261231098
2025-12-23 23:00:00,1.927244306652142,0.0,4.618596885920574
2025-12-24 00:00:00,1.3550221555148674,0.0,4.786116832530377
2025-12-24 01:00:00,1.393194414852147,0.0,5.192869318946526
2025-12-24 02:00:00,1.3449700119043613,0.0,4.845037159816258
2025-12-24 03:00:00,1.5957324368711914,0.0,4.899262865029587
2025-12-24 04:00:00,1.3208112311958842,0.0,4.7766466763799444
2025-12-24 05:00:00,1.7036550544600593,0.0,5.3497364267931
2025-12-24 06:00:00,2.0114974213823396,0.0,8.26055900272522
2025-12-24 07:00:00,2.841069055365951,0.5758099899314745,7.8547555256714165
2025-12-24 08:00:00,2.7295935906890127,1.138056954769559,8.20523487961711
2025-12-24 09:00:00,2.78301242657596,1.9833581390837494,7.926428899376295
2025-12-24 10:00:00,2.537175762936903,2.2431407403431347,5.898735226387182
2025-12-24 11:00:00,2.1084467048014983,2.1698063579081177,5.985086767590405
2025-12-24 12:00:00,1.3558715739733613,2.4517737124456724,6.192970189462615
2025-12-24 13:00:00,1.6180239957995803,2.147277479540852,5.7323401455318015
2025-12-24 14:00:00,1.5118222829958892,2.1032159428956763,6.150718385265198
2025-12-24 15:00:00,1.744153386719609,1.7411606798239583,6.749346291940067
2025-12-24 16:00:00,2.4027316790445576,1.1014309293984668,6.054936354106562
2025-12-24 17:00:00,3.287198173477655,0.5579544931211433,12.010715427582946
2025-12-24 18:00:00,3.82704729197174,3.546603720701375e-16,11.974749698821846
2025-12-24 19:00:00,3.8927288665909754,0.0,12.143463498500678
2025-12-24 20:00:00,3.8428533917953174,0.0,11.51687884052815
2025-12-24 21:00:00,2.766394721295343,0.0,12.510325291865456
2025-12-24 22:00:00,2.3067567331636556,0.0,5.294356086291206
2025-12-24 23:00:00,1.798949556809978,0.0,4.806645238550896
2025-12-25 00:00:00,1.511801673035302,0.0,5.009464169036209
2025-12-25 01:00:00,1.4701663090119832,0.0,4.832795540050469
2025-12-25 02:00:00,1.4835060033547123,0.0,5.089770507167604
2025-12-25 03:00:00,1.501265528818289,0.0,5.018405259046508
2025-12-25 04:00:00,1.6193181968480324,0.0,5.068590066795476
2025-12-25 05:00:00,1.9364112839378222,0.0,4.691503534843489
2025-12-25 06:00:00,2.313338307472545,0.0,7.855536948198322
2025-12-25 07:00:00,2.73556319229657,0.7010585181767748,8.343817373870053
2025-12-25 08:00:00,3.0602658651679353,1.263255218234041,7.8398625923007295
2025-12-25 09:00:00,2.902171578343544,1.6001228923704298,7.206951639545257
2025-12-25 10:00:00,2.2078432769663947,2.2802966799710744,5.9548108844454015
2025-12-25 11:00:00,1.8485211980099616,2.723549068130649,6.723447333138569
2025-12-25 12:00:00,1.8010436938071726,2.633497086058873,6.254663298834484
2025-12-25 13:00:00,1.4078484539648335,2.4922822403238523,5.824756258216863
2025-12-25 14:00:00,1.9308733068913488,2.482756523632469,5.9848194668686245
2025-12-25 15:00:00,1.7222505458652113,1.4937982305042277,6.203957810997889
2025-12-25 16:00:00,2.367947480522358,1.3293423262908821,5.473124466626958
2025-12-25 17:00:00,2.960426000406285,0.6398217096241366,11.743182301520806
2025-12-25 18:00:00,4.065287510369092,2.7888920987528536e-16,12.119504062598924
2025-12-25 19:00:00,3.924497501536335,0.0,12.478345972143268
2025-12-25 20:00:00,3.6619721187045373,0.0,11.868203045497774
2025-12-25 21:00:00,3.047338660086607,0.0,12.47010521177927
2025-12-25 22:00:00,2.4340390241127343,0.0,4.773702921399919
2025-12-25 23:00:00,1.8732670216794889,0.0,3.984346201474792
2025-12-26 00:00:00,1.4801205485811026,0.0,5.223143252074976
2025-12-26 01:00:00,0.9712090106074226,0.0,5.162119682903228
2025-12-26 02:00:00,1.5133006427979692,0.0,5.220855285040375
2025-12-26 03:00:00,1.5301444515572065,0.0,5.209131461622
2025-12-26 04:00:00,1.7717424303115283,0.0,5.0575250163284275
2025-12-26 05:00:00,2.051750781135999,0.0,4.922355445051016
2025-12-26 06:00:00,2.262782444348418,0.0,7.9337934868009325
2025-12-26 07:00:00,2.9006503270383472,0.674572687569904,7.861879579498712
2025-12-26 08:00:00,2.834768306130497,1.4626176172939953,7.879882770917915
2025-12-26 09:00:00,2.8933543982000445,1.7053396949844684,7.456689572822273
2025-12-26 10:00:00,2.2053757907046028,1.8618339351569353,5.635707615920191
2025-12-26 11:00:00,1.6797269873913547,2.8556374655484826,5.950973610562223
2025-12-26 12:00:00,1.598919407619577,2.231912703214969,5.3277399057967
2025-12-26 13:00:00,1.7833334226346038,2.446128243223003,5.397648053094194
2025-12-26 14:00:00,1.6873188079625845,2.2475105935605826,5.899715347961481
2025-12-26 15:00:00,2.147597014227905,1.6389585719174387,5.961500725108496
2025-12-26 16:00:00,2.307442265130698,1.1320157241412696,5.905993394990654
2025-12-26 17:00:00,3.260132165619885,0.5709725973642974,11.286027800594075
2025-12-26 18:00:00,3.6392744552531444,2.6539670613002667e-16,12.465718566982178
2025-12-26 19:00:00,4.033799306586788,0.0,11.569130799636598
2025-12-26 20:00:00,3.769600716482729,0.0,11.754551678857451
2025-12-26 21:00:00,3.202174731166221,0.0,11.621469604560144
2025-12-26 22:00:00,2.457309695915341,0.0,5.389709258914853
2025-12-26 23:00:00,1.811655607841893,0.0,5.126426036612148
2025-12-27 00:00:00,1.632099612088347,0.0,4.858027063655441
2025-12-27 01:00:00,1.7603389927097923,0.0,4.836903231219579
2025-12-27 02:00:00,1.4171561540592774,0.0,5.053877970223335
2025-12-27 03:00:00,1.252188646867455,0.0,4.626033709632739
2025-12-27 04:00:00,1.6908550459527376,0.0,5.114221820643878
2025-12-27 05:00:00,1.8057145797862664,0.0,4.835406548779499
2025-12-27 06:00:00,2.271273225163893,0.0,8.15589175458402
2025-12-27 07:00:00,2.861642628146906,0.6020403174058505,8.145716753445996
2025-12-27 08:00:00,2.931544758723378,1.4767469201004382,7.821916514492151
2025-12-27 09:00:00,2.737925251094078,1.6191325058777664,7.38418654424335
2025-12-27 10:00:00,2.2762292330343015,1.8786124456562385,5.925952428467142
2025-12-27 11:00:00,2.0778946983086155,2.2016588631753464,5.565158085183254
2025-12-27 12:00:00,1.631268149967222,2.8407709584006398,6.023590405768011
2025-12-27 13:00:00,1.387911518432693,2.6242524388461694,5.923028439936004
2025-12-27 14:00:00,1.4807862052817902,2.582020511523912,5.823601536036036
2025-12-27 15:00:00,1.9440082803250878,1.9416765418605357,5.6113313158471625
2025-12-27 16:00:00,2.250337972099422,1.2388876999052691,6.3560367537096685
2025-12-27 17:00:00,2.868608976899062,0.7533483921009917,11.863895311521542
2025-12-27 18:00:00,3.832428859478788,3.637195796905092e-16,12.706005259134553
2025-12-27 19:00:00,4.102674766293704,0.0,12.010478882836953
2025-12-27 20:00:00,3.681877812099739,0.0,12.105476808505442
2025-12-27 21:00:00,3.1469998647503514,0.0,12.01176365831411
2025-12-27 22:00:00,2.447916849557967,0.0,5.102471518955053
2025-12-27 23:00:00,2.0128961964105283,0.0,5.327806199918443
2025-12-28 00:00:00,1.5907660548654325,0.0,5.331267899223633
2025-12-28 01:00:00,1.1097222154318993,0.0,4.470017686353193
2025-12-28 02:00:00,1.4686518236253359,0.0,5.256649219884107
2025-12-28 03:00:00,1.6051590865609298,0.0,5.1491418255768995
2025-12-28 04:00:00,1.5543886220438172,0.0,5.010767659776157
2025-12-28 05:00:00,1.8608220347830629,0.0,5.513765277042715
2025-12-28 06:00:00,2.403543650808899,0.0,8.52583004550768
2025-12-28 07:00:00,2.7903547497750782,0.7671710083332531,8.27137888096674
2025-12-28 08:00:00,3.2261915357824478,1.2808155184734593,7.836939803681421
2025-12-28 09:00:00,2.9473009846377973,2.0567616595630103,7.64225506071232
2025-12-28 10:00:00,2.273462537629074,1.9520881989762686,6.226320039650041
2025-12-28 11:00:00,1.8277246820021462,2.1947072424249194,6.40786006756523
2025-12-28 12:00:00,1.19920909356998,2.5697033993719476,5.391402671536028
2025-12-28 13:00:00,1.524287226021358,2.325283104686695,6.32588841911996
2025-12-28 14:00:00,1.4571776435463784,2.1630031584763914,5.923540338794396
2025-12-28 15:00:00,1.956308223376241,1.9995815143989906,5.457299149675672
2025-12-28 16:00:00,2.442682778871069,1.0776376406398551,6.14081884656899
2025-12-28 17:00:00,3.207332863341703,0.7138187423095552,12.272815996042159
2025-12-28 18:00:00,3.946599031630915,2.677959733897484e-16,11.89459540275977
2025-12-28 19:00:00,3.9960595914126125,0.0,11.682793610519058
2025-12-28 20:00:00,4.079160738972297,0.0,12.513627278068281
2025-12-28 21:00:00,3.1378186878605807,0.0,11.79940890410583
2025-12-28 22:00:00,2.2231661438711465,0.0,5.34784169522551
2025-12-28 23:00:00,1.8382225072486476,0.0,4.546084902443793
2025-12-29 00:00:00,1.4441415642282893,0.0,5.124801514296126
2025-12-29 01:00:00,1.58940957623399,0.0,5.116252147297548
2025-12-29 02:00:00,1.3626391823633,0.0,5.262024801952672
2025-12-29 03:00:00,1.4827770759128003,0.0,5.447895017970223
2025-12-29 04:00:00,1.5918010685802564,0.0,4.755911086509379
2025-12-29 05:00:00,1.7881735177457572,0.0,5.156232431565533
2025-12-29 06:00:00,2.4126509608091453,0.0,7.59002978455745
2025-12-29 07:00:00,2.8744141730570574,0.5980129354929004,7.586625514858213
2025-12-29 08:00:00,3.1749886934628115,1.2082904404843033,7.82649962553176
2025-12-29 09:00:00,2.728599269628949,1.786858185603621,8.122798181781858
2025-12-29 10:00:00,2.4716262957219746,2.2284102245210744,6.503060346043519
2025-12-29 11:00:00,1.6528320447143061,2.617146175877515,6.557683676950172
2025-12-29 12:00:00,1.418500064201706,2.6407587729989186,5.8935326012773235
2025-12-29 13:00:00,1.391192302641255,2.4575074758997313,6.091660337577849
2025-12-29 14:00:00,1.6615497313477707,2.1346631187781933,6.2829016395871475
2025-12-29 15:00:00,2.103480509562811,1.661044517388288,6.2296148065426875
2025-12-29 16:00:00,2.329430860107124,1.3752490468091765,5.9491629769281555
2025-12-29 17:00:00,3.0314504891930207,0.6200816574358498,12.022831511386567
2025-12-29 18:00:00,3.704695767542286,3.5229450573726346e-16,11.966945723491353
2025-12-29 19:00:00,4.0859242243715554,0.0,11.937487816147259
2025-12-29 20:00:00,3.6654544966806313,0.0,11.897576871952175
2025-12-29 21:00:00,3.02293842739012,0.0,11.964102452996492
2025-12-29 22:00:00,2.217889313424988,0.0,4.878255775527542
2025-12-29 23:00:00,1.8367751218385975,0.0,4.659374701879598
2025-12-30 00:00:00,1.6766728322147624,0.0,5.2587740849143065
2025-12-30 01:00:00,1.5142294048327547,0.0,5.154877320173521
2025-12-30 02:00:00,1.3937484908605078,0.0,5.5629781229505895
2025-12-30 03:00:00,1.71289505424355,0.0,5.11085540608079
2025-12-30 04:00:00,1.5281750853906413,0.0,4.874911955388217
2025-12-30 05:00:00,2.0683849758164587,0.0,4.812069385991887
2025-12-30 06:00:00,2.5014797002422027,0.0,8.01420982020486
2025-12-30 07:00:00,2.7866177087434543,0.6117678620509678,8.16586254901268
2025-12-30 08:00:00,2.775221194091465,1.0580294874379426,7.926586818742947
2025-12-30 09:00:00,3.1216781390974924,1.5050580797046953,7.558922759438806
2025-12-30 10:00:00,2.349338569014471,2.594601662165157,5.7782969062325655
2025-12-30 11:00:00,1.8088485539027745,2.5281467541495806,6.005407504743566
2025-12-30 12:00:00,1.770176896566443,2.553268302761088,6.22208509794583
2025-12-30 13:00:00,1.678607973608139,2.8410120697651284,5.554252871486493
2025-12-30 14:00:00,1.8568087299359235,2.1035974397959603,6.079525035186501
2025-12-30 15:00:00,1.8237716237741632,2.0011610626560206,6.066335859077307
2025-12-30 16:00:00,2.4675231841192273,1.3819296226013342,5.8645270514118035
2025-12-30 17:00:00,2.9250739654009457,0.6580415750851232,11.823923334224668
2025-12-30 18:00:00,3.8370486201998713,3.4432722443359656e-16,11.779102877586615
2025-12-30 19:00:00,3.9965582004193294,0.0,12.0422418910096
2025-12-30 20:00:00,3.779249680506839,0.0,12.338045598824333
2025-12-30 21:00:00,3.0809985125015245,0.0,12.35933534684729
2025-12-30 22:00:00,2.3820502798403873,0.0,4.662805895834458
2025-12-30 23:00:00,1.7922986124129585,0.0,4.9439065457993285
2025-12-31 00:00:00,1.6186181014770975,0.0,4.341947059304615
2025-12-31 01:00:00,1.7240461090721988,0.0,5.0327552933063515
2025-12-31 02:00:00,1.4212264135611823,0.0,5.179294376039342
2025-12-31 03:00:00,1.610504534079874,0.0,5.471288355666196
2025-12-31 04:00:00,1.6807846543987057,0.0,4.464062783802652
2025-12-31 05:00:00,1.8566063105964175,0.0,4.673582023405813
2025-12-31 06:00:00,2.0619492935524804,0.0,8.043241040562688
2025-12-31 07:00:00,2.582976362120665,0.666645450801467,7.5144834900576125
2025-12-31 08:00:00,2.8828563305244823,1.3379251621425974,8.051663645255392
2025-12-31 09:00:00,2.4574023382598393,1.925862391306904,8.18690076352114
2025-12-31 10:00:00,2.5024517700606315,2.214103452074961,5.615613682814082
2025-12-31 11:00:00,1.91258709198782,2.5333759211113493,6.039775611014542
2025-12-31 12:00:00,1.6222635520903164,2.3153141482169817,5.6363367194954845
2025-12-31 13:00:00,1.2447271826647626,2.358060991553378,6.412627760681491
2025-12-31 14:00:00,1.3865873491998975,2.38054466894944,6.061993827738058
2025-12-31 15:00:00,1.922772583848104,1.5191440984386355,5.80798079130989
2025-12-31 16:00:00,2.715325667025665,1.3736926184122498,5.628557585910004
2025-12-31 17:00:00,2.998157870556724,0.6181083157766241,12.116744908059074
2025-12-31 18:00:00,3.866668163000552,2.889262895374332e-16,12.407380650630724
2025-12-31 19:00:00,3.9280146447121633,0.0,11.768548827239442
2025-12-31 20:00:00,3.745384181077147,0.0,11.868106600178427
2025-12-31 21:00:00,3.285153548411535,0.0,11.774357789787542
2025-12-31 22:00:00,2.36780585840366,0.0,5.466647771315644
2025-12-31 23:00:00,1.8190175523073455,0.0,4.427407859309726
